Number,Beam distance,Latitude,Longitude,Rangefinder,GNSS Altitude MSL
0,nan,55.93457840,37.38121330,0,
1,nan,55.93457890,37.38122840,0,
2,nan,55.93457970,37.38123480,0,
3,nan,55.93457990,37.38123820,0,
4,nan,55.93458020,37.38124020,0,
5,nan,55.93458050,37.38124120,0,
6,nan,55.93458040,37.38124220,0,
7,nan,55.93458000,37.38124330,0,
8,nan,55.93457960,37.38124410,0,
9,nan,55.93457910,37.38124450,0,
10,nan,55.93457870,37.38124500,0,
11,nan,55.93457850,37.38124530,0,
12,nan,55.93457840,37.38124560,0,
13,nan,55.93457830,37.38124560,0,
14,nan,55.93457830,37.38124580,0,
15,nan,55.93457840,37.38124590,0,
16,nan,55.93457860,37.38124610,0,
17,nan,55.93457880,37.38124620,0,
18,nan,55.93457910,37.38124650,0,
19,nan,55.93457930,37.38124680,0,
20,nan,55.93457950,37.38124710,0,
21,nan,55.93457970,37.38124750,0,
22,nan,55.93457980,37.38124780,0,
23,nan,55.93458000,37.38124810,0,
24,nan,55.93458000,37.38124840,0,
25,nan,55.93458010,37.38124860,0,
26,nan,55.93458020,37.38124870,0,
27,nan,55.93458020,37.38124890,0,
28,nan,55.93458030,37.38124900,0,
29,nan,55.93458040,37.38124910,0,
30,nan,55.93458040,37.38124930,0,
31,nan,55.93458050,37.38124940,0,
32,nan,55.93458060,37.38124950,0,
33,nan,55.93458060,37.38124960,0,
34,nan,55.93458070,37.38124970,0,
35,nan,55.93458070,37.38124980,0,183.663
36,nan,55.93458080,37.38125000,0,183.664
37,nan,55.93458060,37.38125060,0,183.666
38,nan,55.93457970,37.38125320,0,183.667
39,nan,55.93457890,37.38125560,0,183.668
40,nan,55.93457820,37.38125740,0,183.725
41,nan,55.93457770,37.38125870,0,183.733
42,nan,55.93457740,37.38125960,0,183.727
43,nan,55.93457720,37.38126020,0,183.721
44,nan,55.93457710,37.38126060,0,183.722
45,nan,55.93457700,37.38126080,0,183.720
46,nan,55.93457690,37.38126100,0,183.724
47,0.1144,55.93457690,37.38126110,0,183.723
48,0.1144,55.93457690,37.38126120,0,183.723
49,0.1144,55.93457690,37.38126130,0,183.724
50,0.1144,55.93457690,37.38126130,0,
51,0.1144,55.93457690,37.38126140,0,183.727
52,0.1144,55.93457690,37.38126140,0,183.722
53,0.1144,55.93457690,37.38126150,0,183.730
54,0.1144,55.93457690,37.38126150,0,183.727
55,0.1144,55.93457700,37.38126150,0,183.725
56,0.1144,55.93457700,37.38126150,0,183.730
57,0.1144,55.93457700,37.38126140,0,183.730
58,0.1144,55.93457700,37.38126140,0,183.724
59,0.1144,55.93457700,37.38126140,0,183.724
60,0.1144,55.93457700,37.38126140,0,183.725
61,0.1144,55.93457710,37.38126140,0,
62,0.1144,55.93457710,37.38126140,0,183.721
63,0.1144,55.93457710,37.38126140,0,
64,0.1144,55.93457710,37.38126140,0,183.722
65,0.1144,55.93457710,37.38126130,0,
66,0.1144,55.93457710,37.38126130,0,183.723
67,0.1144,55.93457710,37.38126130,0,
68,0.1144,55.93457710,37.38126130,0,183.724
69,0.1144,55.93457710,37.38126130,0,
70,0.1144,55.93457710,37.38126130,0,183.723
71,0.1144,55.93457710,37.38126120,0,
72,0.1144,55.93457710,37.38126120,0,183.724
73,0.1144,55.93457710,37.38126120,0,
74,0.1144,55.93457710,37.38126120,0,183.727
75,0.1144,55.93457710,37.38126120,0,
76,0.1144,55.93457710,37.38126120,0,183.720
77,0.1144,55.93457710,37.38126120,0,
78,0.1144,55.93457710,37.38126120,0,183.719
79,0.1144,55.93457710,37.38126120,0,
80,0.1144,55.93457710,37.38126120,0,183.721
81,0.1144,55.93457710,37.38126120,0,
82,0.1144,55.93457710,37.38126120,0,183.721
83,0.1144,55.93457710,37.38126120,0,
84,0.1144,55.93457710,37.38126120,0,183.724
85,0.1144,55.93457710,37.38126120,0,
86,0.1144,55.93457710,37.38126110,0,183.731
87,0.1144,55.93457710,37.38126110,0,
88,0.1144,55.93457710,37.38126110,0,183.725
89,0.1144,55.93457710,37.38126110,0,
90,0.1144,55.93457710,37.38126110,0,183.728
91,0.1144,55.93457710,37.38126110,0,
92,0.1144,55.93457710,37.38126110,0,183.729
93,0.1144,55.93457710,37.38126110,0,
94,0.1144,55.93457710,37.38126110,0,183.730
95,0.1144,55.93457710,37.38126110,0,
96,0.1144,55.93457710,37.38126110,0,183.721
97,0.1144,55.93457710,37.38126110,0,
98,0.1144,55.93457710,37.38126110,0,183.723
99,0.1144,55.93457710,37.38126110,0,
100,0.1144,55.93457710,37.38126110,0,183.732
101,0.1144,55.93457710,37.38126110,0,
102,0.1144,55.93457710,37.38126110,0,183.723
103,0.1144,55.93457710,37.38126110,0,
104,0.1144,55.93457710,37.38126110,0,183.720
105,0.1144,55.93457710,37.38126110,0,
106,0.1144,55.93457720,37.38126110,0,183.715
107,0.1144,55.93457720,37.38126110,0,
108,0.1144,55.93457720,37.38126110,0,183.716
109,0.1144,55.93457720,37.38126110,0,
110,0.1144,55.93457720,37.38126110,0,183.722
111,0.1144,55.93457720,37.38126110,0,
112,0.1144,55.93457730,37.38126110,0,183.716
113,0.1144,55.93457730,37.38126110,0,
114,0.1144,55.93457730,37.38126110,0,183.709
115,0.1144,55.93457730,37.38126110,0,
116,0.1144,55.93457730,37.38126110,0,183.712
117,0.1144,55.93457730,37.38126110,0,
118,0.1144,55.93457730,37.38126120,0,183.704
119,0.1144,55.93457730,37.38126120,0,
120,0.1144,55.93457730,37.38126120,0,183.709
121,0.1144,55.93457730,37.38126120,0,
122,0.1144,55.93457730,37.38126120,0,183.704
123,0.1144,55.93457720,37.38126120,0,
124,0.1144,55.93457720,37.38126120,0,183.708
125,0.1144,55.93457720,37.38126120,0,
126,0.1144,55.93457720,37.38126120,0,183.703
127,0.1144,55.93457720,37.38126120,0,
128,0.1144,55.93457720,37.38126120,0,183.704
129,0.1144,55.93457720,37.38126120,0,
130,0.1144,55.93457720,37.38126120,0,183.700
131,0.1144,55.93457720,37.38126120,0,
132,0.1144,55.93457720,37.38126120,0,183.979
133,0.1144,55.93457720,37.38126120,0,
134,0.1144,55.93457720,37.38126120,0,183.976
135,0.1144,55.93457720,37.38126110,0,
136,0.1144,55.93457720,37.38126110,0,183.989
137,0.1144,55.93457730,37.38126100,0,
138,0.1144,55.93457730,37.38126100,0,183.998
139,0.1144,55.93457740,37.38126090,0,
140,0.1144,55.93457740,37.38126090,0,183.998
141,0.1144,55.93457750,37.38126090,0,
142,0.1144,55.93457750,37.38126090,0,184.006
143,0.1144,55.93457760,37.38126080,0,
144,0.1144,55.93457760,37.38126080,0,184.007
145,0.1144,55.93457760,37.38126070,0,
146,0.1144,55.93457760,37.38126070,0,184.003
147,0.1144,55.93457770,37.38126060,0,
148,0.1144,55.93457770,37.38126060,0,184.015
149,0.1144,55.93457780,37.38126050,0,
150,0.1144,55.93457780,37.38126050,0,184.016
151,0.1144,55.93457780,37.38126040,0,
152,0.1144,55.93457780,37.38126040,0,184.017
153,0.1144,55.93457780,37.38126030,0,
154,0.1144,55.93457780,37.38126030,0,184.019
155,0.1144,55.93457790,37.38126030,0,
156,0.1144,55.93457790,37.38126030,0,184.022
157,0.1144,55.93457790,37.38126030,0,
158,0.1144,55.93457790,37.38126030,0,184.022
159,0.1144,55.93457790,37.38126030,0,
160,0.1144,55.93457800,37.38126030,0,184.024
161,0.1144,55.93457800,37.38126030,0,
162,0.1144,55.93457800,37.38126030,0,184.078
163,0.1144,55.93457800,37.38126030,0,
164,0.1144,55.93457800,37.38126030,0,184.077
165,0.1144,55.93457800,37.38126030,0,
166,0.1144,55.93457800,37.38126030,0,184.077
167,0.1144,55.93457800,37.38126030,0,
168,0.1144,55.93457810,37.38126020,0,184.080
169,0.1144,55.93457810,37.38126020,0,
170,0.1144,55.93457810,37.38126020,0,184.078
171,0.1144,55.93457810,37.38126020,0,
172,0.1144,55.93457820,37.38126010,0,184.107
173,0.1144,55.93457820,37.38126010,0,
174,0.1144,55.93457820,37.38126010,0,184.104
175,0.1144,55.93457820,37.38126010,0,
176,0.1144,55.93457820,37.38126010,0,184.104
177,0.1144,55.93457820,37.38126010,0,
178,0.1144,55.93457820,37.38126010,0,184.102
179,0.1144,55.93457820,37.38126010,0,
180,0.1144,55.93457830,37.38126010,0,184.099
181,0.1144,55.93457830,37.38126010,0,
182,0.1144,55.93457830,37.38126010,0,184.097
183,0.1144,55.93457830,37.38126010,0,
184,0.1144,55.93457830,37.38126020,0,184.100
185,0.1144,55.93457830,37.38126020,0,
186,0.1144,55.93457830,37.38126020,0,184.099
187,0.1144,55.93457830,37.38126020,0,
188,0.1144,55.93457830,37.38126020,0,184.098
189,0.1144,55.93457830,37.38126020,0,
190,0.1144,55.93457830,37.38126020,0,184.095
191,0.1144,55.93457830,37.38126020,0,
192,0.1144,55.93457830,37.38126020,0,184.097
193,0.1144,55.93457830,37.38126020,0,
194,0.1144,55.93457830,37.38126020,0,184.093
195,0.1144,55.93457830,37.38126020,0,
196,0.1144,55.93457830,37.38126020,0,184.088
197,0.1144,55.93457830,37.38126020,0,
198,0.1144,55.93457830,37.38126020,0,184.094
199,0.1144,55.93457830,37.38126020,0,
200,0.1144,55.93457830,37.38126020,0,184.092
201,0.1144,55.93457830,37.38126020,0,
202,0.1144,55.93457830,37.38126020,0,184.090
203,0.1144,55.93457830,37.38126030,0,
204,0.1144,55.93457830,37.38126030,0,184.096
205,0.1144,55.93457830,37.38126030,0,
206,0.1144,55.93457830,37.38126030,0,184.093
207,0.1144,55.93457830,37.38126030,0,
208,0.1144,55.93457830,37.38126030,0,184.092
209,0.1144,55.93457830,37.38126030,0,
210,0.1144,55.93457830,37.38126030,0,184.097
211,0.1144,55.93457830,37.38126030,0,
212,0.1144,55.93457830,37.38126030,0,184.094
213,0.1144,55.93457830,37.38126030,0,
214,0.1144,55.93457830,37.38126030,0,184.095
215,0.1144,55.93457830,37.38126030,0,
216,0.1144,55.93457830,37.38126030,0,184.089
217,0.1144,55.93457830,37.38126030,0,
218,0.1144,55.93457830,37.38126030,0,184.097
219,0.1144,55.93457830,37.38126040,0,
220,0.1144,55.93457830,37.38126040,0,184.098
221,0.1144,55.93457830,37.38126040,0,
222,0.1144,55.93457830,37.38126040,0,184.095
223,0.1144,55.93457830,37.38126040,0,
224,0.1144,55.93457830,37.38126040,0,184.097
225,0.1144,55.93457830,37.38126050,0,
226,0.1144,55.93457830,37.38126050,0,184.095
227,0.1144,55.93457830,37.38126050,0,
228,0.1144,55.93457830,37.38126050,0,184.089
229,0.1144,55.93457830,37.38126040,0,
230,0.1144,55.93457830,37.38126040,0,184.099
231,0.1144,55.93457830,37.38126040,0,
232,0.1144,55.93457830,37.38126040,0,184.088
233,0.1144,55.93457830,37.38126040,0,
234,0.1144,55.93457830,37.38126040,0,183.918
235,0.1144,55.93457830,37.38126040,0,
236,0.1144,55.93457820,37.38126050,0,183.916
237,0.1144,55.93457820,37.38126050,0,
238,0.1144,55.93457810,37.38126060,0,183.928
239,0.1144,55.93457810,37.38126060,0,
240,0.1144,55.93457790,37.38126080,0,183.928
241,0.1144,55.93457790,37.38126080,0,
242,0.1144,55.93457780,37.38126090,0,183.928
243,0.1144,55.93457780,37.38126090,0,
244,0.1144,55.93457760,37.38126110,0,183.927
245,0.1144,55.93457760,37.38126110,0,
246,0.1144,55.93457750,37.38126120,0,183.925
247,0.1144,55.93457750,37.38126120,0,
248,0.1144,55.93457740,37.38126130,0,183.929
249,0.1144,55.93457740,37.38126130,0,
250,0.1144,55.93457730,37.38126140,0,183.928
251,0.1144,55.93457730,37.38126140,0,
252,0.1144,55.93457720,37.38126140,0,183.908
253,0.1144,55.93457720,37.38126140,0,
254,0.1144,55.93457710,37.38126150,0,183.903
255,0.1144,55.93457710,37.38126150,0,
256,0.1144,55.93457700,37.38126150,0,183.906
257,0.1144,55.93457700,37.38126150,0,
258,0.1144,55.93457690,37.38126160,0,183.910
259,0.1144,55.93457690,37.38126160,0,
260,0.1144,55.93457690,37.38126170,0,183.908
261,0.1144,55.93457690,37.38126170,0,
262,0.1144,55.93457680,37.38126170,0,183.918
263,0.1144,55.93457680,37.38126170,0,
264,0.1144,55.93457680,37.38126180,0,183.921
265,0.1144,55.93457680,37.38126180,0,
266,0.1144,55.93457680,37.38126190,0,183.920
267,0.1144,55.93457680,37.38126190,0,
268,0.1144,55.93457670,37.38126190,0,183.925
269,0.1144,55.93457670,37.38126190,0,
270,0.1144,55.93457670,37.38126190,0,183.921
271,0.1144,55.93457670,37.38126190,0,
272,0.1144,55.93457670,37.38126190,0,183.927
273,0.1144,55.93457670,37.38126190,0,
274,0.1144,55.93457670,37.38126190,0,183.923
275,0.1144,55.93457670,37.38126190,0,
276,0.1144,55.93457670,37.38126190,0,183.926
277,0.1144,55.93457670,37.38126180,0,
278,0.1144,55.93457670,37.38126180,0,183.928
279,0.1144,55.93457670,37.38126180,0,
280,0.1144,55.93457670,37.38126180,0,183.930
281,0.1144,55.93457670,37.38126180,0,
282,0.1144,55.93457670,37.38126180,0,183.929
283,0.1144,55.93457670,37.38126180,0,
284,0.1144,55.93457670,37.38126180,0,183.925
285,0.1144,55.93457670,37.38126180,0,
286,0.1144,55.93457670,37.38126180,0,183.929
287,0.1144,55.93457670,37.38126180,0,
288,0.1144,55.93457670,37.38126180,0,
289,0.1144,55.93457670,37.38126180,0,183.926
290,0.1144,55.93457670,37.38126180,0,183.929
291,0.1144,55.93457670,37.38126180,0,
292,0.1144,55.93457670,37.38126180,0,
293,0.1144,55.93457670,37.38126180,0,183.932
294,0.1144,55.93457670,37.38126180,0,
295,0.1144,55.93457670,37.38126180,0,183.928
296,0.1144,55.93457670,37.38126180,0,
297,0.1144,55.93457670,37.38126180,0,183.937
298,0.1144,55.93457670,37.38126180,0,
299,0.1144,55.93457670,37.38126180,0,183.912
300,0.1144,55.93457670,37.38126180,0,
301,0.1144,55.93457670,37.38126190,0,183.914
302,0.1144,55.93457670,37.38126190,0,
303,0.1144,55.93457620,37.38126370,0,183.917
304,0.1144,55.93457620,37.38126370,0,
305,0.1144,55.93457590,37.38126490,0,183.919
306,0.1144,55.93457590,37.38126490,0,
307,0.1144,55.93457580,37.38126570,0,183.927
308,0.1144,55.93457580,37.38126570,0,
309,0.1144,55.93457570,37.38126610,0,183.929
310,0.1144,55.93457570,37.38126610,0,
311,0.1144,55.93457570,37.38126630,0,183.927
312,0.1144,55.93457570,37.38126630,0,
313,0.1144,55.93457570,37.38126640,0,183.922
314,0.1144,55.93457570,37.38126640,0,
315,0.1144,55.93457570,37.38126650,0,183.917
316,0.1144,55.93457570,37.38126650,0,
317,0.1144,55.93457570,37.38126650,0,183.920
318,0.1144,55.93457570,37.38126650,0,
319,0.1144,55.93457570,37.38126650,0,183.921
320,0.1144,55.93457570,37.38126650,0,
321,0.1144,55.93457570,37.38126650,0,183.918
322,0.1144,55.93457570,37.38126650,0,
323,0.1144,55.93457570,37.38126650,0,183.911
324,0.1144,55.93457570,37.38126650,0,
325,0.1144,55.93457580,37.38126650,0,183.906
326,0.1144,55.93457580,37.38126650,0,
327,0.1144,55.93457580,37.38126650,0,183.907
328,0.1144,55.93457580,37.38126650,0,
329,0.1144,55.93457580,37.38126660,0,183.904
330,0.1144,55.93457580,37.38126660,0,
331,0.1144,55.93457580,37.38126660,0,183.908
332,0.1144,55.93457580,37.38126660,0,
333,0.1144,55.93457580,37.38126660,0,183.904
334,0.1144,55.93457580,37.38126660,0,
335,0.1144,55.93457580,37.38126660,0,183.915
336,0.1144,55.93457580,37.38126660,0,
337,0.1144,55.93457580,37.38126660,0,183.912
338,0.1144,55.93457570,37.38126660,0,
339,0.1144,55.93457570,37.38126660,0,183.910
340,0.1144,55.93457570,37.38126660,0,
341,0.1144,55.93457570,37.38126660,0,183.917
342,0.1144,55.93457570,37.38126660,0,
343,0.1144,55.93457570,37.38126660,0,183.917
344,0.1144,55.93457570,37.38126650,0,
345,0.1144,55.93457570,37.38126650,0,183.915
346,0.1144,55.93457570,37.38126650,0,
347,0.1144,55.93457570,37.38126650,0,183.924
348,0.1144,55.93457570,37.38126650,0,
349,0.1144,55.93457570,37.38126650,0,183.920
350,0.1144,55.93457570,37.38126650,0,
351,0.1144,55.93457570,37.38126650,0,183.926
352,0.1144,55.93457570,37.38126650,0,
353,0.1144,55.93457570,37.38126650,0,183.925
354,0.1144,55.93457570,37.38126640,0,
355,0.1144,55.93457570,37.38126640,0,183.924
356,0.1144,55.93457570,37.38126640,0,
357,0.1144,55.93457570,37.38126640,0,183.925
358,0.1144,55.93457570,37.38126640,0,
359,0.1144,55.93457570,37.38126640,0,183.923
360,0.1144,55.93457570,37.38126640,0,
361,0.1144,55.93457570,37.38126640,0,183.925
362,0.1144,55.93457580,37.38126630,0,
363,0.1144,55.93457580,37.38126630,0,183.928
364,0.1144,55.93457580,37.38126630,0,
365,0.1144,55.93457580,37.38126630,0,183.926
366,0.1144,55.93457580,37.38126620,0,
367,0.1144,55.93457580,37.38126620,0,183.921
368,0.1144,55.93457580,37.38126620,0,
369,0.1144,55.93457580,37.38126620,0,183.923
370,0.1144,55.93457580,37.38126620,0,
371,0.1144,55.93457580,37.38126610,0,183.928
372,0.1144,55.93457580,37.38126610,0,
373,0.1144,55.93457580,37.38126610,0,183.929
374,0.1144,55.93457580,37.38126610,0,
375,0.1144,55.93457580,37.38126610,0,183.933
376,0.1144,55.93457580,37.38126610,0,
377,0.1144,55.93457590,37.38126600,0,183.930
378,0.1144,55.93457590,37.38126600,0,
379,0.1144,55.93457590,37.38126600,0,183.931
380,0.1144,55.93457590,37.38126600,0,
381,0.1144,55.93457590,37.38126590,0,183.933
382,0.1144,55.93457590,37.38126590,0,
383,0.1144,55.93457590,37.38126590,0,183.928
384,0.1144,55.93457590,37.38126590,0,
385,0.1144,55.93457590,37.38126590,0,183.928
386,0.1144,55.93457590,37.38126590,0,
387,0.1144,55.93457590,37.38126580,0,183.926
388,0.1144,55.93457590,37.38126580,0,
389,0.1144,55.93457590,37.38126580,0,183.928
390,0.1144,55.93457590,37.38126580,0,
391,0.1144,55.93457600,37.38126580,0,183.930
392,0.1144,55.93457600,37.38126580,0,
393,0.1144,55.93457600,37.38126570,0,183.935
394,0.1144,55.93457600,37.38126570,0,
395,0.1144,55.93457600,37.38126570,0,183.935
396,0.1144,55.93457600,37.38126570,0,
397,0.1144,55.93457600,37.38126570,0,183.936
398,0.1144,55.93457600,37.38126570,0,
399,0.1144,55.93457600,37.38126570,0,183.939
400,0.1144,55.93457600,37.38126570,0,
401,0.1144,55.93457600,37.38126560,0,183.937
402,0.1144,55.93457600,37.38126560,0,
403,0.1144,55.93457600,37.38126560,0,183.936
404,0.1144,55.93457600,37.38126560,0,
405,0.1144,55.93457600,37.38126560,0,183.934
406,0.1144,55.93457600,37.38126560,0,
407,0.1144,55.93457600,37.38126560,0,183.937
408,0.1144,55.93457600,37.38126560,0,
409,0.1144,55.93457600,37.38126560,0,183.933
410,0.1144,55.93457600,37.38126560,0,
411,0.1144,55.93457600,37.38126560,0,183.935
412,0.1144,55.93457600,37.38126560,0,
413,0.1144,55.93457600,37.38126560,0,183.936
414,0.1144,55.93457600,37.38126560,0,
415,0.1144,55.93457600,37.38126560,0,183.934
416,0.1144,55.93457600,37.38126550,0,
417,0.1144,55.93457600,37.38126550,0,183.931
418,0.1144,55.93457600,37.38126550,0,
419,0.1144,55.93457600,37.38126550,0,183.929
420,0.1144,55.93457600,37.38126550,0,
421,0.1144,55.93457600,37.38126550,0,183.936
422,0.1144,55.93457600,37.38126550,0,
423,0.1144,55.93457600,37.38126550,0,183.926
424,0.1144,55.93457600,37.38126550,0,
425,0.1144,55.93457600,37.38126550,0,183.928
426,0.1144,55.93457600,37.38126550,0,
427,0.1144,55.93457600,37.38126550,0,183.926
428,0.1144,55.93457600,37.38126550,0,
429,0.1144,55.93457600,37.38126550,0,183.931
430,0.1144,55.93457600,37.38126550,0,
431,0.1144,55.93457600,37.38126550,0,183.926
432,0.1144,55.93457600,37.38126550,0,
433,0.1144,55.93457600,37.38126550,0,183.929
434,0.1144,55.93457600,37.38126550,0,
435,0.1144,55.93457600,37.38126550,0,183.932
436,0.1144,55.93457600,37.38126550,0,
437,0.1144,55.93457600,37.38126550,0,183.936
438,0.1144,55.93457600,37.38126550,0,
439,0.1144,55.93457600,37.38126550,0,183.931
440,0.1144,55.93457600,37.38126550,0,
441,0.1144,55.93457600,37.38126550,0,183.932
442,0.1144,55.93457600,37.38126560,0,
443,0.1144,55.93457600,37.38126560,0,183.931
444,0.1144,55.93457600,37.38126560,0,
445,0.1144,55.93457600,37.38126560,0,183.928
446,0.1144,55.93457600,37.38126560,0,
447,0.1144,55.93457590,37.38126560,0,183.935
448,0.1144,55.93457590,37.38126560,0,
449,0.1144,55.93457590,37.38126560,0,183.936
450,0.1144,55.93457590,37.38126560,0,
451,0.1144,55.93457590,37.38126560,0,183.926
452,0.1144,55.93457590,37.38126560,0,
453,0.1144,55.93457590,37.38126560,0,183.930
454,0.1144,55.93457590,37.38126560,0,
455,0.1144,55.93457590,37.38126560,0,183.923
456,0.1144,55.93457590,37.38126560,0,
457,0.1144,55.93457590,37.38126560,0,183.926
458,0.1144,55.93457590,37.38126560,0,
459,0.1144,55.93457590,37.38126570,0,183.926
460,0.1144,55.93457590,37.38126570,0,
461,0.1144,55.93457590,37.38126570,0,183.922
462,0.1144,55.93457590,37.38126570,0,
463,0.1144,55.93457590,37.38126570,0,183.925
464,0.1144,55.93457590,37.38126570,0,
465,0.1144,55.93457590,37.38126570,0,183.930
466,0.1144,55.93457590,37.38126570,0,
467,0.1144,55.93457590,37.38126570,0,183.925
468,0.1144,55.93457590,37.38126570,0,
469,0.1144,55.93457590,37.38126570,0,183.923
470,0.1144,55.93457590,37.38126570,0,
471,0.1144,55.93457590,37.38126570,0,183.924
472,0.1144,55.93457590,37.38126570,0,
473,0.1144,55.93457590,37.38126570,0,183.935
474,0.1144,55.93457590,37.38126570,0,
475,0.1144,55.93457590,37.38126570,0,183.929
476,0.1144,55.93457590,37.38126570,0,
477,0.1144,55.93457590,37.38126570,0,183.930
478,0.1144,55.93457590,37.38126570,0,
479,0.1144,55.93457590,37.38126580,0,183.933
480,0.1144,55.93457590,37.38126580,0,
481,0.1144,55.93457590,37.38126580,0,183.935
482,0.1144,55.93457590,37.38126580,0,
483,0.1144,55.93457590,37.38126580,0,183.924
484,0.1144,55.93457590,37.38126580,0,
485,0.1144,55.93457590,37.38126580,0,183.931
486,0.1144,55.93457590,37.38126580,0,
487,0.1144,55.93457590,37.38126580,0,183.934
488,0.1144,55.93457590,37.38126580,0,
489,0.1144,55.93457590,37.38126580,0,183.932
490,0.1144,55.93457590,37.38126580,0,
491,0.1144,55.93457590,37.38126580,0,183.926
492,0.1144,55.93457590,37.38126580,0,
493,0.1144,55.93457590,37.38126580,0,183.931
494,0.1144,55.93457590,37.38126580,0,
495,0.1144,55.93457590,37.38126580,0,183.929
496,0.1144,55.93457590,37.38126580,0,
497,0.1144,55.93457590,37.38126580,0,183.932
498,0.1144,55.93457590,37.38126580,0,
499,0.1144,55.93457590,37.38126580,0,183.933
500,0.1144,55.93457590,37.38126580,0,
501,0.1144,55.93457590,37.38126580,0,183.925
502,0.1144,55.93457590,37.38126580,0,
503,0.1144,55.93457590,37.38126580,0,183.926
504,0.1144,55.93457590,37.38126580,0,
505,0.1144,55.93457590,37.38126580,0,183.929
506,0.1144,55.93457590,37.38126580,0,
507,0.1144,55.93457590,37.38126580,0,183.934
508,0.1144,55.93457590,37.38126580,0,
509,0.1144,55.93457590,37.38126580,0,183.925
510,0.1144,55.93457590,37.38126580,0,
511,0.1144,55.93457590,37.38126580,0,183.918
512,0.1144,55.93457590,37.38126580,0,
513,0.1144,55.93457590,37.38126580,0,183.927
514,0.1144,55.93457590,37.38126580,0,
515,0.1144,55.93457590,37.38126580,0,183.924
516,0.1144,55.93457590,37.38126580,0,
517,0.1144,55.93457590,37.38126580,0,183.929
518,0.1144,55.93457590,37.38126580,0,
519,0.1144,55.93457590,37.38126580,0,183.931
520,0.1144,55.93457590,37.38126580,0,
521,0.1144,55.93457590,37.38126580,0,183.927
522,0.1144,55.93457590,37.38126580,0,
523,0.1144,55.93457590,37.38126580,0,183.928
524,0.1144,55.93457590,37.38126580,0,
525,0.1144,55.93457590,37.38126580,0,183.927
526,0.1144,55.93457590,37.38126580,0,
527,0.1144,55.93457590,37.38126580,0,183.924
528,0.1144,55.93457590,37.38126580,0,
529,0.1144,55.93457590,37.38126580,0,183.927
530,0.1144,55.93457590,37.38126580,0,
531,0.1144,55.93457590,37.38126580,0,183.923
532,0.1144,55.93457590,37.38126580,0,
533,0.1144,55.93457590,37.38126580,0,183.922
534,0.1144,55.93457590,37.38126580,0,
535,0.1144,55.93457590,37.38126580,0,183.924
536,0.1144,55.93457590,37.38126580,0,
537,0.1144,55.93457590,37.38126580,0,183.923
538,0.1144,55.93457590,37.38126580,0,
539,0.1144,55.93457590,37.38126580,0,183.921
540,0.1144,55.93457590,37.38126580,0,
541,0.1144,55.93457590,37.38126580,0,183.926
542,0.1144,55.93457590,37.38126580,0,
543,0.1144,55.93457590,37.38126580,0,183.927
544,0.1144,55.93457590,37.38126580,0,
545,0.1144,55.93457590,37.38126580,0,183.921
546,0.1144,55.93457590,37.38126580,0,
547,0.1144,55.93457590,37.38126580,0,183.923
548,0.1144,55.93457590,37.38126580,0,
549,0.1144,55.93457590,37.38126580,0,183.923
550,0.1144,55.93457590,37.38126580,0,
551,0.1144,55.93457590,37.38126580,0,183.926
552,0.1144,55.93457590,37.38126580,0,
553,0.1144,55.93457590,37.38126580,0,183.914
554,0.1144,55.93457590,37.38126580,0,
555,0.1144,55.93457590,37.38126580,0,183.907
556,0.1144,55.93457590,37.38126580,0,
557,0.1144,55.93457590,37.38126580,0,183.919
558,0.1144,55.93457590,37.38126580,0,
559,0.1144,55.93457590,37.38126580,0,
560,0.1144,55.93457590,37.38126580,0,183.913
561,0.1144,55.93457590,37.38126580,0,
562,0.1144,55.93457580,37.38126580,0,183.909
563,0.1144,55.93457580,37.38126580,0,183.903
564,0.1144,55.93457580,37.38126580,0,
565,0.1144,55.93457580,37.38126580,0,183.910
566,0.1144,55.93457580,37.38126580,0,
567,0.1144,55.93457580,37.38126580,0,183.898
568,0.1144,55.93457580,37.38126580,0,
569,0.1144,55.93457580,37.38126580,0,183.905
570,0.1144,55.93457580,37.38126580,0,
571,0.1144,55.93457580,37.38126580,0,183.903
572,0.1144,55.93457580,37.38126580,0,
573,0.1144,55.93457580,37.38126580,0,
574,0.1144,55.93457580,37.38126580,0,183.915
575,0.1144,55.93457580,37.38126580,0,183.913
576,0.1144,55.93457580,37.38126580,0,
577,0.1144,55.93457580,37.38126580,0,183.914
578,0.1144,55.93457580,37.38126580,0,
579,0.1144,55.93457580,37.38126580,0,183.919
580,0.1144,55.93457570,37.38126580,0,
581,0.1144,55.93457570,37.38126580,0,
582,0.1144,55.93457570,37.38126580,0,183.919
583,0.1144,55.93457570,37.38126580,0,
584,0.1144,55.93457570,37.38126580,0,183.921
585,0.1144,55.93457570,37.38126580,0,183.914
586,0.1144,55.93457570,37.38126580,0,
587,0.1144,55.93457570,37.38126580,0,
588,0.1144,55.93457570,37.38126580,0,183.922
589,0.1144,55.93457570,37.38126580,0,
590,0.1144,55.93457570,37.38126580,0,183.922
591,0.1144,55.93457570,37.38126580,0,
592,0.1144,55.93457570,37.38126580,0,183.916
593,0.1144,55.93457570,37.38126580,0,
594,0.1144,55.93457570,37.38126580,0,183.923
595,0.1144,55.93457570,37.38126580,0,
596,0.1144,55.93457570,37.38126580,0,183.919
597,0.1144,55.93457570,37.38126590,0,
598,0.1144,55.93457570,37.38126590,0,183.919
599,0.1144,55.93457570,37.38126590,0,
600,0.1144,55.93457570,37.38126590,0,183.916
601,0.1144,55.93457570,37.38126590,0,
602,0.1144,55.93457570,37.38126590,0,183.926
603,0.1144,55.93457570,37.38126590,0,
604,0.1144,55.93457570,37.38126590,0,183.921
605,0.1144,55.93457570,37.38126590,0,
606,0.1144,55.93457570,37.38126590,0,183.919
607,0.1144,55.93457570,37.38126590,0,
608,0.1144,55.93457570,37.38126590,0,183.914
609,0.1144,55.93457570,37.38126590,0,
610,0.1144,55.93457570,37.38126590,0,183.914
611,0.1144,55.93457570,37.38126590,0,
612,0.1144,55.93457570,37.38126590,0,183.918
613,0.1144,55.93457570,37.38126590,0,
614,0.1144,55.93457570,37.38126590,0,183.927
615,0.1144,55.93457580,37.38126590,0,
616,0.1144,55.93457580,37.38126590,0,183.921
617,0.1144,55.93457580,37.38126590,0,
618,0.1144,55.93457580,37.38126590,0,183.918
619,0.1144,55.93457580,37.38126590,0,
620,0.1144,55.93457580,37.38126590,0,183.922
621,0.1144,55.93457580,37.38126590,0,
622,0.1144,55.93457580,37.38126590,0,183.928
623,0.1144,55.93457580,37.38126590,0,
624,0.1144,55.93457580,37.38126590,0,183.912
625,0.1144,55.93457580,37.38126590,0,
626,0.1144,55.93457580,37.38126590,0,183.920
627,0.1144,55.93457580,37.38126590,0,
628,0.1144,55.93457580,37.38126590,0,183.919
629,0.1144,55.93457580,37.38126590,0,
630,0.1144,55.93457580,37.38126590,0,183.921
631,0.1144,55.93457580,37.38126580,0,
632,0.1144,55.93457580,37.38126580,0,183.913
633,0.1144,55.93457580,37.38126580,0,
634,0.1144,55.93457580,37.38126580,0,183.916
635,0.1144,55.93457580,37.38126580,0,
636,0.1144,55.93457580,37.38126580,0,183.916
637,0.1144,55.93457580,37.38126580,0,
638,0.1144,55.93457580,37.38126580,0,183.914
639,0.1144,55.93457580,37.38126580,0,
640,0.1144,55.93457580,37.38126590,0,183.913
641,0.1144,55.93457580,37.38126590,0,
642,0.1144,55.93457580,37.38126590,0,183.918
643,0.1144,55.93457580,37.38126590,0,
644,0.1144,55.93457580,37.38126590,0,183.907
645,0.1144,55.93457580,37.38126590,0,
646,0.1144,55.93457570,37.38126590,0,183.910
647,0.1144,55.93457570,37.38126590,0,
648,0.1144,55.93457570,37.38126590,0,183.910
649,0.1144,55.93457570,37.38126590,0,
650,0.1144,55.93457570,37.38126590,0,183.907
651,0.1144,55.93457570,37.38126590,0,
652,0.1144,55.93457570,37.38126590,0,183.908
653,0.1144,55.93457570,37.38126590,0,
654,0.1144,55.93457570,37.38126590,0,183.904
655,0.1144,55.93457570,37.38126590,0,
656,0.1144,55.93457570,37.38126590,0,183.899
657,0.1144,55.93457570,37.38126590,0,
658,0.1144,55.93457570,37.38126590,0,183.900
659,0.1144,55.93457570,37.38126590,0,
660,0.1144,55.93457570,37.38126590,0,183.900
661,0.1144,55.93457570,37.38126590,0,
662,0.1144,55.93457570,37.38126590,0,183.897
663,0.1144,55.93457570,37.38126590,0,
664,0.1144,55.93457570,37.38126590,0,183.891
665,0.1144,55.93457570,37.38126590,0,
666,0.1144,55.93457560,37.38126590,0,183.897
667,0.1144,55.93457560,37.38126590,0,
668,0.1144,55.93457560,37.38126590,0,183.896
669,0.1144,55.93457560,37.38126590,0,
670,0.1144,55.93457560,37.38126590,0,183.896
671,0.1144,55.93457560,37.38126590,0,
672,0.1144,55.93457560,37.38126590,0,183.890
673,0.1144,55.93457560,37.38126590,0,
674,0.1144,55.93457560,37.38126590,0,183.897
675,0.1144,55.93457560,37.38126590,0,
676,0.1144,55.93457560,37.38126590,0,183.894
677,0.1144,55.93457560,37.38126590,0,
678,0.1144,55.93457560,37.38126590,0,183.896
679,0.1144,55.93457560,37.38126590,0,
680,0.1144,55.93457560,37.38126590,0,183.891
681,0.1144,55.93457560,37.38126590,0,
682,0.1144,55.93457560,37.38126590,0,183.897
683,0.1144,55.93457560,37.38126590,0,
684,0.1144,55.93457560,37.38126590,0,183.915
685,0.1144,55.93457560,37.38126590,0,
686,0.1144,55.93457560,37.38126590,0,183.917
687,0.1144,55.93457560,37.38126590,0,
688,0.1144,55.93457560,37.38126590,0,183.918
689,0.1144,55.93457560,37.38126590,0,
690,0.1144,55.93457560,37.38126590,0,183.916
691,0.1144,55.93457560,37.38126590,0,
692,0.1144,55.93457560,37.38126590,0,183.915
693,0.1144,55.93457560,37.38126590,0,
694,0.1144,55.93457560,37.38126590,0,183.914
695,0.1144,55.93457560,37.38126590,0,
696,0.1144,55.93457560,37.38126590,0,183.919
697,0.1144,55.93457570,37.38126590,0,
698,0.1144,55.93457570,37.38126590,0,183.920
699,0.1144,55.93457570,37.38126580,0,
700,0.1144,55.93457570,37.38126580,0,183.915
701,0.1144,55.93457570,37.38126580,0,
702,0.1144,55.93457570,37.38126580,0,183.923
703,0.1144,55.93457570,37.38126580,0,
704,0.1144,55.93457570,37.38126580,0,183.917
705,0.1144,55.93457570,37.38126580,0,
706,0.1144,55.93457570,37.38126580,0,183.914
707,0.1144,55.93457570,37.38126580,0,
708,0.1144,55.93457570,37.38126580,0,183.917
709,0.1144,55.93457570,37.38126580,0,
710,0.1144,55.93457570,37.38126580,0,183.917
711,0.1144,55.93457570,37.38126580,0,
712,0.1144,55.93457570,37.38126580,0,183.918
713,0.1144,55.93457570,37.38126580,0,
714,0.1144,55.93457570,37.38126580,0,183.911
715,0.1144,55.93457570,37.38126580,0,
716,0.1144,55.93457570,37.38126580,0,183.911
717,0.1144,55.93457570,37.38126580,0,
718,0.1144,55.93457570,37.38126580,0,183.909
719,0.1144,55.93457570,37.38126580,0,
720,0.1144,55.93457570,37.38126580,0,183.907
721,0.1144,55.93457570,37.38126580,0,
722,0.1144,55.93457570,37.38126580,0,183.908
723,0.1144,55.93457570,37.38126580,0,
724,0.1144,55.93457570,37.38126590,0,183.909
725,0.1144,55.93457570,37.38126590,0,
726,0.1144,55.93457570,37.38126590,0,183.906
727,0.1144,55.93457570,37.38126590,0,
728,0.1144,55.93457570,37.38126590,0,183.905
729,0.1144,55.93457570,37.38126590,0,
730,0.1144,55.93457570,37.38126590,0,183.905
731,0.1144,55.93457570,37.38126590,0,
732,0.1144,55.93457570,37.38126590,0,183.902
733,0.1144,55.93457570,37.38126590,0,
734,0.1144,55.93457570,37.38126590,0,183.904
735,0.1144,55.93457570,37.38126590,0,
736,0.1144,55.93457570,37.38126590,0,183.912
737,0.1144,55.93457570,37.38126590,0,
738,0.1144,55.93457570,37.38126590,0,183.914
739,0.1144,55.93457570,37.38126590,0,
740,0.1144,55.93457570,37.38126590,0,183.915
741,0.1144,55.93457570,37.38126590,0,
742,0.1144,55.93457570,37.38126590,0,183.910
743,0.1144,55.93457570,37.38126590,0,
744,0.1144,55.93457570,37.38126590,0,183.903
745,0.1144,55.93457570,37.38126590,0,
746,0.1144,55.93457570,37.38126590,0,183.905
747,0.1144,55.93457570,37.38126590,0,
748,0.1144,55.93457570,37.38126590,0,183.900
749,0.1144,55.93457570,37.38126590,0,
750,0.1144,55.93457570,37.38126590,0,183.901
751,0.1144,55.93457570,37.38126590,0,
752,0.1144,55.93457570,37.38126590,0,183.895
753,0.1144,55.93457560,37.38126590,0,
754,0.1144,55.93457560,37.38126590,0,183.907
755,0.1144,55.93457570,37.38126590,0,
756,0.1144,55.93457570,37.38126590,0,183.913
757,0.1144,55.93457570,37.38126590,0,
758,0.1144,55.93457570,37.38126590,0,183.917
759,0.1144,55.93457570,37.38126590,0,
760,0.1144,55.93457570,37.38126590,0,183.911
761,0.1144,55.93457570,37.38126590,0,
762,0.1144,55.93457570,37.38126590,0,183.910
763,0.1144,55.93457560,37.38126590,0,
764,0.1144,55.93457560,37.38126590,0,183.906
765,0.1144,55.93457570,37.38126590,0,
766,0.1144,55.93457570,37.38126590,0,183.905
767,0.1144,55.93457560,37.38126590,0,
768,0.1144,55.93457560,37.38126590,0,183.906
769,0.1144,55.93457560,37.38126590,0,
770,0.1144,55.93457560,37.38126590,0,183.906
771,0.1144,55.93457570,37.38126590,0,
772,0.1144,55.93457570,37.38126590,0,183.907
773,0.1144,55.93457570,37.38126590,0,
774,0.1144,55.93457570,37.38126590,0,183.907
775,0.1144,55.93457560,37.38126590,0,
776,0.1144,55.93457560,37.38126590,0,183.906
777,0.1144,55.93457570,37.38126590,0,
778,0.1144,55.93457570,37.38126590,0,183.903
779,0.1144,55.93457570,37.38126590,0,
780,0.1144,55.93457570,37.38126590,0,183.904
781,0.1144,55.93457570,37.38126590,0,
782,0.1144,55.93457570,37.38126590,0,183.899
783,0.1144,55.93457570,37.38126590,0,
784,0.1144,55.93457570,37.38126590,0,183.909
785,0.1144,55.93457570,37.38126590,0,
786,0.1144,55.93457570,37.38126590,0,183.911
787,0.1144,55.93457570,37.38126590,0,
788,0.1144,55.93457570,37.38126590,0,183.905
789,0.1144,55.93457570,37.38126590,0,
790,0.1144,55.93457570,37.38126590,0,183.908
791,0.1144,55.93457570,37.38126590,0,
792,0.1144,55.93457570,37.38126590,0,183.903
793,0.1144,55.93457570,37.38126590,0,
794,0.1144,55.93457570,37.38126590,0,183.903
795,0.1144,55.93457570,37.38126590,0,
796,0.1144,55.93457570,37.38126590,0,183.904
797,0.1144,55.93457570,37.38126590,0,
798,0.1144,55.93457570,37.38126590,0,183.900
799,0.1144,55.93457570,37.38126590,0,
800,0.1144,55.93457570,37.38126590,0,183.900
801,0.1144,55.93457570,37.38126590,0,
802,0.1144,55.93457570,37.38126590,0,183.906
803,0.1144,55.93457570,37.38126590,0,
804,0.1144,55.93457570,37.38126590,0,183.902
805,0.1144,55.93457570,37.38126590,0,
806,0.1144,55.93457570,37.38126590,0,183.899
807,0.1144,55.93457570,37.38126590,0,
808,0.1144,55.93457570,37.38126590,0,183.897
809,0.1144,55.93457570,37.38126590,0,
810,0.1144,55.93457570,37.38126590,0,183.911
811,0.1144,55.93457570,37.38126590,0,
812,0.1144,55.93457570,37.38126590,0,183.900
813,0.1144,55.93457570,37.38126590,0,
814,0.1144,55.93457560,37.38126590,0,183.911
815,0.1144,55.93457560,37.38126590,0,
816,0.1144,55.93457560,37.38126590,0,183.910
817,0.1144,55.93457560,37.38126590,0,
818,0.1144,55.93457560,37.38126590,0,183.909
819,0.1144,55.93457560,37.38126590,0,
820,0.1144,55.93457560,37.38126590,0,183.913
821,0.1144,55.93457560,37.38126590,0,
822,0.1144,55.93457560,37.38126590,0,183.910
823,0.1144,55.93457560,37.38126590,0,
824,0.1144,55.93457560,37.38126590,0,
825,0.1144,55.93457560,37.38126590,0,183.904
826,0.1144,55.93457560,37.38126590,0,183.911
827,0.1144,55.93457560,37.38126590,0,
828,0.1144,55.93457560,37.38126590,0,
829,0.1144,55.93457560,37.38126590,0,183.915
830,0.1144,55.93457560,37.38126590,0,183.913
831,0.1144,55.93457560,37.38126590,0,
832,0.1144,55.93457560,37.38126590,0,183.912
833,0.1144,55.93457560,37.38126590,0,
834,0.1144,55.93457560,37.38126590,0,183.910
835,0.1144,55.93457560,37.38126590,0,
836,0.1144,55.93457560,37.38126590,0,183.907
837,0.1144,55.93457560,37.38126590,0,
838,0.1144,55.93457560,37.38126590,0,183.915
839,0.1144,55.93457560,37.38126590,0,
840,0.1144,55.93457560,37.38126590,0,183.915
841,0.1144,55.93457560,37.38126590,0,
842,0.1144,55.93457560,37.38126590,0,183.913
843,0.1144,55.93457560,37.38126590,0,
844,0.1144,55.93457560,37.38126590,0,183.910
845,0.1144,55.93457560,37.38126590,0,
846,0.1144,55.93457560,37.38126590,0,183.905
847,0.1144,55.93457560,37.38126590,0,
848,0.1144,55.93457560,37.38126590,0,183.907
849,0.1144,55.93457560,37.38126590,0,
850,0.1144,55.93457560,37.38126590,0,183.911
851,0.1144,55.93457560,37.38126600,0,
852,0.1144,55.93457560,37.38126600,0,183.908
853,0.1144,55.93457560,37.38126600,0,
854,0.1144,55.93457560,37.38126600,0,
855,0.1144,55.93457560,37.38126600,0,183.911
856,0.1144,55.93457560,37.38126600,0,183.917
857,0.1144,55.93457560,37.38126600,0,
858,0.1144,55.93457560,37.38126600,0,183.913
859,0.1144,55.93457560,37.38126600,0,
860,0.1144,55.93457560,37.38126600,0,183.915
861,0.1144,55.93457560,37.38126600,0,
862,0.1144,55.93457560,37.38126600,0,
863,0.1144,55.93457560,37.38126600,0,183.911
864,0.1144,55.93457560,37.38126600,0,
865,0.1144,55.93457560,37.38126600,0,183.908
866,0.1144,55.93457560,37.38126600,0,183.915
867,0.1144,55.93457560,37.38126600,0,
868,0.1144,55.93457560,37.38126600,0,183.914
869,0.1144,55.93457560,37.38126600,0,
870,0.1144,55.93457560,37.38126600,0,
871,0.1144,55.93457560,37.38126600,0,183.914
872,0.1144,55.93457560,37.38126600,0,183.914
873,0.1144,55.93457560,37.38126600,0,
874,0.1144,55.93457560,37.38126600,0,
875,0.1144,55.93457560,37.38126600,0,183.907
876,0.1144,55.93457560,37.38126600,0,183.903
877,0.1144,55.93457560,37.38126600,0,
878,0.1144,55.93457560,37.38126600,0,
879,0.1144,55.93457560,37.38126600,0,183.901
880,0.1144,55.93457560,37.38126600,0,
881,0.1144,55.93457560,37.38126600,0,183.907
882,0.1144,55.93457560,37.38126600,0,
883,0.1144,55.93457560,37.38126600,0,183.904
884,0.1144,55.93457560,37.38126600,0,
885,0.1144,55.93457560,37.38126600,0,183.904
886,0.1144,55.93457560,37.38126600,0,
887,0.1144,55.93457560,37.38126600,0,183.908
888,0.1144,55.93457560,37.38126600,0,
889,0.1144,55.93457560,37.38126600,0,183.908
890,0.1144,55.93457570,37.38126600,0,
891,0.1144,55.93457570,37.38126600,0,183.903
892,0.1144,55.93457570,37.38126600,0,
893,0.1144,55.93457570,37.38126600,0,183.906
894,0.1144,55.93457570,37.38126600,0,
895,0.1144,55.93457570,37.38126600,0,183.912
896,0.1144,55.93457570,37.38126600,0,
897,0.1144,55.93457570,37.38126600,0,183.906
898,0.1144,55.93457570,37.38126590,0,
899,0.1144,55.93457570,37.38126590,0,183.908
900,0.1144,55.93457570,37.38126590,0,
901,0.1144,55.93457570,37.38126590,0,183.911
902,0.1144,55.93457570,37.38126590,0,
903,0.1144,55.93457570,37.38126590,0,183.904
904,0.1144,55.93457570,37.38126590,0,
905,0.1144,55.93457570,37.38126590,0,183.911
906,0.1144,55.93457570,37.38126590,0,
907,0.1144,55.93457570,37.38126590,0,183.903
908,0.1144,55.93457570,37.38126590,0,
909,0.1144,55.93457570,37.38126590,0,183.904
910,0.1144,55.93457570,37.38126590,0,
911,0.1144,55.93457570,37.38126590,0,183.910
912,0.1144,55.93457570,37.38126590,0,
913,0.1144,55.93457570,37.38126590,0,183.908
914,0.1144,55.93457570,37.38126590,0,
915,0.1144,55.93457570,37.38126590,0,183.906
916,0.1144,55.93457570,37.38126590,0,
917,0.1144,55.93457570,37.38126590,0,183.909
918,0.1144,55.93457570,37.38126590,0,
919,0.1144,55.93457570,37.38126590,0,183.908
920,0.1144,55.93457570,37.38126590,0,
921,0.1144,55.93457570,37.38126590,0,183.910
922,0.1144,55.93457570,37.38126590,0,
923,0.1144,55.93457570,37.38126590,0,183.911
924,0.1144,55.93457570,37.38126590,0,
925,0.1144,55.93457570,37.38126590,0,183.911
926,0.1144,55.93457570,37.38126590,0,
927,0.1144,55.93457570,37.38126590,0,183.914
928,0.1144,55.93457570,37.38126590,0,
929,0.1144,55.93457570,37.38126600,0,183.914
930,0.1144,55.93457570,37.38126600,0,
931,0.1144,55.93457570,37.38126600,0,183.914
932,0.1144,55.93457570,37.38126600,0,
933,0.1144,55.93457570,37.38126600,0,183.915
934,0.1144,55.93457570,37.38126600,0,
935,0.1144,55.93457570,37.38126600,0,183.909
936,0.1144,55.93457570,37.38126600,0,
937,0.1144,55.93457570,37.38126600,0,183.915
938,0.1144,55.93457570,37.38126600,0,
939,0.1144,55.93457570,37.38126600,0,183.906
940,0.1144,55.93457570,37.38126600,0,
941,0.1144,55.93457570,37.38126600,0,183.909
942,0.1144,55.93457570,37.38126600,0,
943,0.1144,55.93457570,37.38126600,0,183.905
944,0.1144,55.93457570,37.38126600,0,
945,0.1144,55.93457570,37.38126600,0,183.908
946,0.1144,55.93457560,37.38126600,0,
947,0.1144,55.93457560,37.38126600,0,183.916
948,0.1144,55.93457560,37.38126600,0,
949,0.1144,55.93457560,37.38126600,0,183.907
950,0.1144,55.93457560,37.38126600,0,
951,0.1144,55.93457560,37.38126600,0,183.911
952,0.1144,55.93457560,37.38126600,0,
953,0.1144,55.93457560,37.38126600,0,183.913
954,0.1144,55.93457560,37.38126600,0,
955,0.1144,55.93457560,37.38126600,0,183.906
956,0.1144,55.93457560,37.38126600,0,
957,0.1144,55.93457560,37.38126600,0,183.903
958,0.1144,55.93457560,37.38126600,0,
959,0.1144,55.93457560,37.38126600,0,183.902
960,0.1144,55.93457560,37.38126600,0,
961,0.1144,55.93457560,37.38126600,0,183.909
962,0.1144,55.93457560,37.38126600,0,
963,0.1144,55.93457560,37.38126600,0,183.902
964,0.1144,55.93457560,37.38126600,0,
965,0.1144,55.93457560,37.38126600,0,183.902
966,0.1144,55.93457560,37.38126600,0,
967,0.1144,55.93457560,37.38126600,0,183.894
968,0.1144,55.93457560,37.38126600,0,
969,0.1144,55.93457560,37.38126600,0,183.900
970,0.1144,55.93457560,37.38126600,0,
971,0.1144,55.93457560,37.38126600,0,183.896
972,0.1144,55.93457560,37.38126610,0,
973,0.1144,55.93457560,37.38126610,0,183.894
974,0.1144,55.93457560,37.38126610,0,
975,0.1144,55.93457560,37.38126610,0,183.892
976,0.1144,55.93457560,37.38126610,0,
977,0.1144,55.93457560,37.38126610,0,183.898
978,0.1144,55.93457560,37.38126610,0,
979,0.1144,55.93457560,37.38126610,0,183.900
980,0.1144,55.93457560,37.38126610,0,
981,0.1144,55.93457560,37.38126610,0,183.895
982,0.1144,55.93457560,37.38126610,0,
983,0.1144,55.93457560,37.38126610,0,183.895
984,0.1144,55.93457560,37.38126610,0,
985,0.1144,55.93457550,37.38126610,0,183.892
986,0.1144,55.93457550,37.38126610,0,
987,0.1144,55.93457550,37.38126610,0,183.892
988,0.1144,55.93457550,37.38126610,0,
989,0.1144,55.93457550,37.38126610,0,183.890
990,0.1144,55.93457550,37.38126610,0,
991,0.1144,55.93457550,37.38126610,0,183.892
992,0.1144,55.93457550,37.38126610,0,
993,0.1144,55.93457550,37.38126610,0,183.887
994,0.1144,55.93457550,37.38126610,0,
995,0.1144,55.93457550,37.38126610,0,183.889
996,0.1144,55.93457550,37.38126610,0,
997,0.1144,55.93457550,37.38126610,0,183.886
998,0.1144,55.93457550,37.38126610,0,
999,0.1144,55.93457550,37.38126610,0,183.887
1000,0.1144,55.93457550,37.38126610,0,
1001,0.1144,55.93457550,37.38126610,0,183.886
1002,0.1144,55.93457550,37.38126610,0,
1003,0.1144,55.93457550,37.38126610,0,183.880
1004,0.1144,55.93457550,37.38126610,0,
1005,0.1144,55.93457550,37.38126610,0,183.899
1006,0.1144,55.93457550,37.38126610,0,
1007,0.1144,55.93457550,37.38126610,0,183.895
1008,0.1144,55.93457550,37.38126610,0,
1009,0.1144,55.93457550,37.38126610,0,183.896
1010,0.1144,55.93457550,37.38126610,0,
1011,0.1144,55.93457550,37.38126600,0,183.898
1012,0.1144,55.93457550,37.38126600,0,
1013,0.1144,55.93457550,37.38126600,0,183.896
1014,0.1144,55.93457540,37.38126600,0,
1015,0.1144,55.93457540,37.38126600,0,183.892
1016,0.1144,55.93457540,37.38126600,0,
1017,0.1144,55.93457540,37.38126600,0,183.894
1018,0.1144,55.93457540,37.38126600,0,
1019,0.1144,55.93457540,37.38126600,0,183.893
1020,0.1144,55.93457540,37.38126600,0,
1021,0.1144,55.93457540,37.38126600,0,183.891
1022,0.1144,55.93457540,37.38126600,0,
1023,0.1144,55.93457540,37.38126600,0,183.890
1024,0.1144,55.93457540,37.38126600,0,
1025,0.1144,55.93457540,37.38126600,0,183.890
1026,0.1144,55.93457540,37.38126600,0,
1027,0.1144,55.93457540,37.38126600,0,183.887
1028,0.1144,55.93457540,37.38126600,0,
1029,0.1144,55.93457540,37.38126600,0,183.894
1030,0.1144,55.93457540,37.38126600,0,
1031,0.1144,55.93457540,37.38126600,0,183.895
1032,0.1144,55.93457540,37.38126600,0,
1033,0.1144,55.93457540,37.38126600,0,183.892
1034,0.1144,55.93457540,37.38126600,0,
1035,0.1144,55.93457540,37.38126600,0,183.893
1036,0.1144,55.93457540,37.38126600,0,
1037,0.1144,55.93457540,37.38126600,0,183.899
1038,0.1144,55.93457540,37.38126600,0,
1039,0.1144,55.93457540,37.38126600,0,183.896
1040,0.1144,55.93457540,37.38126600,0,
1041,0.1144,55.93457540,37.38126600,0,183.902
1042,0.1144,55.93457540,37.38126600,0,
1043,0.1144,55.93457540,37.38126600,0,183.899
1044,0.1144,55.93457550,37.38126600,0,
1045,0.1144,55.93457550,37.38126600,0,183.904
1046,0.1144,55.93457550,37.38126600,0,
1047,0.1144,55.93457550,37.38126600,0,183.905
1048,0.1144,55.93457550,37.38126600,0,
1049,0.1144,55.93457550,37.38126600,0,183.900
1050,0.1144,55.93457550,37.38126600,0,
1051,0.1144,55.93457550,37.38126600,0,183.904
1052,0.1144,55.93457550,37.38126600,0,
1053,0.1144,55.93457550,37.38126600,0,183.902
1054,0.1144,55.93457550,37.38126600,0,
1055,0.1144,55.93457560,37.38126600,0,183.900
1056,0.1144,55.93457560,37.38126600,0,
1057,0.1144,55.93457560,37.38126600,0,183.909
1058,0.1144,55.93457560,37.38126600,0,
1059,0.1144,55.93457560,37.38126600,0,183.904
1060,0.1144,55.93457560,37.38126600,0,
1061,0.1144,55.93457560,37.38126600,0,183.903
1062,0.1144,55.93457560,37.38126600,0,
1063,0.1144,55.93457560,37.38126600,0,183.906
1064,0.1144,55.93457560,37.38126600,0,
1065,0.1144,55.93457560,37.38126600,0,183.892
1066,0.1144,55.93457560,37.38126600,0,
1067,0.1144,55.93457560,37.38126600,0,183.892
1068,0.1144,55.93457560,37.38126600,0,
1069,0.1144,55.93457560,37.38126600,0,183.902
1070,0.1144,55.93457560,37.38126600,0,
1071,0.1144,55.93457560,37.38126600,0,183.896
1072,0.1144,55.93457560,37.38126600,0,
1073,0.1144,55.93457560,37.38126610,0,183.896
1074,0.1144,55.93457560,37.38126610,0,
1075,0.1144,55.93457560,37.38126610,0,183.891
1076,0.1144,55.93457560,37.38126610,0,
1077,0.1144,55.93457560,37.38126610,0,183.893
1078,0.1144,55.93457560,37.38126610,0,
1079,0.1144,55.93457560,37.38126610,0,183.894
1080,0.1144,55.93457560,37.38126610,0,
1081,0.1144,55.93457560,37.38126610,0,183.898
1082,0.1144,55.93457560,37.38126610,0,
1083,0.1144,55.93457560,37.38126610,0,183.894
1084,0.1144,55.93457560,37.38126610,0,
1085,0.1144,55.93457560,37.38126600,0,183.894
1086,0.1144,55.93457560,37.38126600,0,
1087,0.1144,55.93457560,37.38126600,0,183.898
1088,0.1144,55.93457560,37.38126600,0,
1089,0.1144,55.93457560,37.38126600,0,183.898
1090,0.1144,55.93457560,37.38126610,0,
1091,0.1144,55.93457560,37.38126610,0,183.892
1092,0.1144,55.93457560,37.38126610,0,
1093,0.1144,55.93457560,37.38126610,0,183.889
1094,0.1144,55.93457560,37.38126610,0,
1095,0.1144,55.93457560,37.38126610,0,183.892
1096,0.1144,55.93457560,37.38126600,0,
1097,0.1144,55.93457560,37.38126600,0,183.891
1098,0.1144,55.93457560,37.38126600,0,
1099,0.1144,55.93457560,37.38126600,0,183.888
1100,0.1144,55.93457560,37.38126600,0,
1101,0.1144,55.93457560,37.38126600,0,183.885
1102,0.1144,55.93457560,37.38126600,0,
1103,0.1144,55.93457560,37.38126600,0,183.890
1104,0.1144,55.93457550,37.38126600,0,
1105,0.1144,55.93457550,37.38126600,0,183.901
1106,0.1144,55.93457550,37.38126610,0,
1107,0.1144,55.93457550,37.38126610,0,183.907
1108,0.1144,55.93457550,37.38126610,0,
1109,0.1144,55.93457550,37.38126610,0,183.902
1110,0.1144,55.93457560,37.38126610,0,
1111,0.1144,55.93457560,37.38126610,0,183.906
1112,0.1144,55.93457560,37.38126610,0,
1113,0.1144,55.93457560,37.38126610,0,183.904
1114,0.1144,55.93457560,37.38126610,0,
1115,0.1144,55.93457560,37.38126610,0,183.893
1116,0.1144,55.93457560,37.38126600,0,
1117,0.1144,55.93457560,37.38126600,0,183.892
1118,0.1144,55.93457560,37.38126610,0,
1119,0.1144,55.93457560,37.38126610,0,183.896
1120,0.1144,55.93457550,37.38126600,0,
1121,0.1144,55.93457550,37.38126600,0,183.895
1122,0.1144,55.93457550,37.38126600,0,
1123,0.1144,55.93457550,37.38126600,0,183.897
1124,0.1144,55.93457550,37.38126600,0,
1125,0.1144,55.93457550,37.38126600,0,183.888
1126,0.1144,55.93457550,37.38126600,0,
1127,0.1144,55.93457550,37.38126600,0,183.886
1128,0.1144,55.93457550,37.38126600,0,
1129,0.1144,55.93457550,37.38126600,0,183.885
1130,0.1144,55.93457550,37.38126600,0,
1131,0.1144,55.93457550,37.38126600,0,183.888
1132,0.1144,55.93457550,37.38126600,0,
1133,0.1144,55.93457550,37.38126600,0,183.887
1134,0.1144,55.93457550,37.38126600,0,
1135,0.1144,55.93457550,37.38126600,0,183.895
1136,0.1144,55.93457550,37.38126600,0,
1137,0.1144,55.93457550,37.38126600,0,183.893
1138,0.1144,55.93457550,37.38126600,0,
1139,0.1144,55.93457550,37.38126600,0,183.889
1140,0.1144,55.93457550,37.38126600,0,
1141,0.1144,55.93457550,37.38126600,0,183.889
1142,0.1144,55.93457550,37.38126600,0,
1143,0.1144,55.93457550,37.38126600,0,183.889
1144,0.1144,55.93457550,37.38126600,0,
1145,0.1144,55.93457550,37.38126600,0,
1146,0.1144,55.93457550,37.38126600,0,183.890
1147,0.1144,55.93457550,37.38126600,0,
1148,0.1144,55.93457550,37.38126600,0,183.892
1149,0.1144,55.93457550,37.38126600,0,
1150,0.1144,55.93457550,37.38126600,0,183.892
1151,0.1144,55.93457550,37.38126600,0,
1152,0.1144,55.93457550,37.38126600,0,183.887
1153,0.1144,55.93457550,37.38126600,0,
1154,0.1144,55.93457550,37.38126600,0,183.889
1155,0.1144,55.93457550,37.38126600,0,
1156,0.1144,55.93457550,37.38126600,0,183.890
1157,0.1144,55.93457550,37.38126600,0,
1158,0.1144,55.93457550,37.38126600,0,183.893
1159,0.1144,55.93457550,37.38126600,0,
1160,0.1144,55.93457550,37.38126600,0,183.891
1161,0.1144,55.93457550,37.38126600,0,
1162,0.1144,55.93457550,37.38126600,0,183.891
1163,0.1144,55.93457550,37.38126600,0,
1164,0.1144,55.93457550,37.38126600,0,183.891
1165,0.1144,55.93457550,37.38126600,0,
1166,0.1144,55.93457550,37.38126600,0,183.891
1167,0.1144,55.93457550,37.38126600,0,
1168,0.1144,55.93457550,37.38126600,0,183.892
1169,0.1144,55.93457550,37.38126600,0,
1170,0.1144,55.93457550,37.38126600,0,183.891
1171,0.1144,55.93457550,37.38126600,0,
1172,0.1144,55.93457550,37.38126600,0,183.887
1173,0.1144,55.93457550,37.38126600,0,
1174,0.1144,55.93457550,37.38126600,0,183.896
1175,0.1144,55.93457550,37.38126600,0,
1176,0.1144,55.93457550,37.38126610,0,183.890
1177,0.1144,55.93457550,37.38126610,0,
1178,0.1144,55.93457550,37.38126610,0,183.891
1179,0.1144,55.93457550,37.38126610,0,
1180,0.1144,55.93457550,37.38126610,0,183.893
1181,0.1144,55.93457550,37.38126610,0,
1182,0.1144,55.93457550,37.38126610,0,183.895
1183,0.1144,55.93457550,37.38126610,0,
1184,0.1144,55.93457560,37.38126610,0,183.887
1185,0.1144,55.93457560,37.38126610,0,
1186,0.1144,55.93457560,37.38126610,0,183.891
1187,0.1144,55.93457560,37.38126610,0,
1188,0.1144,55.93457560,37.38126610,0,183.896
1189,0.1144,55.93457560,37.38126610,0,
1190,0.1144,55.93457560,37.38126610,0,183.898
1191,0.1144,55.93457560,37.38126610,0,
1192,0.1144,55.93457560,37.38126610,0,183.895
1193,0.1144,55.93457560,37.38126610,0,
1194,0.1144,55.93457560,37.38126610,0,183.897
1195,0.1144,55.93457560,37.38126610,0,
1196,0.1144,55.93457560,37.38126610,0,183.887
1197,0.1144,55.93457560,37.38126610,0,
1198,0.1144,55.93457560,37.38126610,0,183.888
1199,0.1144,55.93457560,37.38126610,0,
1200,0.1144,55.93457560,37.38126610,0,183.892
1201,0.1144,55.93457560,37.38126610,0,
1202,0.1144,55.93457560,37.38126610,0,183.885
1203,0.1144,55.93457560,37.38126610,0,
1204,0.1144,55.93457560,37.38126610,0,183.887
1205,0.1144,55.93457560,37.38126610,0,
1206,0.1144,55.93457560,37.38126610,0,183.888
1207,0.1144,55.93457560,37.38126610,0,
1208,0.1144,55.93457560,37.38126610,0,183.887
1209,0.1144,55.93457560,37.38126610,0,
1210,0.1144,55.93457560,37.38126610,0,183.887
1211,0.1144,55.93457560,37.38126620,0,
1212,0.1144,55.93457560,37.38126620,0,183.887
1213,0.1144,55.93457560,37.38126620,0,
1214,0.1144,55.93457560,37.38126620,0,183.884
1215,0.1144,55.93457550,37.38126620,0,
1216,0.1144,55.93457550,37.38126620,0,183.896
1217,0.1144,55.93457550,37.38126620,0,
1218,0.1144,55.93457550,37.38126620,0,183.894
1219,0.1144,55.93457560,37.38126620,0,
1220,0.1144,55.93457560,37.38126620,0,183.892
1221,0.1144,55.93457560,37.38126620,0,
1222,0.1144,55.93457560,37.38126620,0,183.895
1223,0.1144,55.93457560,37.38126620,0,
1224,0.1144,55.93457560,37.38126620,0,183.893
1225,0.1144,55.93457560,37.38126620,0,
1226,0.1144,55.93457560,37.38126620,0,183.899
1227,0.1144,55.93457560,37.38126620,0,
1228,0.1144,55.93457560,37.38126620,0,183.898
1229,0.1144,55.93457560,37.38126610,0,
1230,0.1144,55.93457560,37.38126610,0,183.900
1231,0.1144,55.93457560,37.38126610,0,
1232,0.1144,55.93457560,37.38126610,0,183.894
1233,0.1144,55.93457560,37.38126610,0,
1234,0.1144,55.93457560,37.38126610,0,183.896
1235,0.1144,55.93457560,37.38126610,0,
1236,0.1144,55.93457560,37.38126610,0,183.896
1237,0.1144,55.93457560,37.38126610,0,
1238,0.1144,55.93457560,37.38126610,0,183.894
1239,0.1144,55.93457560,37.38126610,0,
1240,0.1144,55.93457560,37.38126610,0,183.901
1241,0.1144,55.93457560,37.38126610,0,
1242,0.1144,55.93457560,37.38126610,0,183.897
1243,0.1144,55.93457560,37.38126610,0,
1244,0.1144,55.93457560,37.38126610,0,183.897
1245,0.1144,55.93457560,37.38126610,0,
1246,0.1144,55.93457560,37.38126610,0,183.892
1247,0.1144,55.93457560,37.38126610,0,
1248,0.1144,55.93457560,37.38126610,0,183.893
1249,0.1144,55.93457560,37.38126610,0,
1250,0.1144,55.93457560,37.38126610,0,183.891
1251,0.1144,55.93457560,37.38126610,0,
1252,0.1144,55.93457560,37.38126610,0,183.891
1253,0.1144,55.93457560,37.38126610,0,
1254,0.1144,55.93457560,37.38126610,0,183.892
1255,0.1144,55.93457560,37.38126610,0,
1256,0.1144,55.93457560,37.38126610,0,183.886
1257,0.1144,55.93457560,37.38126610,0,
1258,0.1144,55.93457560,37.38126610,0,183.887
1259,0.1144,55.93457560,37.38126610,0,
1260,0.1144,55.93457560,37.38126610,0,183.893
1261,0.1144,55.93457560,37.38126610,0,
1262,0.1144,55.93457560,37.38126610,0,183.891
1263,0.1144,55.93457560,37.38126610,0,
1264,0.1144,55.93457560,37.38126610,0,183.894
1265,0.1144,55.93457560,37.38126610,0,
1266,0.1144,55.93457560,37.38126610,0,183.889
1267,0.1144,55.93457560,37.38126610,0,
1268,0.1144,55.93457560,37.38126600,0,183.890
1269,0.1144,55.93457560,37.38126600,0,
1270,0.1144,55.93457560,37.38126600,0,183.891
1271,0.1144,55.93457560,37.38126600,0,
1272,0.1144,55.93457560,37.38126600,0,183.889
1273,0.1144,55.93457560,37.38126600,0,
1274,0.1144,55.93457560,37.38126600,0,183.888
1275,0.1144,55.93457560,37.38126600,0,
1276,0.1144,55.93457560,37.38126600,0,183.893
1277,0.1144,55.93457560,37.38126600,0,
1278,0.1144,55.93457550,37.38126600,0,183.893
1279,0.1144,55.93457550,37.38126600,0,
1280,0.1144,55.93457550,37.38126600,0,183.892
1281,0.1144,55.93457550,37.38126600,0,
1282,0.1144,55.93457550,37.38126600,0,183.890
1283,0.1144,55.93457550,37.38126610,0,
1284,0.1144,55.93457550,37.38126610,0,183.893
1285,0.1144,55.93457550,37.38126610,0,
1286,0.1144,55.93457550,37.38126610,0,183.892
1287,0.1144,55.93457550,37.38126600,0,
1288,0.1144,55.93457550,37.38126600,0,183.892
1289,0.1144,55.93457550,37.38126600,0,
1290,0.1144,55.93457550,37.38126600,0,183.893
1291,0.1144,55.93457550,37.38126610,0,
1292,0.1144,55.93457550,37.38126610,0,183.896
1293,0.1144,55.93457550,37.38126610,0,
1294,0.1144,55.93457550,37.38126610,0,183.890
1295,0.1144,55.93457550,37.38126610,0,
1296,0.1144,55.93457550,37.38126610,0,183.893
1297,0.1144,55.93457550,37.38126610,0,
1298,0.1144,55.93457550,37.38126610,0,183.895
1299,0.1144,55.93457550,37.38126610,0,
1300,0.1144,55.93457550,37.38126610,0,183.895
1301,0.1144,55.93457550,37.38126610,0,
1302,0.1144,55.93457550,37.38126610,0,183.893
1303,0.1144,55.93457550,37.38126610,0,
1304,0.1144,55.93457550,37.38126610,0,183.896
1305,0.1144,55.93457550,37.38126610,0,
1306,0.1144,55.93457550,37.38126610,0,183.891
1307,0.1144,55.93457550,37.38126610,0,
1308,0.1144,55.93457550,37.38126610,0,183.888
1309,0.1144,55.93457550,37.38126610,0,
1310,0.1144,55.93457550,37.38126610,0,183.887
1311,0.1144,55.93457550,37.38126610,0,
1312,0.1144,55.93457550,37.38126610,0,183.887
1313,0.1144,55.93457550,37.38126610,0,
1314,0.1144,55.93457550,37.38126610,0,183.889
1315,0.1144,55.93457550,37.38126610,0,
1316,0.1144,55.93457550,37.38126610,0,183.895
1317,0.1144,55.93457550,37.38126610,0,
1318,0.1144,55.93457550,37.38126610,0,183.896
1319,0.1144,55.93457550,37.38126610,0,
1320,0.1144,55.93457550,37.38126610,0,183.893
1321,0.1144,55.93457550,37.38126610,0,
1322,0.1144,55.93457550,37.38126610,0,183.895
1323,0.1144,55.93457550,37.38126610,0,
1324,0.1144,55.93457550,37.38126610,0,183.892
1325,0.1144,55.93457550,37.38126610,0,
1326,0.1144,55.93457550,37.38126610,0,183.888
1327,0.1144,55.93457550,37.38126610,0,
1328,0.1144,55.93457550,37.38126610,0,183.892
1329,0.1144,55.93457550,37.38126610,0,
1330,0.1144,55.93457550,37.38126610,0,183.891
1331,0.1144,55.93457550,37.38126610,0,
1332,0.1144,55.93457550,37.38126610,0,183.890
1333,0.1144,55.93457550,37.38126610,0,
1334,0.1144,55.93457550,37.38126610,0,183.893
1335,0.1144,55.93457550,37.38126610,0,
1336,0.1144,55.93457550,37.38126610,0,183.893
1337,0.1144,55.93457550,37.38126610,0,
1338,0.1144,55.93457550,37.38126610,0,183.896
1339,0.1144,55.93457550,37.38126610,0,
1340,0.1144,55.93457550,37.38126610,0,183.891
1341,0.1144,55.93457550,37.38126610,0,
1342,0.1144,55.93457550,37.38126610,0,183.899
1343,0.1144,55.93457550,37.38126610,0,
1344,0.1144,55.93457550,37.38126610,0,183.894
1345,0.1144,55.93457550,37.38126610,0,
1346,0.1144,55.93457550,37.38126610,0,183.896
1347,0.1144,55.93457550,37.38126610,0,
1348,0.1144,55.93457550,37.38126610,0,183.894
1349,0.1144,55.93457550,37.38126610,0,
1350,0.1144,55.93457550,37.38126610,0,183.900
1351,0.1144,55.93457550,37.38126610,0,
1352,0.1144,55.93457550,37.38126610,0,183.897
1353,0.1144,55.93457550,37.38126610,0,
1354,0.1144,55.93457550,37.38126610,0,183.898
1355,0.1144,55.93457550,37.38126610,0,
1356,0.1144,55.93457550,37.38126610,0,183.902
1357,0.1144,55.93457550,37.38126610,0,
1358,0.1144,55.93457550,37.38126610,0,183.893
1359,0.1144,55.93457550,37.38126610,0,
1360,0.1144,55.93457550,37.38126610,0,183.898
1361,0.1144,55.93457550,37.38126610,0,
1362,0.1144,55.93457550,37.38126610,0,183.895
1363,0.1144,55.93457550,37.38126610,0,
1364,0.1144,55.93457550,37.38126610,0,183.895
1365,0.1144,55.93457550,37.38126610,0,
1366,0.1144,55.93457550,37.38126610,0,183.890
1367,0.1144,55.93457550,37.38126610,0,
1368,0.1144,55.93457550,37.38126610,0,183.893
1369,0.1144,55.93457550,37.38126610,0,
1370,0.1144,55.93457550,37.38126610,0,183.894
1371,0.1144,55.93457550,37.38126620,0,
1372,0.1144,55.93457550,37.38126620,0,183.894
1373,0.1144,55.93457550,37.38126620,0,
1374,0.1144,55.93457550,37.38126620,0,183.890
1375,0.1144,55.93457550,37.38126620,0,
1376,0.1144,55.93457550,37.38126620,0,183.905
1377,0.1144,55.93457550,37.38126620,0,
1378,0.1144,55.93457550,37.38126620,0,183.904
1379,0.1144,55.93457550,37.38126620,0,
1380,0.1144,55.93457550,37.38126620,0,183.902
1381,0.1144,55.93457550,37.38126620,0,
1382,0.1144,55.93457550,37.38126620,0,183.904
1383,0.1144,55.93457550,37.38126620,0,
1384,0.1144,55.93457550,37.38126620,0,183.905
1385,0.1144,55.93457550,37.38126620,0,
1386,0.1144,55.93457550,37.38126620,0,183.890
1387,0.1144,55.93457550,37.38126610,0,
1388,0.1144,55.93457550,37.38126610,0,183.897
1389,0.1144,55.93457550,37.38126610,0,
1390,0.1144,55.93457550,37.38126610,0,183.898
1391,0.1144,55.93457550,37.38126610,0,
1392,0.1144,55.93457550,37.38126610,0,183.894
1393,0.1144,55.93457550,37.38126610,0,
1394,0.1144,55.93457550,37.38126620,0,183.897
1395,0.1144,55.93457550,37.38126620,0,
1396,0.1144,55.93457550,37.38126620,0,183.895
1397,0.1144,55.93457550,37.38126620,0,
1398,0.1144,55.93457550,37.38126620,0,183.893
1399,0.1144,55.93457550,37.38126620,0,
1400,0.1144,55.93457550,37.38126620,0,183.889
1401,0.1144,55.93457550,37.38126620,0,
1402,0.1144,55.93457550,37.38126620,0,183.885
1403,0.1144,55.93457550,37.38126620,0,
1404,0.1144,55.93457550,37.38126620,0,183.891
1405,0.1144,55.93457550,37.38126620,0,
1406,0.1144,55.93457550,37.38126620,0,183.898
1407,0.1144,55.93457550,37.38126620,0,
1408,0.1144,55.93457550,37.38126620,0,183.900
1409,0.1144,55.93457550,37.38126620,0,
1410,0.1144,55.93457550,37.38126620,0,183.902
1411,0.1144,55.93457550,37.38126620,0,
1412,0.1144,55.93457550,37.38126620,0,183.900
1413,0.1144,55.93457550,37.38126620,0,
1414,0.1144,55.93457550,37.38126620,0,183.904
1415,0.1144,55.93457550,37.38126620,0,
1416,0.1144,55.93457550,37.38126620,0,183.902
1417,0.1144,55.93457550,37.38126620,0,
1418,0.1144,55.93457550,37.38126620,0,183.894
1419,0.1144,55.93457550,37.38126620,0,
1420,0.1144,55.93457550,37.38126620,0,183.899
1421,0.1144,55.93457550,37.38126620,0,
1422,0.1144,55.93457550,37.38126620,0,
1423,0.1144,55.93457550,37.38126620,0,183.897
1424,0.1144,55.93457550,37.38126620,0,
1425,0.1144,55.93457550,37.38126620,0,183.895
1426,0.1144,55.93457550,37.38126620,0,
1427,0.1144,55.93457550,37.38126620,0,183.898
1428,0.1144,55.93457550,37.38126620,0,
1429,0.1144,55.93457550,37.38126620,0,183.904
1430,0.1144,55.93457550,37.38126620,0,
1431,0.1144,55.93457550,37.38126620,0,183.904
1432,0.1144,55.93457550,37.38126620,0,
1433,0.1144,55.93457550,37.38126620,0,183.906
1434,0.1144,55.93457550,37.38126620,0,
1435,0.1144,55.93457550,37.38126620,0,183.900
1436,0.1144,55.93457550,37.38126620,0,
1437,0.1144,55.93457550,37.38126620,0,183.905
1438,0.1144,55.93457550,37.38126620,0,
1439,0.1144,55.93457550,37.38126620,0,183.906
1440,0.1144,55.93457550,37.38126620,0,
1441,0.1144,55.93457550,37.38126620,0,183.906
1442,0.1144,55.93457550,37.38126620,0,
1443,0.1144,55.93457550,37.38126620,0,183.906
1444,0.1144,55.93457550,37.38126620,0,
1445,0.1144,55.93457550,37.38126620,0,183.907
1446,0.1144,55.93457550,37.38126620,0,
1447,0.1144,55.93457560,37.38126620,0,183.909
1448,0.1144,55.93457560,37.38126620,0,
1449,0.1144,55.93457560,37.38126620,0,183.906
1450,0.1144,55.93457560,37.38126620,0,
1451,0.1144,55.93457560,37.38126620,0,183.908
1452,0.1144,55.93457560,37.38126620,0,
1453,0.1144,55.93457560,37.38126620,0,183.894
1454,0.1144,55.93457560,37.38126620,0,
1455,0.1144,55.93457560,37.38126620,0,183.898
1456,0.1144,55.93457560,37.38126620,0,
1457,0.1144,55.93457560,37.38126620,0,183.900
1458,0.1144,55.93457560,37.38126620,0,
1459,0.1144,55.93457550,37.38126620,0,183.905
1460,0.1144,55.93457550,37.38126620,0,
1461,0.1144,55.93457550,37.38126620,0,183.912
1462,0.1144,55.93457550,37.38126620,0,
1463,0.1144,55.93457550,37.38126620,0,183.907
1464,0.1144,55.93457550,37.38126620,0,
1465,0.1144,55.93457550,37.38126620,0,183.911
1466,0.1144,55.93457550,37.38126620,0,
1467,0.1144,55.93457550,37.38126620,0,183.910
1468,0.1144,55.93457550,37.38126620,0,
1469,0.1144,55.93457550,37.38126620,0,183.906
1470,0.1144,55.93457550,37.38126620,0,
1471,0.1144,55.93457550,37.38126620,0,183.904
1472,0.1144,55.93457550,37.38126620,0,
1473,0.1144,55.93457550,37.38126620,0,183.910
1474,0.1144,55.93457550,37.38126620,0,
1475,0.1144,55.93457550,37.38126620,0,183.911
1476,0.1144,55.93457550,37.38126620,0,
1477,0.1144,55.93457550,37.38126620,0,183.906
1478,0.1144,55.93457550,37.38126620,0,
1479,0.1144,55.93457550,37.38126620,0,183.909
1480,0.1144,55.93457550,37.38126620,0,
1481,0.1144,55.93457550,37.38126620,0,183.914
1482,0.1144,55.93457550,37.38126620,0,
1483,0.1144,55.93457550,37.38126620,0,183.910
1484,0.1144,55.93457550,37.38126620,0,
1485,0.1144,55.93457550,37.38126620,0,183.914
1486,0.1144,55.93457560,37.38126620,0,
1487,0.1144,55.93457560,37.38126620,0,183.911
1488,0.1144,55.93457560,37.38126620,0,
1489,0.1144,55.93457560,37.38126620,0,183.904
1490,0.1144,55.93457560,37.38126620,0,
1491,0.1144,55.93457560,37.38126620,0,183.903
1492,0.1144,55.93457560,37.38126620,0,
1493,0.1144,55.93457560,37.38126620,0,183.899
1494,0.1144,55.93457560,37.38126620,0,
1495,0.1144,55.93457560,37.38126620,0,183.899
1496,0.1144,55.93457560,37.38126620,0,
1497,0.1144,55.93457560,37.38126620,0,183.900
1498,0.1144,55.93457560,37.38126620,0,
1499,0.1144,55.93457560,37.38126620,0,183.908
1500,0.1144,55.93457560,37.38126620,0,
1501,0.1144,55.93457560,37.38126620,0,183.900
1502,0.1144,55.93457560,37.38126620,0,
1503,0.1144,55.93457560,37.38126620,0,183.906
1504,0.1144,55.93457560,37.38126620,0,
1505,0.1144,55.93457560,37.38126620,0,183.906
1506,0.1144,55.93457560,37.38126620,0,
1507,0.1144,55.93457560,37.38126610,0,183.902
1508,0.1144,55.93457560,37.38126610,0,
1509,0.1144,55.93457550,37.38126610,0,183.906
1510,0.1144,55.93457550,37.38126610,0,
1511,0.1144,55.93457550,37.38126610,0,183.901
1512,0.1144,55.93457550,37.38126610,0,
1513,0.1144,55.93457550,37.38126610,0,183.905
1514,0.1144,55.93457550,37.38126610,0,
1515,0.1144,55.93457550,37.38126610,0,183.909
1516,0.1144,55.93457550,37.38126610,0,
1517,0.1144,55.93457550,37.38126610,0,183.907
1518,0.1144,55.93457550,37.38126610,0,
1519,0.1144,55.93457550,37.38126610,0,183.907
1520,0.1144,55.93457550,37.38126610,0,
1521,0.1144,55.93457550,37.38126610,0,183.912
1522,0.1144,55.93457550,37.38126610,0,
1523,0.1144,55.93457550,37.38126610,0,183.908
1524,0.1144,55.93457550,37.38126610,0,
1525,0.1144,55.93457550,37.38126620,0,183.907
1526,0.1144,55.93457550,37.38126620,0,
1527,0.1144,55.93457550,37.38126620,0,183.910
1528,0.1144,55.93457550,37.38126620,0,
1529,0.1144,55.93457550,37.38126620,0,183.913
1530,0.1144,55.93457550,37.38126620,0,
1531,0.1144,55.93457550,37.38126620,0,183.915
1532,0.1144,55.93457550,37.38126620,0,
1533,0.1144,55.93457550,37.38126620,0,183.919
1534,0.1144,55.93457550,37.38126620,0,
1535,0.1144,55.93457550,37.38126620,0,183.917
1536,0.1144,55.93457550,37.38126620,0,
1537,0.1144,55.93457550,37.38126620,0,183.913
1538,0.1144,55.93457550,37.38126620,0,
1539,0.1144,55.93457550,37.38126620,0,183.914
1540,0.1144,55.93457550,37.38126620,0,
1541,0.1144,55.93457550,37.38126620,0,183.912
1542,0.1144,55.93457550,37.38126620,0,
1543,0.1144,55.93457560,37.38126620,0,183.910
1544,0.1144,55.93457550,37.38126620,0,
1545,0.1144,55.93457550,37.38126620,0,183.915
1546,0.1144,55.93457550,37.38126620,0,
1547,0.1144,55.93457550,37.38126620,0,183.911
1548,0.1144,55.93457560,37.38126620,0,
1549,0.1144,55.93457560,37.38126620,0,183.915
1550,0.1144,55.93457560,37.38126620,0,
1551,0.1144,55.93457560,37.38126620,0,183.911
1552,0.1144,55.93457560,37.38126620,0,
1553,0.1144,55.93457560,37.38126620,0,183.910
1554,0.1144,55.93457560,37.38126620,0,
1555,0.1144,55.93457560,37.38126620,0,183.911
1556,0.1144,55.93457560,37.38126620,0,
1557,0.1144,55.93457560,37.38126620,0,183.902
1558,0.1144,55.93457560,37.38126620,0,
1559,0.1144,55.93457560,37.38126620,0,183.903
1560,0.1144,55.93457560,37.38126620,0,
1561,0.1144,55.93457560,37.38126620,0,183.900
1562,0.1144,55.93457560,37.38126620,0,
1563,0.1144,55.93457560,37.38126620,0,183.902
1564,0.1144,55.93457560,37.38126620,0,
1565,0.1144,55.93457560,37.38126620,0,183.901
1566,0.1144,55.93457560,37.38126620,0,
1567,0.1144,55.93457560,37.38126620,0,183.904
1568,0.1144,55.93457560,37.38126620,0,
1569,0.1144,55.93457560,37.38126620,0,183.906
1570,0.1144,55.93457560,37.38126620,0,
1571,0.1144,55.93457560,37.38126620,0,183.903
1572,0.1144,55.93457560,37.38126620,0,
1573,0.1144,55.93457560,37.38126620,0,183.906
1574,0.1144,55.93457560,37.38126620,0,
1575,0.1144,55.93457560,37.38126620,0,183.906
1576,0.1144,55.93457560,37.38126620,0,
1577,0.1144,55.93457560,37.38126620,0,183.919
1578,0.1144,55.93457560,37.38126620,0,
1579,0.1144,55.93457560,37.38126610,0,183.917
1580,0.1144,55.93457560,37.38126610,0,
1581,0.1144,55.93457550,37.38126610,0,183.914
1582,0.1144,55.93457550,37.38126610,0,
1583,0.1144,55.93457550,37.38126610,0,183.918
1584,0.1144,55.93457550,37.38126610,0,
1585,0.1144,55.93457550,37.38126610,0,183.916
1586,0.1144,55.93457550,37.38126610,0,
1587,0.1144,55.93457550,37.38126610,0,183.915
1588,0.1144,55.93457550,37.38126610,0,
1589,0.1144,55.93457550,37.38126610,0,183.904
1590,0.1144,55.93457550,37.38126610,0,
1591,0.1144,55.93457550,37.38126610,0,183.908
1592,0.1144,55.93457550,37.38126610,0,
1593,0.1144,55.93457550,37.38126610,0,183.901
1594,0.1144,55.93457550,37.38126610,0,
1595,0.1144,55.93457550,37.38126610,0,183.909
1596,0.1144,55.93457550,37.38126610,0,
1597,0.1144,55.93457550,37.38126610,0,183.906
1598,0.1144,55.93457550,37.38126610,0,
1599,0.1144,55.93457550,37.38126610,0,183.915
1600,0.1144,55.93457550,37.38126610,0,
1601,0.1144,55.93457550,37.38126610,0,183.915
1602,0.1144,55.93457550,37.38126610,0,
1603,0.1144,55.93457550,37.38126610,0,183.915
1604,0.1144,55.93457550,37.38126610,0,
1605,0.1144,55.93457550,37.38126610,0,183.916
1606,0.1144,55.93457550,37.38126610,0,
1607,0.1144,55.93457550,37.38126610,0,183.918
1608,0.1144,55.93457550,37.38126610,0,
1609,0.1144,55.93457550,37.38126610,0,183.917
1610,0.1144,55.93457550,37.38126610,0,
1611,0.1144,55.93457550,37.38126620,0,183.909
1612,0.1144,55.93457550,37.38126620,0,
1613,0.1144,55.93457550,37.38126620,0,183.912
1614,0.1144,55.93457550,37.38126620,0,
1615,0.1144,55.93457550,37.38126620,0,183.910
1616,0.1144,55.93457550,37.38126620,0,
1617,0.1144,55.93457550,37.38126620,0,183.916
1618,0.1144,55.93457550,37.38126620,0,
1619,0.1144,55.93457550,37.38126620,0,183.915
1620,0.1144,55.93457550,37.38126620,0,
1621,0.1144,55.93457550,37.38126620,0,183.918
1622,0.1144,55.93457550,37.38126620,0,
1623,0.1144,55.93457550,37.38126620,0,183.915
1624,0.1144,55.93457550,37.38126630,0,
1625,0.1144,55.93457550,37.38126630,0,183.915
1626,0.1144,55.93457550,37.38126630,0,
1627,0.1144,55.93457550,37.38126630,0,183.910
1628,0.1144,55.93457550,37.38126630,0,
1629,0.1144,55.93457550,37.38126630,0,183.914
1630,0.1144,55.93457550,37.38126630,0,
1631,0.1144,55.93457550,37.38126630,0,183.919
1632,0.1144,55.93457550,37.38126630,0,
1633,0.1144,55.93457550,37.38126630,0,183.915
1634,0.1144,55.93457550,37.38126620,0,
1635,0.1144,55.93457550,37.38126620,0,183.919
1636,0.1144,55.93457550,37.38126620,0,
1637,0.1144,55.93457550,37.38126620,0,183.923
1638,0.1144,55.93457550,37.38126620,0,
1639,0.1144,55.93457550,37.38126620,0,183.917
1640,0.1144,55.93457550,37.38126620,0,
1641,0.1144,55.93457550,37.38126620,0,183.918
1642,0.1144,55.93457550,37.38126610,0,
1643,0.1144,55.93457550,37.38126610,0,183.920
1644,0.1144,55.93457550,37.38126610,0,
1645,0.1144,55.93457550,37.38126610,0,183.918
1646,0.1144,55.93457550,37.38126610,0,
1647,0.1144,55.93457550,37.38126610,0,183.920
1648,0.1144,55.93457550,37.38126610,0,
1649,0.1144,55.93457550,37.38126610,0,183.921
1650,0.1144,55.93457550,37.38126610,0,
1651,0.1144,55.93457550,37.38126610,0,183.919
1652,0.1144,55.93457550,37.38126610,0,
1653,0.1144,55.93457550,37.38126610,0,183.918
1654,0.1144,55.93457550,37.38126610,0,
1655,0.1144,55.93457550,37.38126610,0,183.924
1656,0.1144,55.93457550,37.38126610,0,
1657,0.1144,55.93457550,37.38126610,0,183.918
1658,0.1144,55.93457550,37.38126610,0,
1659,0.1144,55.93457560,37.38126610,0,183.913
1660,0.1144,55.93457560,37.38126610,0,
1661,0.1144,55.93457560,37.38126610,0,183.912
1662,0.1144,55.93457560,37.38126610,0,
1663,0.1144,55.93457560,37.38126610,0,183.917
1664,0.1144,55.93457560,37.38126610,0,
1665,0.1144,55.93457560,37.38126610,0,183.910
1666,0.1144,55.93457560,37.38126610,0,
1667,0.1144,55.93457560,37.38126610,0,183.916
1668,0.1144,55.93457560,37.38126610,0,
1669,0.1144,55.93457560,37.38126610,0,183.916
1670,0.1144,55.93457560,37.38126610,0,
1671,0.1144,55.93457560,37.38126610,0,183.910
1672,0.1144,55.93457560,37.38126610,0,
1673,0.1144,55.93457560,37.38126610,0,183.914
1674,0.1144,55.93457560,37.38126610,0,
1675,0.1144,55.93457560,37.38126610,0,183.907
1676,0.1144,55.93457560,37.38126610,0,
1677,0.1144,55.93457560,37.38126610,0,183.911
1678,0.1144,55.93457560,37.38126610,0,
1679,0.1144,55.93457560,37.38126610,0,183.911
1680,0.1144,55.93457560,37.38126610,0,
1681,0.1144,55.93457560,37.38126620,0,183.909
1682,0.1144,55.93457560,37.38126620,0,
1683,0.1144,55.93457560,37.38126620,0,183.914
1684,0.1144,55.93457560,37.38126620,0,
1685,0.1144,55.93457560,37.38126620,0,183.910
1686,0.1144,55.93457560,37.38126620,0,
1687,0.1144,55.93457560,37.38126620,0,183.912
1688,0.1144,55.93457560,37.38126620,0,
1689,0.1144,55.93457560,37.38126620,0,183.913
1690,0.1144,55.93457560,37.38126620,0,
1691,0.1144,55.93457560,37.38126620,0,183.913
1692,0.1144,55.93457560,37.38126620,0,
1693,0.1144,55.93457560,37.38126620,0,
1694,0.1144,55.93457560,37.38126620,0,183.913
1695,0.1144,55.93457560,37.38126620,0,
1696,0.1144,55.93457560,37.38126620,0,183.915
1697,0.1144,55.93457560,37.38126620,0,
1698,0.1144,55.93457560,37.38126620,0,183.911
1699,0.1144,55.93457560,37.38126620,0,183.908
1700,0.1144,55.93457560,37.38126620,0,
1701,0.1144,55.93457560,37.38126620,0,183.910
1702,0.1144,55.93457560,37.38126620,0,
1703,0.1144,55.93457560,37.38126620,0,183.910
1704,0.1144,55.93457560,37.38126620,0,
1705,0.1144,55.93457560,37.38126620,0,183.908
1706,0.1144,55.93457560,37.38126620,0,
1707,0.1144,55.93457560,37.38126620,0,
1708,0.1144,55.93457560,37.38126620,0,183.911
1709,0.1144,55.93457560,37.38126620,0,183.914
1710,0.1144,55.93457560,37.38126620,0,
1711,0.1144,55.93457560,37.38126620,0,183.912
1712,0.1144,55.93457560,37.38126630,0,
1713,0.1144,55.93457560,37.38126630,0,
1714,0.1144,55.93457560,37.38126630,0,183.910
1715,0.1144,55.93457560,37.38126630,0,
1716,0.1144,55.93457560,37.38126630,0,183.910
1717,0.1144,55.93457560,37.38126630,0,
1718,0.1144,55.93457560,37.38126630,0,183.912
1719,0.1144,55.93457560,37.38126630,0,
1720,0.1144,55.93457560,37.38126630,0,183.914
1721,0.1144,55.93457560,37.38126630,0,
1722,0.1144,55.93457560,37.38126630,0,183.913
1723,0.1144,55.93457560,37.38126630,0,
1724,0.1144,55.93457560,37.38126630,0,183.918
1725,0.1144,55.93457560,37.38126630,0,
1726,0.1144,55.93457560,37.38126630,0,183.915
1727,0.1144,55.93457560,37.38126630,0,
1728,0.1144,55.93457560,37.38126630,0,183.916
1729,0.1144,55.93457560,37.38126630,0,
1730,0.1144,55.93457560,37.38126630,0,183.916
1731,0.1144,55.93457560,37.38126630,0,
1732,0.1144,55.93457560,37.38126630,0,183.913
1733,0.1144,55.93457560,37.38126630,0,
1734,0.1144,55.93457560,37.38126630,0,183.915
1735,0.1144,55.93457560,37.38126630,0,
1736,0.1144,55.93457560,37.38126630,0,183.917
1737,0.1144,55.93457560,37.38126630,0,
1738,0.1144,55.93457560,37.38126630,0,183.912
1739,0.1144,55.93457560,37.38126630,0,
1740,0.1144,55.93457560,37.38126630,0,183.910
1741,0.1144,55.93457560,37.38126630,0,
1742,0.1144,55.93457560,37.38126630,0,183.912
1743,0.1144,55.93457560,37.38126630,0,
1744,0.1144,55.93457560,37.38126630,0,183.912
1745,0.1144,55.93457560,37.38126630,0,
1746,0.1144,55.93457560,37.38126630,0,183.911
1747,0.1144,55.93457560,37.38126630,0,
1748,0.1144,55.93457560,37.38126630,0,183.907
1749,0.1144,55.93457560,37.38126630,0,
1750,0.1144,55.93457560,37.38126630,0,183.906
1751,0.1144,55.93457560,37.38126630,0,
1752,0.1144,55.93457560,37.38126630,0,183.904
1753,0.1144,55.93457560,37.38126630,0,
1754,0.1144,55.93457560,37.38126630,0,183.902
1755,0.1144,55.93457560,37.38126630,0,
1756,0.1144,55.93457560,37.38126630,0,183.904
1757,0.1144,55.93457560,37.38126630,0,
1758,0.1144,55.93457560,37.38126630,0,183.898
1759,0.1144,55.93457560,37.38126630,0,
1760,0.1144,55.93457560,37.38126630,0,183.906
1761,0.1144,55.93457560,37.38126630,0,
1762,0.1144,55.93457560,37.38126630,0,183.904
1763,0.1144,55.93457560,37.38126630,0,
1764,0.1144,55.93457560,37.38126630,0,183.907
1765,0.1144,55.93457560,37.38126630,0,
1766,0.1144,55.93457560,37.38126630,0,183.903
1767,0.1144,55.93457560,37.38126630,0,
1768,0.1144,55.93457560,37.38126630,0,183.911
1769,0.1144,55.93457560,37.38126630,0,
1770,0.1144,55.93457560,37.38126630,0,183.909
1771,0.1144,55.93457560,37.38126620,0,
1772,0.1144,55.93457560,37.38126620,0,183.913
1773,0.1144,55.93457560,37.38126620,0,
1774,0.1144,55.93457560,37.38126630,0,183.913
1775,0.1144,55.93457560,37.38126630,0,
1776,0.1144,55.93457560,37.38126620,0,183.915
1777,0.1144,55.93457560,37.38126620,0,
1778,0.1144,55.93457560,37.38126620,0,183.910
1779,0.1144,55.93457560,37.38126620,0,
1780,0.1144,55.93457560,37.38126630,0,183.899
1781,0.1144,55.93457560,37.38126630,0,
1782,0.1144,55.93457560,37.38126630,0,183.904
1783,0.1144,55.93457560,37.38126630,0,
1784,0.1144,55.93457560,37.38126630,0,183.903
1785,0.1144,55.93457560,37.38126630,0,
1786,0.1144,55.93457560,37.38126620,0,183.900
1787,0.1144,55.93457560,37.38126620,0,
1788,0.1144,55.93457560,37.38126620,0,183.903
1789,0.1144,55.93457560,37.38126620,0,
1790,0.1144,55.93457560,37.38126620,0,183.906
1791,0.1144,55.93457560,37.38126620,0,
1792,0.1144,55.93457560,37.38126620,0,183.902
1793,0.1144,55.93457560,37.38126620,0,
1794,0.1144,55.93457560,37.38126630,0,183.904
1795,0.1144,55.93457560,37.38126630,0,
1796,0.1144,55.93457560,37.38126630,0,183.911
1797,0.1144,55.93457560,37.38126630,0,
1798,0.1144,55.93457560,37.38126630,0,183.915
1799,0.1144,55.93457560,37.38126630,0,
1800,0.1144,55.93457560,37.38126630,0,183.913
1801,0.1144,55.93457560,37.38126630,0,
1802,0.1144,55.93457560,37.38126630,0,183.910
1803,0.1144,55.93457560,37.38126630,0,
1804,0.1144,55.93457560,37.38126630,0,183.915
1805,0.1144,55.93457560,37.38126630,0,
1806,0.1144,55.93457560,37.38126630,0,183.906
1807,0.1144,55.93457560,37.38126630,0,
1808,0.1144,55.93457560,37.38126630,0,183.911
1809,0.1144,55.93457560,37.38126630,0,
1810,0.1144,55.93457560,37.38126630,0,183.907
1811,0.1144,55.93457560,37.38126620,0,
1812,0.1144,55.93457560,37.38126620,0,183.908
1813,0.1144,55.93457560,37.38126620,0,
1814,0.1144,55.93457560,37.38126620,0,183.911
1815,0.1144,55.93457560,37.38126620,0,
1816,0.1144,55.93457560,37.38126620,0,183.898
1817,0.1144,55.93457560,37.38126620,0,
1818,0.1144,55.93457560,37.38126620,0,183.894
1819,0.1144,55.93457560,37.38126620,0,
1820,0.1144,55.93457560,37.38126620,0,183.902
1821,0.1144,55.93457560,37.38126620,0,
1822,0.1144,55.93457560,37.38126620,0,183.904
1823,0.1144,55.93457560,37.38126620,0,
1824,0.1144,55.93457560,37.38126620,0,183.905
1825,0.1144,55.93457560,37.38126620,0,
1826,0.1144,55.93457560,37.38126620,0,183.902
1827,0.1144,55.93457560,37.38126620,0,
1828,0.1144,55.93457560,37.38126620,0,183.902
1829,0.1144,55.93457560,37.38126620,0,
1830,0.1144,55.93457560,37.38126620,0,183.905
1831,0.1144,55.93457560,37.38126620,0,
1832,0.1144,55.93457560,37.38126620,0,183.904
1833,0.1144,55.93457560,37.38126620,0,
1834,0.1144,55.93457560,37.38126620,0,183.899
1835,0.1144,55.93457560,37.38126620,0,
1836,0.1144,55.93457560,37.38126620,0,183.906
1837,0.1144,55.93457550,37.38126620,0,
1838,0.1144,55.93457550,37.38126620,0,183.909
1839,0.1144,55.93457550,37.38126620,0,
1840,0.1144,55.93457550,37.38126620,0,183.908
1841,0.1144,55.93457550,37.38126620,0,
1842,0.1144,55.93457550,37.38126620,0,183.907
1843,0.1144,55.93457550,37.38126620,0,
1844,0.1144,55.93457550,37.38126620,0,183.908
1845,0.1144,55.93457550,37.38126620,0,
1846,0.1144,55.93457550,37.38126620,0,183.908
1847,0.1144,55.93457550,37.38126620,0,
1848,0.1144,55.93457550,37.38126620,0,183.908
1849,0.1144,55.93457550,37.38126620,0,
1850,0.1144,55.93457550,37.38126620,0,183.915
1851,0.1144,55.93457550,37.38126620,0,
1852,0.1144,55.93457550,37.38126620,0,183.915
1853,0.1144,55.93457550,37.38126620,0,
1854,0.1144,55.93457560,37.38126620,0,183.914
1855,0.1144,55.93457560,37.38126620,0,
1856,0.1144,55.93457560,37.38126620,0,183.916
1857,0.1144,55.93457560,37.38126620,0,
1858,0.1144,55.93457560,37.38126620,0,183.910
1859,0.1144,55.93457560,37.38126620,0,
1860,0.1144,55.93457560,37.38126620,0,183.908
1861,0.1144,55.93457560,37.38126620,0,
1862,0.1144,55.93457560,37.38126620,0,183.908
1863,0.1144,55.93457560,37.38126620,0,
1864,0.1144,55.93457560,37.38126620,0,183.910
1865,0.1144,55.93457560,37.38126620,0,
1866,0.1144,55.93457560,37.38126620,0,183.910
1867,0.1144,55.93457560,37.38126620,0,
1868,0.1144,55.93457560,37.38126620,0,183.911
1869,0.1144,55.93457560,37.38126620,0,
1870,0.1144,55.93457560,37.38126620,0,183.918
1871,0.1144,55.93457560,37.38126620,0,
1872,0.1144,55.93457560,37.38126620,0,183.917
1873,0.1144,55.93457560,37.38126620,0,
1874,0.1144,55.93457560,37.38126620,0,183.916
1875,0.1144,55.93457560,37.38126620,0,
1876,0.1144,55.93457560,37.38126620,0,183.915
1877,0.1144,55.93457560,37.38126620,0,
1878,0.1144,55.93457560,37.38126620,0,183.916
1879,0.1144,55.93457560,37.38126620,0,
1880,0.1144,55.93457560,37.38126620,0,183.915
1881,0.1144,55.93457560,37.38126620,0,
1882,0.1144,55.93457560,37.38126620,0,183.918
1883,0.1144,55.93457560,37.38126620,0,
1884,0.1144,55.93457560,37.38126620,0,183.921
1885,0.1144,55.93457560,37.38126620,0,
1886,0.1144,55.93457560,37.38126620,0,183.918
1887,0.1144,55.93457560,37.38126620,0,
1888,0.1144,55.93457560,37.38126620,0,183.918
1889,0.1144,55.93457560,37.38126620,0,
1890,0.1144,55.93457560,37.38126620,0,183.907
1891,0.1144,55.93457560,37.38126620,0,
1892,0.1144,55.93457560,37.38126620,0,183.910
1893,0.1144,55.93457560,37.38126620,0,
1894,0.1144,55.93457560,37.38126620,0,183.914
1895,0.1144,55.93457560,37.38126620,0,
1896,0.1144,55.93457560,37.38126620,0,183.911
1897,0.1144,55.93457560,37.38126620,0,
1898,0.1144,55.93457560,37.38126620,0,183.911
1899,0.1144,55.93457560,37.38126620,0,
1900,0.1144,55.93457560,37.38126620,0,183.909
1901,0.1144,55.93457560,37.38126620,0,
1902,0.1144,55.93457560,37.38126620,0,183.917
1903,0.1144,55.93457560,37.38126620,0,
1904,0.1144,55.93457560,37.38126620,0,183.911
1905,0.1144,55.93457560,37.38126620,0,
1906,0.1144,55.93457560,37.38126620,0,183.910
1907,0.1144,55.93457560,37.38126620,0,
1908,0.1144,55.93457560,37.38126620,0,183.910
1909,0.1144,55.93457560,37.38126620,0,
1910,0.1144,55.93457560,37.38126620,0,183.910
1911,0.1144,55.93457560,37.38126620,0,
1912,0.1144,55.93457560,37.38126620,0,183.908
1913,0.1144,55.93457560,37.38126620,0,
1914,0.1144,55.93457560,37.38126620,0,183.910
1915,0.1144,55.93457560,37.38126620,0,
1916,0.1144,55.93457560,37.38126620,0,183.910
1917,0.1144,55.93457560,37.38126620,0,
1918,0.1144,55.93457560,37.38126620,0,183.904
1919,0.1144,55.93457560,37.38126620,0,
1920,0.1144,55.93457560,37.38126620,0,183.905
1921,0.1144,55.93457560,37.38126620,0,
1922,0.1144,55.93457560,37.38126620,0,183.910
1923,0.1144,55.93457560,37.38126620,0,
1924,0.1144,55.93457560,37.38126620,0,183.906
1925,0.1144,55.93457560,37.38126620,0,
1926,0.1144,55.93457550,37.38126620,0,183.907
1927,0.1144,55.93457550,37.38126620,0,
1928,0.1144,55.93457550,37.38126620,0,183.904
1929,0.1144,55.93457550,37.38126620,0,
1930,0.1144,55.93457550,37.38126620,0,183.912
1931,0.1144,55.93457550,37.38126620,0,
1932,0.1144,55.93457550,37.38126630,0,183.911
1933,0.1144,55.93457550,37.38126630,0,
1934,0.1144,55.93457550,37.38126630,0,183.909
1935,0.1144,55.93457550,37.38126630,0,
1936,0.1144,55.93457550,37.38126630,0,183.903
1937,0.1144,55.93457550,37.38126630,0,
1938,0.1144,55.93457550,37.38126630,0,183.908
1939,0.1144,55.93457550,37.38126630,0,
1940,0.1144,55.93457550,37.38126630,0,183.912
1941,0.1144,55.93457550,37.38126630,0,
1942,0.1144,55.93457550,37.38126630,0,183.913
1943,0.1144,55.93457550,37.38126630,0,
1944,0.1144,55.93457550,37.38126630,0,183.915
1945,0.1144,55.93457550,37.38126630,0,
1946,0.1144,55.93457550,37.38126630,0,183.915
1947,0.1144,55.93457550,37.38126630,0,
1948,0.1144,55.93457550,37.38126630,0,183.914
1949,0.1144,55.93457550,37.38126630,0,
1950,0.1144,55.93457550,37.38126630,0,183.917
1951,0.1144,55.93457550,37.38126640,0,183.919
1952,0.1144,55.93457550,37.38126640,0,
1953,0.1144,55.93457550,37.38126640,0,183.921
1954,0.1144,55.93457550,37.38126640,0,
1955,0.1144,55.93457550,37.38126640,0,183.920
1956,0.1144,55.93457550,37.38126630,0,
1957,0.1144,55.93457550,37.38126630,0,183.919
1958,0.1144,55.93457550,37.38126630,0,
1959,0.1144,55.93457550,37.38126630,0,183.913
1960,0.1144,55.93457550,37.38126630,0,
1961,0.1144,55.93457550,37.38126630,0,183.912
1962,0.1144,55.93457550,37.38126630,0,
1963,0.1144,55.93457550,37.38126630,0,183.906
1964,0.1144,55.93457550,37.38126630,0,
1965,0.1144,55.93457550,37.38126630,0,183.913
1966,0.1144,55.93457550,37.38126630,0,
1967,0.1144,55.93457550,37.38126630,0,183.912
1968,0.1144,55.93457550,37.38126630,0,
1969,0.1144,55.93457550,37.38126630,0,183.909
1970,0.1144,55.93457550,37.38126630,0,
1971,0.1144,55.93457550,37.38126630,0,183.908
1972,0.1144,55.93457550,37.38126630,0,
1973,0.1144,55.93457550,37.38126630,0,183.914
1974,0.1144,55.93457550,37.38126630,0,
1975,0.1144,55.93457550,37.38126630,0,183.911
1976,0.1144,55.93457550,37.38126630,0,
1977,0.1144,55.93457550,37.38126630,0,183.910
1978,0.1144,55.93457550,37.38126630,0,183.914
1979,0.1144,55.93457550,37.38126630,0,
1980,0.1144,55.93457550,37.38126630,0,183.913
1981,0.1144,55.93457550,37.38126630,0,
1982,0.1144,55.93457550,37.38126630,0,183.911
1983,0.1144,55.93457550,37.38126630,0,
1984,0.1144,55.93457550,37.38126630,0,183.909
1985,0.1144,55.93457550,37.38126630,0,
1986,0.1144,55.93457550,37.38126630,0,183.913
1987,0.1144,55.93457550,37.38126630,0,
1988,0.1144,55.93457550,37.38126630,0,183.913
1989,0.1144,55.93457550,37.38126630,0,
1990,0.1144,55.93457550,37.38126630,0,183.913
1991,0.1144,55.93457550,37.38126630,0,
1992,0.1144,55.93457550,37.38126630,0,183.915
1993,0.1144,55.93457550,37.38126630,0,
1994,0.1144,55.93457550,37.38126630,0,183.918
1995,0.1144,55.93457550,37.38126630,0,
1996,0.1144,55.93457550,37.38126630,0,183.912
1997,0.1144,55.93457550,37.38126630,0,
1998,0.1144,55.93457550,37.38126630,0,183.914
1999,0.1144,55.93457550,37.38126630,0,
2000,0.1144,55.93457550,37.38126630,0,183.915
2001,0.1144,55.93457550,37.38126630,0,183.918
2002,0.1144,55.93457550,37.38126630,0,
2003,0.1144,55.93457550,37.38126630,0,183.910
2004,0.1144,55.93457550,37.38126630,0,
2005,0.1144,55.93457550,37.38126630,0,183.912
2006,0.1144,55.93457550,37.38126630,0,
2007,0.1144,55.93457550,37.38126630,0,183.919
2008,0.1144,55.93457550,37.38126630,0,
2009,0.1144,55.93457550,37.38126630,0,183.920
2010,0.1144,55.93457550,37.38126630,0,
2011,0.1144,55.93457550,37.38126630,0,183.921
2012,0.1144,55.93457550,37.38126630,0,
2013,0.1144,55.93457550,37.38126630,0,183.922
2014,0.1144,55.93457550,37.38126630,0,
2015,0.1144,55.93457550,37.38126630,0,183.922
2016,0.1144,55.93457550,37.38126630,0,
2017,0.1144,55.93457550,37.38126630,0,183.916
2018,0.1144,55.93457550,37.38126630,0,
2019,0.1144,55.93457550,37.38126630,0,183.916
2020,0.1144,55.93457550,37.38126630,0,
2021,0.1144,55.93457550,37.38126630,0,183.911
2022,0.1144,55.93457560,37.38126630,0,
2023,0.1144,55.93457560,37.38126630,0,183.915
2024,0.1144,55.93457560,37.38126630,0,
2025,0.1144,55.93457560,37.38126630,0,183.915
2026,0.1144,55.93457560,37.38126630,0,
2027,0.1144,55.93457560,37.38126630,0,183.914
2028,0.1144,55.93457560,37.38126630,0,
2029,0.1144,55.93457550,37.38126630,0,183.915
2030,0.1144,55.93457550,37.38126630,0,183.917
2031,0.1144,55.93457550,37.38126630,0,
2032,0.1144,55.93457550,37.38126630,0,183.917
2033,0.1144,55.93457550,37.38126630,0,
2034,0.1144,55.93457550,37.38126630,0,183.917
2035,0.1144,55.93457550,37.38126630,0,
2036,0.1144,55.93457550,37.38126630,0,183.913
2037,0.1144,55.93457550,37.38126630,0,
2038,0.1144,55.93457550,37.38126630,0,183.911
2039,0.1144,55.93457550,37.38126630,0,
2040,0.1144,55.93457550,37.38126630,0,183.912
2041,0.1144,55.93457550,37.38126630,0,
2042,0.1144,55.93457550,37.38126630,0,183.913
2043,0.1144,55.93457550,37.38126630,0,
2044,0.1144,55.93457550,37.38126630,0,183.906
2045,0.1144,55.93457550,37.38126630,0,
2046,0.1144,55.93457550,37.38126630,0,183.917
2047,0.1144,55.93457550,37.38126630,0,
2048,0.1144,55.93457550,37.38126640,0,183.915
2049,0.1144,55.93457550,37.38126640,0,
2050,0.1144,55.93457550,37.38126640,0,183.919
2051,0.1144,55.93457550,37.38126640,0,
2052,0.1144,55.93457550,37.38126630,0,183.918
2053,0.1144,55.93457550,37.38126630,0,
2054,0.1144,55.93457550,37.38126630,0,183.913
2055,0.1144,55.93457550,37.38126630,0,
2056,0.1144,55.93457550,37.38126630,0,183.916
2057,0.1144,55.93457550,37.38126630,0,
2058,0.1144,55.93457550,37.38126630,0,183.919
2059,0.1144,55.93457550,37.38126630,0,
2060,0.1144,55.93457550,37.38126630,0,183.912
2061,0.1144,55.93457550,37.38126630,0,183.912
2062,0.1144,55.93457550,37.38126630,0,
2063,0.1144,55.93457550,37.38126630,0,183.917
2064,0.1144,55.93457550,37.38126630,0,
2065,0.1144,55.93457550,37.38126630,0,183.915
2066,0.1144,55.93457550,37.38126630,0,
2067,0.1144,55.93457550,37.38126640,0,183.914
2068,0.1144,55.93457550,37.38126640,0,
2069,0.1144,55.93457550,37.38126640,0,183.915
2070,0.1144,55.93457550,37.38126640,0,
2071,0.1144,55.93457550,37.38126640,0,183.914
2072,0.1144,55.93457550,37.38126640,0,
2073,0.1144,55.93457550,37.38126640,0,183.917
2074,0.1144,55.93457550,37.38126640,0,
2075,0.1144,55.93457550,37.38126640,0,183.919
2076,0.1144,55.93457550,37.38126640,0,
2077,0.1144,55.93457550,37.38126640,0,183.917
2078,0.1144,55.93457550,37.38126640,0,
2079,0.1144,55.93457550,37.38126640,0,183.918
2080,0.1144,55.93457560,37.38126640,0,
2081,0.1144,55.93457560,37.38126640,0,183.918
2082,0.1144,55.93457560,37.38126640,0,
2083,0.1144,55.93457560,37.38126640,0,183.916
2084,0.1144,55.93457560,37.38126640,0,
2085,0.1144,55.93457560,37.38126640,0,183.920
2086,0.1144,55.93457560,37.38126640,0,
2087,0.1144,55.93457560,37.38126640,0,183.921
2088,0.1144,55.93457560,37.38126640,0,
2089,0.1144,55.93457560,37.38126640,0,183.921
2090,0.1144,55.93457560,37.38126640,0,
2091,0.1144,55.93457560,37.38126640,0,183.919
2092,0.1144,55.93457560,37.38126640,0,183.916
2093,0.1144,55.93457560,37.38126640,0,
2094,0.1144,55.93457560,37.38126640,0,183.919
2095,0.1144,55.93457560,37.38126640,0,
2096,0.1144,55.93457560,37.38126640,0,183.917
2097,0.1144,55.93457560,37.38126640,0,
2098,0.1144,55.93457560,37.38126640,0,183.917
2099,0.1144,55.93457560,37.38126640,0,
2100,0.1144,55.93457560,37.38126640,0,183.918
2101,0.1144,55.93457560,37.38126640,0,
2102,0.1144,55.93457560,37.38126640,0,183.919
2103,0.1144,55.93457560,37.38126640,0,
2104,0.1144,55.93457560,37.38126640,0,183.914
2105,0.1144,55.93457560,37.38126630,0,
2106,0.1144,55.93457560,37.38126630,0,183.919
2107,0.1144,55.93457560,37.38126630,0,
2108,0.1144,55.93457560,37.38126630,0,183.916
2109,0.1144,55.93457560,37.38126630,0,
2110,0.1144,55.93457560,37.38126630,0,183.921
2111,0.1144,55.93457560,37.38126630,0,
2112,0.1144,55.93457560,37.38126630,0,183.919
2113,0.1144,55.93457560,37.38126630,0,
2114,0.1144,55.93457560,37.38126630,0,183.906
2115,0.1144,55.93457560,37.38126630,0,
2116,0.1144,55.93457560,37.38126630,0,183.906
2117,0.1144,55.93457560,37.38126630,0,
2118,0.1144,55.93457560,37.38126630,0,183.907
2119,0.1144,55.93457560,37.38126630,0,183.903
2120,0.1144,55.93457560,37.38126630,0,
2121,0.1144,55.93457560,37.38126630,0,
2122,0.1144,55.93457560,37.38126630,0,183.905
2123,0.1144,55.93457560,37.38126630,0,183.908
2124,0.1144,55.93457560,37.38126630,0,
2125,0.1144,55.93457560,37.38126630,0,183.908
2126,0.1144,55.93457560,37.38126630,0,
2127,0.1144,55.93457560,37.38126630,0,183.908
2128,0.1144,55.93457560,37.38126630,0,
2129,0.1144,55.93457560,37.38126630,0,183.905
2130,0.1144,55.93457560,37.38126630,0,
2131,0.1144,55.93457560,37.38126630,0,183.907
2132,0.1144,55.93457560,37.38126630,0,
2133,0.1144,55.93457560,37.38126630,0,183.903
2134,0.1144,55.93457560,37.38126630,0,
2135,0.1144,55.93457550,37.38126630,0,183.904
2136,0.1144,55.93457550,37.38126630,0,
2137,0.1144,55.93457550,37.38126630,0,183.904
2138,0.1144,55.93457550,37.38126630,0,
2139,0.1144,55.93457550,37.38126630,0,183.903
2140,0.1144,55.93457550,37.38126630,0,
2141,0.1144,55.93457550,37.38126630,0,183.906
2142,0.1144,55.93457550,37.38126630,0,
2143,0.1144,55.93457550,37.38126630,0,183.907
2144,0.1144,55.93457550,37.38126630,0,
2145,0.1144,55.93457550,37.38126630,0,183.903
2146,0.1144,55.93457550,37.38126630,0,
2147,0.1144,55.93457550,37.38126630,0,183.904
2148,0.1144,55.93457550,37.38126630,0,
2149,0.1144,55.93457550,37.38126630,0,183.908
2150,0.1144,55.93457550,37.38126630,0,
2151,0.1144,55.93457550,37.38126630,0,183.909
2152,0.1144,55.93457550,37.38126630,0,
2153,0.1144,55.93457550,37.38126630,0,183.906
2154,0.1144,55.93457550,37.38126630,0,
2155,0.1144,55.93457550,37.38126630,0,183.908
2156,0.1144,55.93457550,37.38126630,0,183.905
2157,0.1144,55.93457550,37.38126630,0,
2158,0.1144,55.93457550,37.38126630,0,183.906
2159,0.1144,55.93457550,37.38126630,0,
2160,0.1144,55.93457550,37.38126630,0,183.907
2161,0.1144,55.93457550,37.38126630,0,
2162,0.1144,55.93457550,37.38126630,0,183.904
2163,0.1144,55.93457550,37.38126630,0,
2164,0.1144,55.93457550,37.38126630,0,183.910
2165,0.1144,55.93457550,37.38126630,0,
2166,0.1144,55.93457550,37.38126630,0,183.906
2167,0.1144,55.93457550,37.38126630,0,
2168,0.1144,55.93457550,37.38126630,0,183.906
2169,0.1144,55.93457550,37.38126630,0,
2170,0.1144,55.93457550,37.38126630,0,183.909
2171,0.1144,55.93457550,37.38126630,0,
2172,0.1144,55.93457550,37.38126630,0,183.906
2173,0.1144,55.93457550,37.38126630,0,
2174,0.1144,55.93457550,37.38126630,0,183.907
2175,0.1144,55.93457550,37.38126630,0,
2176,0.1144,55.93457550,37.38126630,0,183.914
2177,0.1144,55.93457550,37.38126630,0,
2178,0.1144,55.93457550,37.38126630,0,183.910
2179,0.1144,55.93457550,37.38126630,0,
2180,0.1144,55.93457550,37.38126630,0,183.910
2181,0.1144,55.93457550,37.38126630,0,
2182,0.1144,55.93457550,37.38126630,0,183.908
2183,0.1144,55.93457550,37.38126630,0,183.910
2184,0.1144,55.93457550,37.38126630,0,
2185,0.1144,55.93457550,37.38126630,0,
2186,0.1144,55.93457550,37.38126630,0,183.911
2187,0.1144,55.93457550,37.38126630,0,183.916
2188,0.1144,55.93457550,37.38126630,0,
2189,0.1144,55.93457550,37.38126630,0,183.906
2190,0.1144,55.93457550,37.38126630,0,
2191,0.1144,55.93457550,37.38126630,0,183.900
2192,0.1144,55.93457550,37.38126630,0,
2193,0.1144,55.93457550,37.38126640,0,183.900
2194,0.1144,55.93457550,37.38126640,0,
2195,0.1144,55.93457550,37.38126640,0,183.904
2196,0.1144,55.93457550,37.38126640,0,
2197,0.1144,55.93457550,37.38126640,0,183.904
2198,0.1144,55.93457550,37.38126640,0,
2199,0.1144,55.93457550,37.38126640,0,183.902
2200,0.1144,55.93457550,37.38126640,0,
2201,0.1144,55.93457550,37.38126640,0,183.911
2202,0.1144,55.93457550,37.38126640,0,
2203,0.1144,55.93457550,37.38126640,0,183.913
2204,0.1144,55.93457550,37.38126640,0,
2205,0.1144,55.93457550,37.38126640,0,183.915
2206,0.1144,55.93457550,37.38126640,0,
2207,0.1144,55.93457550,37.38126640,0,183.916
2208,0.1144,55.93457550,37.38126640,0,
2209,0.1144,55.93457550,37.38126640,0,183.910
2210,0.1144,55.93457550,37.38126640,0,
2211,0.1144,55.93457550,37.38126640,0,183.905
2212,0.1144,55.93457550,37.38126640,0,
2213,0.1144,55.93457550,37.38126640,0,183.900
2214,0.1144,55.93457550,37.38126640,0,
2215,0.1144,55.93457550,37.38126640,0,183.901
2216,0.1144,55.93457550,37.38126640,0,
2217,0.1144,55.93457550,37.38126640,0,183.904
2218,0.1144,55.93457550,37.38126640,0,183.901
2219,0.1144,55.93457550,37.38126640,0,
2220,0.1144,55.93457550,37.38126640,0,
2221,0.1144,55.93457550,37.38126640,0,183.903
2222,0.1144,55.93457550,37.38126640,0,183.906
2223,0.1144,55.93457550,37.38126640,0,
2224,0.1144,55.93457550,37.38126640,0,183.908
2225,0.1144,55.93457550,37.38126640,0,
2226,0.1144,55.93457550,37.38126640,0,183.907
2227,0.1144,55.93457550,37.38126640,0,
2228,0.1144,55.93457550,37.38126640,0,183.900
2229,0.1144,55.93457550,37.38126640,0,
2230,0.1144,55.93457550,37.38126640,0,183.904
2231,0.1144,55.93457550,37.38126640,0,
2232,0.1144,55.93457550,37.38126640,0,183.906
2233,0.1144,55.93457550,37.38126640,0,
2234,0.1144,55.93457550,37.38126640,0,183.905
2235,0.1144,55.93457550,37.38126640,0,
2236,0.1144,55.93457550,37.38126640,0,183.905
2237,0.1144,55.93457550,37.38126640,0,
2238,0.1144,55.93457550,37.38126640,0,183.907
2239,0.1144,55.93457550,37.38126640,0,
2240,0.1144,55.93457550,37.38126640,0,183.904
2241,0.1144,55.93457550,37.38126640,0,
2242,0.1144,55.93457550,37.38126640,0,183.904
2243,0.1144,55.93457550,37.38126640,0,
2244,0.1144,55.93457550,37.38126640,0,183.909
2245,0.1144,55.93457550,37.38126640,0,
2246,0.1144,55.93457550,37.38126640,0,183.905
2247,0.1144,55.93457550,37.38126640,0,
2248,0.1144,55.93457550,37.38126640,0,183.905
2249,0.1144,55.93457550,37.38126640,0,
2250,0.1144,55.93457550,37.38126640,0,183.913
2251,0.1144,55.93457550,37.38126640,0,
2252,0.1144,55.93457550,37.38126640,0,183.909
2253,0.1144,55.93457550,37.38126640,0,183.912
2254,0.1144,55.93457550,37.38126640,0,
2255,0.1144,55.93457550,37.38126640,0,183.907
2256,0.1144,55.93457550,37.38126640,0,
2257,0.1144,55.93457550,37.38126640,0,183.911
2258,0.1144,55.93457550,37.38126640,0,
2259,0.1144,55.93457550,37.38126640,0,183.912
2260,0.1144,55.93457550,37.38126640,0,
2261,0.1144,55.93457550,37.38126640,0,183.912
2262,0.1144,55.93457550,37.38126640,0,
2263,0.1144,55.93457550,37.38126640,0,183.910
2264,0.1144,55.93457550,37.38126640,0,
2265,0.1144,55.93457550,37.38126640,0,183.910
2266,0.1144,55.93457550,37.38126640,0,
2267,0.1144,55.93457550,37.38126640,0,183.911
2268,0.1144,55.93457550,37.38126640,0,
2269,0.1144,55.93457550,37.38126640,0,183.912
2270,0.1144,55.93457550,37.38126640,0,
2271,0.1144,55.93457550,37.38126640,0,183.908
2272,0.1144,55.93457550,37.38126640,0,
2273,0.1144,55.93457550,37.38126640,0,183.915
2274,0.1144,55.93457550,37.38126640,0,
2275,0.1144,55.93457550,37.38126640,0,183.913
2276,0.1144,55.93457550,37.38126640,0,
2277,0.1144,55.93457550,37.38126640,0,183.913
2278,0.1144,55.93457550,37.38126640,0,
2279,0.1144,55.93457550,37.38126640,0,183.919
2280,0.1144,55.93457550,37.38126640,0,
2281,0.1144,55.93457550,37.38126640,0,183.919
2282,0.1144,55.93457550,37.38126640,0,183.916
2283,0.1144,55.93457550,37.38126640,0,
2284,0.1144,55.93457550,37.38126640,0,
2285,0.1144,55.93457560,37.38126640,0,183.913
2286,0.1144,55.93457560,37.38126640,0,183.914
2287,0.1144,55.93457560,37.38126640,0,
2288,0.1144,55.93457560,37.38126640,0,183.907
2289,0.1144,55.93457560,37.38126640,0,
2290,0.1144,55.93457560,37.38126640,0,183.909
2291,0.1144,55.93457560,37.38126640,0,
2292,0.1144,55.93457560,37.38126640,0,183.913
2293,0.1144,55.93457560,37.38126640,0,
2294,0.1144,55.93457560,37.38126640,0,183.910
2295,0.1144,55.93457560,37.38126640,0,
2296,0.1144,55.93457560,37.38126640,0,183.911
2297,0.1144,55.93457560,37.38126640,0,
2298,0.1144,55.93457560,37.38126640,0,183.908
2299,0.1144,55.93457560,37.38126640,0,
2300,0.1144,55.93457560,37.38126640,0,183.909
2301,0.1144,55.93457560,37.38126640,0,
2302,0.1144,55.93457560,37.38126640,0,183.908
2303,0.1144,55.93457560,37.38126640,0,
2304,0.1144,55.93457560,37.38126640,0,183.905
2305,0.1144,55.93457560,37.38126640,0,183.909
2306,0.1144,55.93457560,37.38126640,0,
2307,0.1144,55.93457560,37.38126640,0,183.912
2308,0.1144,55.93457560,37.38126640,0,
2309,0.1144,55.93457560,37.38126640,0,183.911
2310,0.1144,55.93457560,37.38126640,0,
2311,0.1144,55.93457560,37.38126640,0,183.909
2312,0.1144,55.93457560,37.38126640,0,
2313,0.1144,55.93457550,37.38126640,0,183.907
2314,0.1144,55.93457550,37.38126640,0,
2315,0.1144,55.93457550,37.38126650,0,183.906
2316,0.1144,55.93457550,37.38126650,0,
2317,0.1144,55.93457550,37.38126650,0,183.910
2318,0.1144,55.93457550,37.38126650,0,
2319,0.1144,55.93457550,37.38126650,0,183.908
2320,0.1144,55.93457550,37.38126650,0,
2321,0.1144,55.93457550,37.38126650,0,183.909
2322,0.1144,55.93457550,37.38126650,0,
2323,0.1144,55.93457550,37.38126650,0,183.907
2324,0.1144,55.93457550,37.38126650,0,
2325,0.1144,55.93457550,37.38126650,0,183.908
2326,0.1144,55.93457550,37.38126650,0,
2327,0.1144,55.93457550,37.38126650,0,183.914
2328,0.1144,55.93457550,37.38126650,0,
2329,0.1144,55.93457550,37.38126650,0,183.907
2330,0.1144,55.93457550,37.38126650,0,183.911
2331,0.1144,55.93457550,37.38126650,0,
2332,0.1144,55.93457550,37.38126650,0,183.914
2333,0.1144,55.93457550,37.38126650,0,
2334,0.1144,55.93457550,37.38126650,0,183.912
2335,0.1144,55.93457550,37.38126650,0,
2336,0.1144,55.93457550,37.38126650,0,183.909
2337,0.1144,55.93457550,37.38126650,0,
2338,0.1144,55.93457550,37.38126650,0,183.905
2339,0.1144,55.93457550,37.38126650,0,
2340,0.1144,55.93457550,37.38126650,0,183.911
2341,0.1144,55.93457550,37.38126650,0,
2342,0.1144,55.93457550,37.38126650,0,183.907
2343,0.1144,55.93457550,37.38126650,0,
2344,0.1144,55.93457550,37.38126650,0,183.908
2345,0.1144,55.93457550,37.38126650,0,
2346,0.1144,55.93457550,37.38126650,0,183.909
2347,0.1144,55.93457550,37.38126650,0,
2348,0.1144,55.93457550,37.38126650,0,183.914
2349,0.1144,55.93457550,37.38126650,0,
2350,0.1144,55.93457550,37.38126650,0,183.917
2351,0.1144,55.93457550,37.38126640,0,
2352,0.1144,55.93457550,37.38126640,0,183.920
2353,0.1144,55.93457550,37.38126640,0,
2354,0.1144,55.93457550,37.38126640,0,183.919
2355,0.1144,55.93457550,37.38126640,0,
2356,0.1144,55.93457550,37.38126640,0,183.912
2357,0.1144,55.93457550,37.38126640,0,
2358,0.1144,55.93457550,37.38126650,0,183.913
2359,0.1144,55.93457550,37.38126650,0,183.914
2360,0.1144,55.93457550,37.38126650,0,
2361,0.1144,55.93457550,37.38126650,0,183.915
2362,0.1144,55.93457550,37.38126650,0,
2363,0.1144,55.93457550,37.38126650,0,183.906
2364,0.1144,55.93457550,37.38126650,0,
2365,0.1144,55.93457550,37.38126650,0,183.911
2366,0.1144,55.93457550,37.38126640,0,
2367,0.1144,55.93457550,37.38126640,0,183.909
2368,0.1144,55.93457550,37.38126640,0,
2369,0.1144,55.93457550,37.38126640,0,183.913
2370,0.1144,55.93457550,37.38126640,0,
2371,0.1144,55.93457550,37.38126640,0,183.911
2372,0.1144,55.93457550,37.38126640,0,
2373,0.1144,55.93457550,37.38126640,0,183.907
2374,0.1144,55.93457550,37.38126640,0,
2375,0.1144,55.93457550,37.38126640,0,183.907
2376,0.1144,55.93457550,37.38126640,0,
2377,0.1144,55.93457550,37.38126640,0,183.910
2378,0.1144,55.93457550,37.38126640,0,
2379,0.1144,55.93457550,37.38126640,0,183.907
2380,0.1144,55.93457550,37.38126640,0,
2381,0.1144,55.93457550,37.38126640,0,183.906
2382,0.1144,55.93457550,37.38126640,0,
2383,0.1144,55.93457550,37.38126640,0,183.907
2384,0.1144,55.93457550,37.38126640,0,183.912
2385,0.1144,55.93457550,37.38126640,0,
2386,0.1144,55.93457550,37.38126640,0,
2387,0.1144,55.93457550,37.38126640,0,183.913
2388,0.1144,55.93457550,37.38126640,0,183.911
2389,0.1144,55.93457550,37.38126640,0,
2390,0.1144,55.93457550,37.38126640,0,183.912
2391,0.1144,55.93457550,37.38126640,0,
2392,0.1144,55.93457550,37.38126640,0,183.910
2393,0.1144,55.93457550,37.38126640,0,
2394,0.1144,55.93457550,37.38126640,0,183.921
2395,0.1144,55.93457550,37.38126640,0,
2396,0.1144,55.93457550,37.38126640,0,183.915
2397,0.1144,55.93457550,37.38126640,0,
2398,0.1144,55.93457550,37.38126640,0,183.916
2399,0.1144,55.93457550,37.38126640,0,
2400,0.1144,55.93457550,37.38126640,0,183.915
2401,0.1144,55.93457550,37.38126640,0,
2402,0.1144,55.93457550,37.38126640,0,183.904
2403,0.1144,55.93457550,37.38126640,0,
2404,0.1144,55.93457550,37.38126640,0,183.908
2405,0.1144,55.93457550,37.38126640,0,183.906
2406,0.1144,55.93457550,37.38126640,0,
2407,0.1144,55.93457550,37.38126640,0,
2408,0.1144,55.93457550,37.38126640,0,183.907
2409,0.1144,55.93457550,37.38126640,0,
2410,0.1144,55.93457550,37.38126640,0,183.906
2411,0.1144,55.93457550,37.38126640,0,
2412,0.1144,55.93457550,37.38126640,0,183.910
2413,0.1144,55.93457550,37.38126640,0,183.907
2414,0.1144,55.93457550,37.38126640,0,
2415,0.1144,55.93457550,37.38126640,0,183.913
2416,0.1144,55.93457550,37.38126640,0,
2417,0.1144,55.93457550,37.38126640,0,183.910
2418,0.1144,55.93457550,37.38126640,0,
2419,0.1144,55.93457550,37.38126640,0,183.913
2420,0.1144,55.93457550,37.38126640,0,
2421,0.1144,55.93457550,37.38126640,0,183.912
2422,0.1144,55.93457550,37.38126640,0,
2423,0.1144,55.93457550,37.38126640,0,183.916
2424,0.1144,55.93457550,37.38126640,0,
2425,0.1144,55.93457550,37.38126640,0,183.915
2426,0.1144,55.93457550,37.38126640,0,
2427,0.1144,55.93457550,37.38126640,0,183.917
2428,0.1144,55.93457550,37.38126640,0,
2429,0.1144,55.93457550,37.38126640,0,183.915
2430,0.1144,55.93457550,37.38126640,0,
2431,0.1144,55.93457550,37.38126640,0,183.918
2432,0.1144,55.93457550,37.38126640,0,
2433,0.1144,55.93457550,37.38126640,0,183.921
2434,0.1144,55.93457550,37.38126640,0,
2435,0.1144,55.93457550,37.38126640,0,183.924
2436,0.1144,55.93457550,37.38126640,0,
2437,0.1144,55.93457550,37.38126640,0,183.920
2438,0.1144,55.93457550,37.38126640,0,183.922
2439,0.1144,55.93457550,37.38126640,0,
2440,0.1144,55.93457550,37.38126640,0,183.920
2441,0.1144,55.93457550,37.38126640,0,
2442,0.1144,55.93457550,37.38126640,0,183.922
2443,0.1144,55.93457550,37.38126640,0,
2444,0.1144,55.93457550,37.38126640,0,183.921
2445,0.1144,55.93457550,37.38126640,0,
2446,0.1144,55.93457550,37.38126640,0,183.925
2447,0.1144,55.93457550,37.38126640,0,
2448,0.1144,55.93457550,37.38126640,0,183.924
2449,0.1144,55.93457550,37.38126640,0,
2450,0.1144,55.93457550,37.38126640,0,183.918
2451,0.1144,55.93457550,37.38126640,0,
2452,0.1144,55.93457550,37.38126640,0,183.920
2453,0.1144,55.93457550,37.38126640,0,
2454,0.1144,55.93457550,37.38126640,0,183.919
2455,0.1144,55.93457550,37.38126640,0,
2456,0.1144,55.93457550,37.38126640,0,183.919
2457,0.1144,55.93457550,37.38126640,0,
2458,0.1144,55.93457550,37.38126640,0,183.918
2459,0.1144,55.93457550,37.38126640,0,
2460,0.1144,55.93457550,37.38126640,0,183.923
2461,0.1144,55.93457550,37.38126640,0,
2462,0.1144,55.93457550,37.38126640,0,183.913
2463,0.1144,55.93457560,37.38126640,0,
2464,0.1144,55.93457560,37.38126640,0,183.918
2465,0.1144,55.93457560,37.38126640,0,
2466,0.1144,55.93457560,37.38126640,0,183.922
2467,0.1144,55.93457550,37.38126640,0,
2468,0.1144,55.93457550,37.38126640,0,183.921
2469,0.1144,55.93457550,37.38126640,0,
2470,0.1144,55.93457550,37.38126640,0,183.920
2471,0.1144,55.93457550,37.38126640,0,
2472,0.1144,55.93457550,37.38126640,0,183.915
2473,0.1144,55.93457550,37.38126640,0,
2474,0.1144,55.93457550,37.38126640,0,183.921
2475,0.1144,55.93457550,37.38126640,0,
2476,0.1144,55.93457550,37.38126640,0,183.922
2477,0.1144,55.93457550,37.38126640,0,
2478,0.1144,55.93457550,37.38126640,0,183.918
2479,0.1144,55.93457550,37.38126640,0,
2480,0.1144,55.93457550,37.38126640,0,183.919
2481,0.1144,55.93457550,37.38126640,0,
2482,0.1144,55.93457550,37.38126640,0,183.920
2483,0.1144,55.93457550,37.38126640,0,
2484,0.1144,55.93457550,37.38126630,0,183.926
2485,0.1144,55.93457550,37.38126630,0,
2486,0.1144,55.93457550,37.38126630,0,183.921
2487,0.1144,55.93457550,37.38126630,0,183.923
2488,0.1144,55.93457550,37.38126630,0,
2489,0.1144,55.93457550,37.38126630,0,183.917
2490,0.1144,55.93457550,37.38126630,0,
2491,0.1144,55.93457550,37.38126630,0,183.913
2492,0.1144,55.93457550,37.38126630,0,
2493,0.1144,55.93457550,37.38126630,0,183.913
2494,0.1144,55.93457550,37.38126630,0,
2495,0.1144,55.93457550,37.38126630,0,183.912
2496,0.1144,55.93457550,37.38126630,0,
2497,0.1144,55.93457550,37.38126630,0,183.912
2498,0.1144,55.93457550,37.38126630,0,
2499,0.1144,55.93457550,37.38126630,0,183.912
2500,0.1144,55.93457550,37.38126630,0,
2501,0.1144,55.93457550,37.38126640,0,183.915
2502,0.1144,55.93457550,37.38126640,0,183.913
2503,0.1144,55.93457550,37.38126640,0,
2504,0.1144,55.93457550,37.38126640,0,183.914
2505,0.1144,55.93457550,37.38126640,0,
2506,0.1144,55.93457550,37.38126640,0,183.911
2507,0.1144,55.93457550,37.38126640,0,
2508,0.1144,55.93457550,37.38126640,0,183.917
2509,0.1144,55.93457550,37.38126640,0,
2510,0.1144,55.93457550,37.38126640,0,183.911
2511,0.1144,55.93457550,37.38126640,0,
2512,0.1144,55.93457550,37.38126640,0,183.917
2513,0.1144,55.93457550,37.38126640,0,
2514,0.1144,55.93457550,37.38126640,0,183.914
2515,0.1144,55.93457550,37.38126640,0,183.911
2516,0.1144,55.93457550,37.38126640,0,
2517,0.1144,55.93457550,37.38126640,0,183.903
2518,0.1144,55.93457550,37.38126640,0,
2519,0.1144,55.93457550,37.38126640,0,183.911
2520,0.1144,55.93457550,37.38126640,0,
2521,0.1144,55.93457550,37.38126640,0,183.908
2522,0.1144,55.93457550,37.38126640,0,
2523,0.1144,55.93457550,37.38126640,0,183.908
2524,0.1144,55.93457550,37.38126640,0,
2525,0.1144,55.93457550,37.38126640,0,183.910
2526,0.1144,55.93457550,37.38126640,0,
2527,0.1144,55.93457550,37.38126640,0,183.906
2528,0.1144,55.93457550,37.38126640,0,
2529,0.1144,55.93457550,37.38126640,0,183.910
2530,0.1144,55.93457540,37.38126640,0,
2531,0.1144,55.93457540,37.38126640,0,183.911
2532,0.1144,55.93457540,37.38126640,0,183.913
2533,0.1144,55.93457540,37.38126640,0,
2534,0.1144,55.93457540,37.38126640,0,
2535,0.1144,55.93457540,37.38126640,0,183.906
2536,0.1144,55.93457540,37.38126640,0,183.911
2537,0.1144,55.93457540,37.38126640,0,
2538,0.1144,55.93457540,37.38126640,0,183.916
2539,0.1144,55.93457540,37.38126640,0,
2540,0.1144,55.93457540,37.38126640,0,183.909
2541,0.1144,55.93457540,37.38126640,0,
2542,0.1144,55.93457540,37.38126640,0,183.913
2543,0.1144,55.93457540,37.38126640,0,
2544,0.1144,55.93457540,37.38126640,0,
2545,0.1144,55.93457540,37.38126640,0,183.908
2546,0.1144,55.93457540,37.38126640,0,
2547,0.1144,55.93457540,37.38126640,0,183.915
2548,0.1144,55.93457540,37.38126640,0,183.912
2549,0.1144,55.93457540,37.38126630,0,
2550,0.1144,55.93457540,37.38126630,0,
2551,0.1144,55.93457540,37.38126630,0,183.928
2552,0.1144,55.93457540,37.38126630,0,183.933
2553,0.1144,55.93457540,37.38126640,0,
2554,0.1144,55.93457540,37.38126640,0,183.925
2555,0.1144,55.93457540,37.38126630,0,
2556,0.1144,55.93457540,37.38126630,0,183.919
2557,0.1144,55.93457540,37.38126630,0,
2558,0.1144,55.93457540,37.38126630,0,183.919
2559,0.1144,55.93457540,37.38126630,0,
2560,0.1144,55.93457540,37.38126630,0,
2561,0.1144,55.93457540,37.38126630,0,183.930
2562,0.1144,55.93457540,37.38126630,0,
2563,0.1144,55.93457540,37.38126630,0,183.925
2564,0.1144,55.93457540,37.38126630,0,
2565,0.1144,55.93457540,37.38126630,0,183.925
2566,0.1144,55.93457540,37.38126630,0,
2567,0.1144,55.93457540,37.38126630,0,183.938
2568,0.1144,55.93457540,37.38126630,0,183.887
2569,0.1144,55.93457540,37.38126630,0,
2570,0.1144,55.93457540,37.38126640,0,
2571,0.1144,55.93457540,37.38126640,0,183.842
2572,0.1144,55.93457540,37.38126650,0,183.840
2573,0.1144,55.93457540,37.38126650,0,
2574,0.1144,55.93457540,37.38126670,0,183.849
2575,0.1144,55.93457540,37.38126670,0,
2576,0.1144,55.93457540,37.38126690,0,183.889
2577,0.1144,55.93457540,37.38126690,0,
2578,0.1144,55.93457530,37.38126700,0,183.871
2579,0.1144,55.93457530,37.38126700,0,
2580,0.1144,55.93457510,37.38126680,0,183.914
2581,0.1144,55.93457510,37.38126680,0,
2582,0.1144,55.93457490,37.38126650,0,184.107
2583,0.1144,55.93457490,37.38126650,0,
2584,0.1144,55.93457470,37.38126630,0,184.404
2585,0.1144,55.93457450,37.38126660,0,
2586,0.1144,55.93457450,37.38126660,0,
2587,0.1144,55.93457420,37.38126680,0,
2588,0.1144,55.93457420,37.38126680,0,
2589,0.1144,55.93457360,37.38126660,0,
2590,0.1144,55.93457360,37.38126660,0,
2591,0.1144,55.93457270,37.38126670,0,
2592,0.1144,55.93457270,37.38126670,0,
2593,0.1144,55.93457130,37.38126730,0,
2594,0.1144,55.93457130,37.38126730,0,
2595,0.1144,55.93456920,37.38126750,0,
2596,0.1144,55.93456920,37.38126750,0,184.707
2597,0.1144,55.93456730,37.38126670,0,184.762
2598,0.1144,55.93456730,37.38126670,0,
2599,0.1144,55.93456550,37.38126560,0,184.769
2600,0.1144,55.93456370,37.38126440,0,
2601,0.1144,55.93456370,37.38126440,0,184.748
2602,0.1144,55.93456220,37.38126270,0,
2603,0.1144,55.93456220,37.38126270,0,184.735
2604,0.1144,55.93456140,37.38126100,0,
2605,0.1144,55.93456140,37.38126100,0,184.790
2606,0.1144,55.93456010,37.38125920,0,
2607,0.1144,55.93456010,37.38125920,0,184.766
2608,0.1144,55.93455860,37.38125760,0,
2609,0.1144,55.93455860,37.38125760,0,184.767
2610,0.1144,55.93455730,37.38125610,0,
2611,0.1144,55.93455730,37.38125610,0,184.808
2612,0.1144,55.93455550,37.38125420,0,
2613,0.1144,55.93455370,37.38125240,0,184.786
2614,0.1144,55.93455370,37.38125240,0,
2615,0.1144,55.93455220,37.38125070,0,184.806
2616,0.1144,55.93455220,37.38125070,0,
2617,0.1144,55.93455030,37.38124850,0,184.797
2618,0.1144,55.93455030,37.38124850,0,
2619,0.1144,55.93454830,37.38124640,0,184.748
2620,0.1144,55.93454830,37.38124640,0,
2621,0.1144,55.93454670,37.38124500,0,184.771
2622,0.1144,55.93454670,37.38124500,0,184.787
2623,0.1144,55.93454470,37.38124310,0,
2624,0.1144,55.93454470,37.38124310,0,184.741
2625,0.1144,55.93454280,37.38124150,0,
2626,0.1144,55.93454280,37.38124150,0,184.745
2627,0.1144,55.93454140,37.38124000,0,
2628,0.1144,55.93453930,37.38123810,0,184.768
2629,0.1144,55.93453930,37.38123810,0,
2630,0.1144,55.93453740,37.38123610,0,184.746
2631,0.1144,55.93453740,37.38123610,0,
2632,0.1144,55.93453600,37.38123490,0,184.766
2633,0.1144,55.93453600,37.38123490,0,
2634,0.1144,55.93453420,37.38123330,0,184.779
2635,0.1144,55.93453420,37.38123330,0,
2636,0.1144,55.93453220,37.38123180,0,184.776
2637,0.1144,55.93453220,37.38123180,0,
2638,0.1144,55.93453070,37.38123070,0,184.768
2639,0.1144,55.93453070,37.38123070,0,
2640,0.1144,55.93452870,37.38122950,0,184.755
2641,0.1144,55.93452680,37.38122840,0,
2642,0.1144,55.93452680,37.38122840,0,184.739
2643,0.1144,55.93452520,37.38122800,0,
2644,0.1144,55.93452520,37.38122800,0,184.737
2645,0.1144,55.93452340,37.38122770,0,
2646,0.1144,55.93452340,37.38122770,0,184.745
2647,0.1144,55.93452140,37.38122750,0,184.726
2648,0.1144,55.93452140,37.38122750,0,
2649,0.1144,55.93451970,37.38122770,0,184.749
2650,0.1144,55.93451970,37.38122770,0,
2651,0.1144,55.93451790,37.38122810,0,184.730
2652,0.1144,55.93451790,37.38122810,0,
2653,0.1144,55.93451580,37.38122860,0,184.676
2654,0.1144,55.93451580,37.38122860,0,
2655,0.1144,55.93451430,37.38122930,0,184.684
2656,0.1144,55.93451250,37.38123040,0,
2657,0.1144,55.93451250,37.38123040,0,184.696
2658,0.1144,55.93451080,37.38123160,0,
2659,0.1144,55.93451080,37.38123160,0,184.677
2660,0.1144,55.93450960,37.38123300,0,
2661,0.1144,55.93450960,37.38123300,0,184.664
2662,0.1144,55.93450830,37.38123460,0,
2663,0.1144,55.93450830,37.38123460,0,184.622
2664,0.1144,55.93450720,37.38123610,0,
2665,0.1144,55.93450720,37.38123610,0,184.631
2666,0.1144,55.93450660,37.38123740,0,
2667,0.1144,55.93450660,37.38123740,0,184.586
2668,0.1144,55.93450590,37.38123890,0,
2669,0.1144,55.93450550,37.38123990,0,184.534
2670,0.1144,55.93450550,37.38123990,0,
2671,0.1144,55.93450510,37.38124090,0,184.519
2672,0.1144,55.93450510,37.38124090,0,
2673,0.1144,55.93450470,37.38124210,0,184.470
2674,0.1144,55.93450470,37.38124210,0,
2675,0.1144,55.93450450,37.38124280,0,184.466
2676,0.1144,55.93450450,37.38124280,0,184.486
2677,0.1144,55.93450470,37.38124330,0,
2678,0.1144,55.93450470,37.38124330,0,184.446
2679,0.1144,55.93450490,37.38124390,0,
2680,0.1144,55.93450490,37.38124390,0,184.430
2681,0.1144,55.93450520,37.38124470,0,
2682,0.1144,55.93450520,37.38124470,0,184.404
2683,0.1144,55.93450530,37.38124540,0,
2684,0.1144,55.93450530,37.38124540,0,184.413
2685,0.1144,55.93450530,37.38124580,0,
2686,0.1144,55.93450530,37.38124620,0,184.375
2687,0.1144,55.93450530,37.38124620,0,
2688,0.1144,55.93450540,37.38124700,0,184.253
2689,0.1144,55.93450540,37.38124700,0,
2690,0.1144,55.93450530,37.38124750,0,184.221
2691,0.1144,55.93450530,37.38124750,0,
2692,0.1144,55.93450540,37.38124740,0,184.087
2693,0.1144,55.93450540,37.38124740,0,
2694,0.1144,55.93450540,37.38124730,0,184.013
2695,0.1144,55.93450540,37.38124730,0,
2696,0.1144,55.93450550,37.38124730,0,183.962
2697,0.1144,55.93450550,37.38124730,0,
2698,0.1144,55.93450570,37.38124740,0,183.913
2699,0.1144,55.93450570,37.38124740,0,
2700,0.1144,55.93450570,37.38124750,0,183.869
2701,0.1144,55.93450580,37.38124810,0,183.959
2702,0.1144,55.93450580,37.38124810,0,
2703,0.1144,55.93450570,37.38124860,0,183.968
2704,0.1144,55.93450570,37.38124860,0,
2705,0.1144,55.93450570,37.38124880,0,183.947
2706,0.1144,55.93450570,37.38124880,0,
2707,0.1144,55.93450570,37.38124910,0,183.917
2708,0.1144,55.93450570,37.38124910,0,
2709,0.1144,55.93450570,37.38124950,0,183.873
2710,0.1144,55.93450570,37.38124950,0,
2711,0.1144,55.93450560,37.38124970,0,183.877
2712,0.1144,55.93450560,37.38124970,0,
2713,0.1144,55.93450540,37.38124990,0,183.888
2714,0.1144,55.93450540,37.38124990,0,
2715,0.1144,55.93450530,37.38124990,0,183.895
2716,0.1144,55.93450530,37.38125020,0,
2717,0.1144,55.93450530,37.38125020,0,183.918
2718,0.1144,55.93450530,37.38125110,0,
2719,0.1144,55.93450530,37.38125110,0,183.964
2720,0.1144,55.93450540,37.38125180,0,
2721,0.1144,55.93450540,37.38125180,0,183.913
2722,0.1144,55.93450540,37.38125270,0,
2723,0.1144,55.93450540,37.38125270,0,183.909
2724,0.1144,55.93450550,37.38125370,0,
2725,0.1144,55.93450550,37.38125370,0,183.877
2726,0.1144,55.93450540,37.38125440,0,183.857
2727,0.1144,55.93450540,37.38125440,0,
2728,0.1144,55.93450530,37.38125490,0,
2729,0.1872,55.93450520,37.38125510,0,183.833
2730,0.1976,55.93450520,37.38125510,0,183.863
2731,0.208,55.93450510,37.38125490,0,
2732,0.208,55.93450510,37.38125490,0,183.842
2733,0.208,55.93450500,37.38125470,0,
2734,0.208,55.93450500,37.38125470,0,183.824
2735,0.208,55.93450500,37.38125480,0,
2736,0.208,55.93450500,37.38125480,0,183.809
2737,0.208,55.93450500,37.38125490,0,
2738,0.208,55.93450500,37.38125490,0,183.818
2739,0.208,55.93450500,37.38125490,0,
2740,0.208,55.93450500,37.38125490,0,183.879
2741,0.208,55.93450510,37.38125550,0,
2742,0.208,55.93450510,37.38125650,0,183.930
2743,0.2184,55.93450510,37.38125650,0,
2744,0.2288,55.93450500,37.38125760,0,183.918
2745,0.2288,55.93450500,37.38125760,0,
2746,0.2392,55.93450480,37.38125920,0,183.900
2747,0.2392,55.93450480,37.38125920,0,
2748,0.6656,55.93450460,37.38126070,0,183.863
2749,0.7176,55.93450460,37.38126070,0,
2750,0.7488,55.93450440,37.38126200,0,183.832
2751,0.7176,55.93450440,37.38126200,0,
2752,0.7592,55.93450430,37.38126320,0,183.768
2753,0.78,55.93450430,37.38126320,0,
2754,0.7904,55.93450400,37.38126430,0,183.729
2755,0.8008,55.93450400,37.38126430,0,183.681
2756,0.8216,55.93450380,37.38126540,0,
2757,0.8216,55.93450360,37.38126660,0,183.636
2758,0.8528,55.93450360,37.38126660,0,
2759,0.8528,55.93450340,37.38126770,0,183.633
2760,0.8736,55.93450340,37.38126770,0,
2761,0.884,55.93450300,37.38126850,0,183.676
2762,0.988,55.93450300,37.38126850,0,
2763,0.9672,55.93450270,37.38126940,0,183.630
2764,0.9776,55.93450270,37.38126940,0,
2765,0.9776,55.93450240,37.38127070,0,183.633
2766,1.0088,55.93450240,37.38127070,0,
2767,1.04,55.93450220,37.38127160,0,183.650
2768,1.04,55.93450220,37.38127160,0,
2769,1.0504,55.93450200,37.38127250,0,183.651
2770,1.0608,55.93450200,37.38127250,0,
2771,1.0712,55.93450180,37.38127340,0,183.617
2772,1.1024,55.93450150,37.38127440,0,
2773,1.144,55.93450150,37.38127440,0,183.622
2774,1.1544,55.93450120,37.38127520,0,
2775,1.1856,55.93450120,37.38127520,0,183.643
2776,1.1856,55.93450110,37.38127600,0,183.647
2777,1.1648,55.93450110,37.38127600,0,
2778,1.2272,55.93450080,37.38127680,0,
2779,1.2272,55.93450080,37.38127680,0,183.613
2780,1.2272,55.93450050,37.38127760,0,183.629
2781,1.2376,55.93450050,37.38127760,0,
2782,1.248,55.93450030,37.38127840,0,183.639
2783,1.248,55.93450030,37.38127840,0,
2784,1.2584,55.93450010,37.38127910,0,183.613
2785,1.2584,55.93450010,37.38127910,0,
2786,1.2792,55.93449990,37.38127990,0,183.618
2787,1.2896,55.93449970,37.38128060,0,
2788,1.3,55.93449970,37.38128060,0,183.652
2789,1.3,55.93449950,37.38128130,0,
2790,1.3,55.93449950,37.38128130,0,183.636
2791,1.3,55.93449920,37.38128200,0,
2792,1.3104,55.93449920,37.38128200,0,183.646
2793,1.3208,55.93449900,37.38128280,0,
2794,1.3312,55.93449900,37.38128280,0,183.651
2795,1.3312,55.93449880,37.38128340,0,
2796,1.3312,55.93449880,37.38128340,0,183.645
2797,1.3416,55.93449860,37.38128410,0,
2798,1.352,55.93449860,37.38128410,0,183.643
2799,1.352,55.93449840,37.38128480,0,
2800,1.3624,55.93449840,37.38128480,0,183.637
2801,1.3624,55.93449820,37.38128550,0,
2802,1.352,55.93449800,37.38128620,0,183.626
2803,1.3728,55.93449800,37.38128620,0,
2804,1.3728,55.93449780,37.38128690,0,183.638
2805,1.3936,55.93449780,37.38128690,0,183.636
2806,1.3936,55.93449760,37.38128750,0,
2807,1.3936,55.93449760,37.38128750,0,
2808,1.3936,55.93449740,37.38128820,0,183.629
2809,1.404,55.93449740,37.38128820,0,183.646
2810,1.3936,55.93449720,37.38128890,0,
2811,1.404,55.93449720,37.38128890,0,183.634
2812,1.404,55.93449700,37.38128960,0,
2813,1.404,55.93449700,37.38128960,0,183.621
2814,1.4144,55.93449680,37.38129020,0,
2815,1.4248,55.93449680,37.38129020,0,183.636
2816,1.4248,55.93449670,37.38129090,0,
2817,1.4248,55.93449670,37.38129090,0,183.640
2818,1.4248,55.93449650,37.38129140,0,
2819,1.4456,55.93449630,37.38129200,0,183.630
2820,1.4352,55.93449630,37.38129200,0,
2821,1.4456,55.93449610,37.38129270,0,183.648
2822,1.4352,55.93449610,37.38129270,0,
2823,1.4456,55.93449590,37.38129330,0,183.649
2824,1.4456,55.93449590,37.38129330,0,
2825,1.4456,55.93449570,37.38129390,0,183.647
2826,1.456,55.93449570,37.38129390,0,
2827,1.456,55.93449550,37.38129460,0,183.650
2828,1.4664,55.93449550,37.38129460,0,
2829,1.4664,55.93449540,37.38129520,0,183.650
2830,1.4664,55.93449520,37.38129570,0,183.642
2831,1.4664,55.93449520,37.38129570,0,
2832,1.4664,55.93449500,37.38129630,0,183.655
2833,1.4664,55.93449500,37.38129630,0,
2834,1.4768,55.93449480,37.38129690,0,183.644
2835,1.4768,55.93449480,37.38129690,0,
2836,1.4768,55.93449460,37.38129750,0,183.644
2837,1.4768,55.93449460,37.38129750,0,
2838,1.4768,55.93449440,37.38129800,0,183.650
2839,1.4768,55.93449440,37.38129800,0,
2840,1.4768,55.93449430,37.38129850,0,183.640
2841,1.4768,55.93449430,37.38129850,0,
2842,1.4976,55.93449410,37.38129910,0,183.643
2843,1.4872,55.93449390,37.38129960,0,
2844,1.4976,55.93449390,37.38129960,0,183.653
2845,1.4976,55.93449370,37.38130020,0,
2846,1.4976,55.93449370,37.38130020,0,183.643
2847,1.4976,55.93449360,37.38130070,0,
2848,1.4976,55.93449360,37.38130070,0,183.638
2849,1.4976,55.93449340,37.38130120,0,
2850,1.4976,55.93449340,37.38130120,0,183.646
2851,1.4976,55.93449320,37.38130170,0,
2852,1.4976,55.93449320,37.38130170,0,183.642
2853,1.4976,55.93449300,37.38130230,0,
2854,1.4976,55.93449300,37.38130230,0,183.636
2855,1.4976,55.93449290,37.38130280,0,
2856,1.4976,55.93449290,37.38130280,0,183.647
2857,1.4976,55.93449270,37.38130330,0,
2858,1.4976,55.93449270,37.38130330,0,183.639
2859,1.4976,55.93449250,37.38130380,0,183.641
2860,1.4976,55.93449240,37.38130430,0,
2861,1.4976,55.93449240,37.38130430,0,183.644
2862,1.508,55.93449220,37.38130480,0,
2863,1.508,55.93449220,37.38130480,0,183.642
2864,1.4976,55.93449210,37.38130530,0,
2865,1.4976,55.93449210,37.38130530,0,183.634
2866,1.508,55.93449190,37.38130580,0,
2867,1.4976,55.93449190,37.38130580,0,183.639
2868,1.4976,55.93449170,37.38130630,0,
2869,1.508,55.93449170,37.38130630,0,183.638
2870,1.4976,55.93449160,37.38130680,0,
2871,1.508,55.93449160,37.38130680,0,183.643
2872,1.508,55.93449140,37.38130720,0,
2873,1.508,55.93449120,37.38130770,0,183.638
2874,1.508,55.93449120,37.38130770,0,
2875,1.508,55.93449110,37.38130820,0,183.638
2876,1.508,55.93449110,37.38130820,0,
2877,1.508,55.93449090,37.38130870,0,183.648
2878,1.508,55.93449090,37.38130870,0,
2879,1.508,55.93449070,37.38130920,0,183.645
2880,1.508,55.93449070,37.38130920,0,
2881,1.5184,55.93449060,37.38130970,0,183.648
2882,1.5184,55.93449060,37.38130970,0,
2883,1.5184,55.93449040,37.38131020,0,183.650
2884,1.508,55.93449040,37.38131020,0,
2885,1.508,55.93449020,37.38131060,0,183.641
2886,1.508,55.93449020,37.38131060,0,
2887,1.508,55.93449010,37.38131110,0,183.639
2888,1.508,55.93448990,37.38131150,0,183.645
2889,1.508,55.93448990,37.38131150,0,
2890,1.508,55.93448970,37.38131200,0,183.638
2891,1.5184,55.93448970,37.38131200,0,
2892,1.5184,55.93448960,37.38131250,0,183.634
2893,1.5184,55.93448960,37.38131250,0,
2894,1.5184,55.93448940,37.38131290,0,183.645
2895,1.5184,55.93448940,37.38131290,0,
2896,1.5184,55.93448920,37.38131340,0,183.645
2897,1.5184,55.93448920,37.38131340,0,
2898,1.5184,55.93448910,37.38131390,0,183.648
2899,1.5184,55.93448910,37.38131390,0,
2900,1.5184,55.93448890,37.38131430,0,183.647
2901,1.5184,55.93448890,37.38131430,0,
2902,1.5184,55.93448880,37.38131480,0,183.643
2903,1.5184,55.93448860,37.38131530,0,
2904,1.5184,55.93448860,37.38131530,0,183.630
2905,1.508,55.93448850,37.38131570,0,
2906,1.5184,55.93448850,37.38131570,0,183.630
2907,1.5184,55.93448830,37.38131620,0,
2908,1.5184,55.93448830,37.38131620,0,183.632
2909,1.5184,55.93448820,37.38131670,0,
2910,1.5184,55.93448820,37.38131670,0,183.640
2911,1.5184,55.93448800,37.38131720,0,
2912,1.5184,55.93448800,37.38131720,0,183.637
2913,1.5184,55.93448780,37.38131760,0,183.637
2914,1.5184,55.93448780,37.38131760,0,
2915,1.5184,55.93448770,37.38131810,0,183.635
2916,1.5184,55.93448770,37.38131810,0,
2917,1.5184,55.93448750,37.38131850,0,183.634
2918,1.5184,55.93448750,37.38131850,0,
2919,1.508,55.93448740,37.38131900,0,183.633
2920,1.4976,55.93448720,37.38131950,0,
2921,1.4976,55.93448720,37.38131950,0,183.630
2922,1.4768,55.93448710,37.38131990,0,
2923,1.4768,55.93448710,37.38131990,0,183.637
2924,1.4872,55.93448700,37.38132040,0,
2925,1.4872,55.93448700,37.38132040,0,183.635
2926,1.4768,55.93448680,37.38132080,0,
2927,1.4872,55.93448680,37.38132080,0,183.636
2928,1.4872,55.93448670,37.38132120,0,
2929,1.4872,55.93448670,37.38132120,0,183.639
2930,1.4872,55.93448650,37.38132170,0,
2931,1.4976,55.93448650,37.38132170,0,183.638
2932,1.4976,55.93448640,37.38132210,0,
2933,1.508,55.93448620,37.38132250,0,183.637
2934,1.508,55.93448620,37.38132250,0,
2935,1.508,55.93448610,37.38132300,0,183.629
2936,1.4976,55.93448610,37.38132300,0,
2937,1.4976,55.93448600,37.38132340,0,183.631
2938,1.4976,55.93448600,37.38132340,0,183.626
2939,1.508,55.93448580,37.38132380,0,
2940,1.508,55.93448580,37.38132380,0,
2941,1.508,55.93448570,37.38132420,0,183.628
2942,1.508,55.93448570,37.38132420,0,183.635
2943,1.4976,55.93448560,37.38132470,0,
2944,1.4976,55.93448560,37.38132470,0,183.633
2945,1.4976,55.93448540,37.38132510,0,
2946,1.4976,55.93448540,37.38132510,0,183.634
2947,1.4976,55.93448530,37.38132550,0,
2948,1.4872,55.93448510,37.38132590,0,183.630
2949,1.4872,55.93448510,37.38132590,0,
2950,1.4872,55.93448500,37.38132630,0,183.630
2951,1.4872,55.93448500,37.38132630,0,
2952,1.4872,55.93448480,37.38132670,0,183.638
2953,1.4976,55.93448480,37.38132670,0,
2954,1.4872,55.93448470,37.38132710,0,183.643
2955,1.4872,55.93448470,37.38132710,0,
2956,1.4976,55.93448460,37.38132750,0,183.642
2957,1.4872,55.93448460,37.38132750,0,
2958,1.4768,55.93448440,37.38132790,0,183.640
2959,1.4768,55.93448440,37.38132790,0,
2960,1.4768,55.93448430,37.38132830,0,183.645
2961,1.4664,55.93448410,37.38132870,0,
2962,1.4768,55.93448410,37.38132870,0,183.633
2963,1.4664,55.93448400,37.38132910,0,
2964,1.456,55.93448400,37.38132910,0,183.633
2965,1.456,55.93448390,37.38132950,0,183.631
2966,1.4456,55.93448390,37.38132950,0,
2967,1.4352,55.93448370,37.38132980,0,183.628
2968,1.4352,55.93448370,37.38132980,0,
2969,1.4352,55.93448360,37.38133020,0,183.630
2970,1.4248,55.93448360,37.38133020,0,
2971,1.4352,55.93448340,37.38133060,0,183.633
2972,1.4248,55.93448340,37.38133060,0,
2973,1.4144,55.93448330,37.38133090,0,183.635
2974,1.4144,55.93448330,37.38133090,0,
2975,1.4144,55.93448310,37.38133130,0,183.635
2976,1.4144,55.93448290,37.38133160,0,
2977,1.4144,55.93448290,37.38133160,0,183.637
2978,1.404,55.93448280,37.38133200,0,
2979,1.404,55.93448280,37.38133200,0,183.637
2980,1.404,55.93448260,37.38133230,0,
2981,1.404,55.93448260,37.38133230,0,183.635
2982,1.404,55.93448250,37.38133270,0,
2983,1.404,55.93448250,37.38133270,0,183.631
2984,1.404,55.93448230,37.38133300,0,
2985,1.404,55.93448230,37.38133300,0,183.633
2986,1.404,55.93448210,37.38133340,0,
2987,1.404,55.93448210,37.38133340,0,183.635
2988,1.404,55.93448190,37.38133370,0,
2989,1.404,55.93448180,37.38133410,0,183.634
2990,1.404,55.93448180,37.38133410,0,
2991,1.404,55.93448160,37.38133450,0,183.631
2992,1.404,55.93448160,37.38133450,0,183.640
2993,1.404,55.93448150,37.38133480,0,
2994,1.404,55.93448150,37.38133480,0,183.637
2995,1.404,55.93448130,37.38133520,0,
2996,1.404,55.93448130,37.38133520,0,183.635
2997,1.404,55.93448110,37.38133560,0,
2998,1.404,55.93448110,37.38133560,0,183.638
2999,1.4144,55.93448090,37.38133600,0,
3000,1.404,55.93448090,37.38133600,0,183.634
3001,1.4144,55.93448080,37.38133630,0,
3002,1.4144,55.93448080,37.38133630,0,183.634
3003,1.4144,55.93448060,37.38133670,0,
3004,1.4144,55.93448060,37.38133670,0,183.635
3005,1.404,55.93448040,37.38133700,0,
3006,1.404,55.93448030,37.38133740,0,183.636
3007,1.4144,55.93448030,37.38133740,0,
3008,1.404,55.93448010,37.38133770,0,183.636
3009,1.404,55.93448010,37.38133770,0,
3010,1.404,55.93447990,37.38133810,0,183.637
3011,1.4144,55.93447990,37.38133810,0,
3012,1.404,55.93447980,37.38133850,0,183.636
3013,1.4144,55.93447980,37.38133850,0,
3014,1.404,55.93447960,37.38133890,0,183.635
3015,1.4144,55.93447960,37.38133890,0,
3016,1.4144,55.93447940,37.38133930,0,183.637
3017,1.404,55.93447920,37.38133960,0,183.634
3018,1.404,55.93447920,37.38133960,0,
3019,1.404,55.93447910,37.38134000,0,183.643
3020,1.404,55.93447910,37.38134000,0,
3021,1.404,55.93447890,37.38134040,0,183.639
3022,1.404,55.93447890,37.38134040,0,
3023,1.404,55.93447870,37.38134080,0,183.639
3024,1.404,55.93447870,37.38134080,0,
3025,1.404,55.93447860,37.38134120,0,183.646
3026,1.4144,55.93447860,37.38134120,0,
3027,1.404,55.93447840,37.38134160,0,183.645
3028,1.404,55.93447840,37.38134160,0,
3029,1.4144,55.93447820,37.38134200,0,183.628
3030,1.404,55.93447820,37.38134200,0,
3031,1.404,55.93447810,37.38134240,0,183.629
3032,1.4144,55.93447810,37.38134240,0,
3033,1.4144,55.93447790,37.38134280,0,183.626
3034,1.404,55.93447770,37.38134320,0,
3035,1.404,55.93447770,37.38134320,0,183.626
3036,1.404,55.93447750,37.38134360,0,
3037,1.404,55.93447750,37.38134360,0,183.625
3038,1.4144,55.93447740,37.38134400,0,
3039,1.4144,55.93447740,37.38134400,0,183.639
3040,1.4144,55.93447720,37.38134440,0,
3041,1.4144,55.93447720,37.38134440,0,183.638
3042,1.4144,55.93447700,37.38134480,0,
3043,1.4144,55.93447700,37.38134480,0,183.641
3044,1.4248,55.93447690,37.38134520,0,
3045,1.4144,55.93447690,37.38134520,0,183.637
3046,1.4144,55.93447670,37.38134560,0,183.641
3047,1.4144,55.93447660,37.38134600,0,
3048,1.4144,55.93447660,37.38134600,0,
3049,1.4144,55.93447650,37.38134640,0,183.645
3050,1.4144,55.93447650,37.38134640,0,183.640
3051,1.404,55.93447630,37.38134680,0,
3052,1.404,55.93447630,37.38134680,0,183.644
3053,1.404,55.93447620,37.38134720,0,
3054,1.404,55.93447620,37.38134720,0,183.642
3055,1.404,55.93447600,37.38134760,0,
3056,1.404,55.93447600,37.38134760,0,183.641
3057,1.404,55.93447590,37.38134800,0,
3058,1.404,55.93447590,37.38134800,0,183.642
3059,1.404,55.93447580,37.38134840,0,
3060,1.3936,55.93447580,37.38134840,0,183.638
3061,1.3936,55.93447560,37.38134880,0,
3062,1.404,55.93447550,37.38134920,0,183.640
3063,1.404,55.93447550,37.38134920,0,
3064,1.404,55.93447540,37.38134970,0,183.642
3065,1.4144,55.93447540,37.38134970,0,
3066,1.404,55.93447520,37.38135010,0,183.641
3067,1.404,55.93447520,37.38135010,0,
3068,1.4144,55.93447510,37.38135050,0,183.641
3069,1.4248,55.93447510,37.38135050,0,
3070,1.4144,55.93447500,37.38135090,0,183.640
3071,1.4248,55.93447500,37.38135090,0,
3072,1.4144,55.93447490,37.38135130,0,183.644
3073,1.4248,55.93447490,37.38135130,0,183.648
3074,1.4248,55.93447470,37.38135170,0,
3075,1.4248,55.93447470,37.38135170,0,183.646
3076,1.4352,55.93447460,37.38135210,0,
3077,1.4248,55.93447460,37.38135210,0,183.644
3078,1.4352,55.93447450,37.38135260,0,
3079,1.4248,55.93447430,37.38135300,0,183.644
3080,1.4248,55.93447430,37.38135300,0,
3081,1.4248,55.93447420,37.38135340,0,183.636
3082,1.4248,55.93447420,37.38135340,0,
3083,1.4248,55.93447410,37.38135390,0,183.638
3084,1.4248,55.93447410,37.38135390,0,
3085,1.4248,55.93447400,37.38135430,0,183.640
3086,1.4248,55.93447400,37.38135430,0,
3087,1.4248,55.93447380,37.38135470,0,183.643
3088,1.4248,55.93447380,37.38135470,0,
3089,1.4248,55.93447370,37.38135510,0,183.642
3090,1.4248,55.93447370,37.38135510,0,
3091,1.4248,55.93447360,37.38135550,0,183.641
3092,1.4248,55.93447350,37.38135590,0,
3093,1.4248,55.93447350,37.38135590,0,183.639
3094,1.4248,55.93447330,37.38135640,0,
3095,1.4248,55.93447330,37.38135640,0,183.641
3096,1.4248,55.93447320,37.38135680,0,
3097,1.4248,55.93447320,37.38135680,0,183.647
3098,1.4248,55.93447310,37.38135720,0,183.643
3099,1.4248,55.93447310,37.38135720,0,
3100,1.4248,55.93447300,37.38135760,0,183.645
3101,1.4248,55.93447300,37.38135760,0,
3102,1.4248,55.93447290,37.38135810,0,183.639
3103,1.4248,55.93447290,37.38135810,0,
3104,1.4248,55.93447280,37.38135850,0,183.641
3105,1.4248,55.93447280,37.38135850,0,
3106,1.4248,55.93447270,37.38135890,0,183.648
3107,1.4248,55.93447250,37.38135940,0,
3108,1.4248,55.93447250,37.38135940,0,183.647
3109,1.4248,55.93447240,37.38135980,0,
3110,1.4144,55.93447240,37.38135980,0,183.645
3111,1.4144,55.93447230,37.38136020,0,
3112,1.4144,55.93447230,37.38136020,0,183.644
3113,1.4248,55.93447220,37.38136060,0,
3114,1.4248,55.93447220,37.38136060,0,183.643
3115,1.4248,55.93447210,37.38136110,0,
3116,1.4248,55.93447210,37.38136110,0,183.643
3117,1.4248,55.93447190,37.38136150,0,
3118,1.4144,55.93447190,37.38136150,0,183.646
3119,1.4144,55.93447180,37.38136200,0,
3120,1.4248,55.93447180,37.38136240,0,183.645
3121,1.4144,55.93447180,37.38136240,0,
3122,1.4144,55.93447170,37.38136290,0,183.649
3123,1.4144,55.93447170,37.38136290,0,
3124,1.4144,55.93447160,37.38136330,0,183.650
3125,1.4144,55.93447160,37.38136330,0,
3126,1.4144,55.93447150,37.38136380,0,183.641
3127,1.4144,55.93447150,37.38136380,0,183.643
3128,1.404,55.93447140,37.38136430,0,
3129,1.4144,55.93447140,37.38136430,0,183.645
3130,1.4144,55.93447130,37.38136480,0,
3131,1.4144,55.93447130,37.38136480,0,183.648
3132,1.404,55.93447120,37.38136540,0,
3133,1.4144,55.93447120,37.38136540,0,183.647
3134,1.404,55.93447110,37.38136590,0,
3135,1.4144,55.93447090,37.38136650,0,183.650
3136,1.4144,55.93447090,37.38136650,0,
3137,1.4144,55.93447080,37.38136700,0,183.649
3138,1.4144,55.93447080,37.38136700,0,
3139,1.4144,55.93447070,37.38136760,0,183.656
3140,1.404,55.93447070,37.38136760,0,
3141,1.404,55.93447060,37.38136820,0,183.658
3142,1.4144,55.93447060,37.38136820,0,
3143,1.4144,55.93447050,37.38136880,0,183.657
3144,1.4144,55.93447050,37.38136880,0,
3145,1.404,55.93447040,37.38136950,0,183.642
3146,1.4144,55.93447040,37.38136950,0,
3147,1.4144,55.93447020,37.38137010,0,183.639
3148,1.404,55.93447010,37.38137080,0,
3149,1.404,55.93447010,37.38137080,0,183.642
3150,1.404,55.93447000,37.38137150,0,
3151,1.404,55.93447000,37.38137150,0,183.641
3152,1.404,55.93446980,37.38137220,0,
3153,1.404,55.93446980,37.38137220,0,183.645
3154,1.404,55.93446970,37.38137290,0,
3155,1.404,55.93446970,37.38137290,0,183.643
3156,1.404,55.93446960,37.38137350,0,183.640
3157,1.404,55.93446960,37.38137350,0,
3158,1.404,55.93446940,37.38137430,0,183.634
3159,1.404,55.93446940,37.38137430,0,
3160,1.404,55.93446930,37.38137500,0,183.634
3161,1.404,55.93446930,37.38137500,0,
3162,1.404,55.93446920,37.38137570,0,183.639
3163,1.404,55.93446920,37.38137570,0,
3164,1.404,55.93446900,37.38137640,0,183.640
3165,1.404,55.93446890,37.38137710,0,
3166,1.404,55.93446890,37.38137710,0,183.646
3167,1.404,55.93446870,37.38137780,0,
3168,1.3936,55.93446870,37.38137780,0,183.643
3169,1.3936,55.93446850,37.38137850,0,
3170,1.404,55.93446850,37.38137850,0,183.638
3171,1.404,55.93446840,37.38137920,0,
3172,1.3936,55.93446840,37.38137920,0,183.635
3173,1.3936,55.93446820,37.38137990,0,
3174,1.404,55.93446820,37.38137990,0,183.642
3175,1.3936,55.93446810,37.38138060,0,
3176,1.404,55.93446810,37.38138060,0,183.647
3177,1.404,55.93446790,37.38138120,0,
3178,1.404,55.93446790,37.38138120,0,183.649
3179,1.404,55.93446780,37.38138190,0,
3180,1.404,55.93446770,37.38138260,0,183.643
3181,1.404,55.93446770,37.38138260,0,183.642
3182,1.404,55.93446750,37.38138330,0,
3183,1.404,55.93446750,37.38138330,0,183.642
3184,1.404,55.93446740,37.38138390,0,
3185,1.404,55.93446740,37.38138390,0,183.642
3186,1.404,55.93446730,37.38138460,0,
3187,1.404,55.93446730,37.38138460,0,183.636
3188,1.404,55.93446720,37.38138520,0,
3189,1.404,55.93446720,37.38138520,0,183.636
3190,1.404,55.93446700,37.38138580,0,
3191,1.404,55.93446700,37.38138580,0,183.645
3192,1.404,55.93446690,37.38138650,0,
3193,1.404,55.93446680,37.38138700,0,183.641
3194,1.404,55.93446680,37.38138700,0,
3195,1.404,55.93446670,37.38138770,0,183.637
3196,1.404,55.93446670,37.38138770,0,
3197,1.404,55.93446660,37.38138820,0,183.642
3198,1.404,55.93446660,37.38138820,0,
3199,1.3936,55.93446660,37.38138880,0,183.638
3200,1.3936,55.93446660,37.38138880,0,
3201,1.404,55.93446650,37.38138940,0,183.637
3202,1.404,55.93446650,37.38138940,0,
3203,1.404,55.93446640,37.38139000,0,183.643
3204,1.404,55.93446640,37.38139000,0,
3205,1.404,55.93446630,37.38139060,0,183.643
3206,1.3936,55.93446630,37.38139060,0,183.643
3207,1.3936,55.93446620,37.38139110,0,
3208,1.3936,55.93446610,37.38139170,0,183.647
3209,1.3936,55.93446610,37.38139170,0,
3210,1.3936,55.93446600,37.38139220,0,183.648
3211,1.3936,55.93446600,37.38139220,0,
3212,1.3936,55.93446600,37.38139280,0,183.646
3213,1.3936,55.93446600,37.38139280,0,
3214,1.3936,55.93446590,37.38139330,0,183.643
3215,1.3936,55.93446590,37.38139330,0,
3216,1.3936,55.93446580,37.38139380,0,183.640
3217,1.3936,55.93446580,37.38139380,0,
3218,1.3936,55.93446580,37.38139430,0,183.639
3219,1.3936,55.93446580,37.38139430,0,
3220,1.3936,55.93446570,37.38139490,0,183.643
3221,1.3936,55.93446570,37.38139490,0,
3222,1.3936,55.93446560,37.38139530,0,183.652
3223,1.3936,55.93446560,37.38139530,0,
3224,1.3936,55.93446550,37.38139580,0,183.648
3225,1.3936,55.93446550,37.38139580,0,
3226,1.3936,55.93446540,37.38139630,0,183.647
3227,1.3936,55.93446540,37.38139680,0,
3228,1.3936,55.93446540,37.38139680,0,183.650
3229,1.3936,55.93446530,37.38139730,0,
3230,1.3936,55.93446530,37.38139730,0,183.651
3231,1.3936,55.93446520,37.38139780,0,
3232,1.3936,55.93446520,37.38139780,0,183.654
3233,1.3936,55.93446520,37.38139830,0,
3234,1.3936,55.93446520,37.38139830,0,183.652
3235,1.3936,55.93446510,37.38139870,0,183.650
3236,1.3936,55.93446510,37.38139870,0,
3237,1.3936,55.93446500,37.38139920,0,183.648
3238,1.3936,55.93446500,37.38139920,0,
3239,1.3936,55.93446500,37.38139970,0,183.645
3240,1.3832,55.93446500,37.38139970,0,
3241,1.3832,55.93446490,37.38140010,0,
3242,1.3832,55.93446490,37.38140060,0,183.645
3243,1.3936,55.93446490,37.38140060,0,183.640
3244,1.3832,55.93446480,37.38140100,0,
3245,1.3832,55.93446480,37.38140100,0,183.637
3246,1.3936,55.93446470,37.38140150,0,
3247,1.3832,55.93446470,37.38140150,0,183.642
3248,1.3832,55.93446470,37.38140190,0,
3249,1.3936,55.93446470,37.38140190,0,183.636
3250,1.3832,55.93446460,37.38140240,0,
3251,1.3832,55.93446460,37.38140240,0,183.646
3252,1.3936,55.93446450,37.38140290,0,
3253,1.3936,55.93446450,37.38140290,0,183.650
3254,1.3832,55.93446450,37.38140330,0,
3255,1.3832,55.93446440,37.38140400,0,183.637
3256,1.3936,55.93446440,37.38140400,0,
3257,1.3936,55.93446430,37.38140540,0,183.636
3258,1.3936,55.93446430,37.38140540,0,
3259,1.3832,55.93446410,37.38140680,0,183.636
3260,1.3832,55.93446410,37.38140680,0,
3261,1.3832,55.93446400,37.38140860,0,183.648
3262,1.3832,55.93446400,37.38140860,0,
3263,1.3832,55.93446380,37.38141070,0,183.647
3264,1.3936,55.93446380,37.38141070,0,183.646
3265,1.3936,55.93446340,37.38141300,0,
3266,1.3832,55.93446340,37.38141300,0,183.645
3267,1.3728,55.93446300,37.38141540,0,
3268,1.3728,55.93446300,37.38141540,0,183.647
3269,1.3728,55.93446250,37.38141770,0,
3270,1.3728,55.93446190,37.38142030,0,183.626
3271,1.3832,55.93446190,37.38142030,0,
3272,1.3832,55.93446120,37.38142270,0,183.625
3273,1.3832,55.93446120,37.38142270,0,
3274,1.3832,55.93446040,37.38142520,0,183.627
3275,1.3728,55.93446040,37.38142520,0,
3276,1.3624,55.93445950,37.38142750,0,183.633
3277,1.3728,55.93445950,37.38142750,0,
3278,1.3728,55.93445840,37.38142990,0,183.633
3279,1.3728,55.93445840,37.38142990,0,
3280,1.3728,55.93445730,37.38143200,0,183.631
3281,1.3728,55.93445730,37.38143200,0,
3282,1.3728,55.93445620,37.38143400,0,183.631
3283,1.3728,55.93445620,37.38143400,0,
3284,1.3728,55.93445500,37.38143590,0,183.630
3285,1.3624,55.93445500,37.38143590,0,
3286,1.3728,55.93445380,37.38143760,0,183.636
3287,1.3728,55.93445260,37.38143920,0,
3288,1.3728,55.93445260,37.38143920,0,183.634
3289,1.3936,55.93445140,37.38144070,0,
3290,1.3936,55.93445140,37.38144070,0,183.637
3291,1.3624,55.93445030,37.38144200,0,
3292,1.3624,55.93445030,37.38144200,0,183.641
3293,1.3832,55.93444900,37.38144330,0,
3294,1.3832,55.93444900,37.38144330,0,183.642
3295,1.3832,55.93444790,37.38144440,0,
3296,1.3832,55.93444790,37.38144440,0,183.644
3297,1.3832,55.93444670,37.38144550,0,183.641
3298,1.3832,55.93444670,37.38144550,0,
3299,1.3832,55.93444560,37.38144650,0,183.632
3300,1.3832,55.93444450,37.38144730,0,
3301,1.3832,55.93444450,37.38144730,0,183.627
3302,1.3936,55.93444350,37.38144800,0,
3303,1.3936,55.93444350,37.38144800,0,183.628
3304,1.3936,55.93444240,37.38144880,0,
3305,1.3936,55.93444240,37.38144880,0,183.626
3306,1.3936,55.93444150,37.38144940,0,
3307,1.3936,55.93444150,37.38144940,0,183.630
3308,1.3936,55.93444050,37.38145000,0,
3309,1.3936,55.93444050,37.38145000,0,183.624
3310,1.3936,55.93443960,37.38145060,0,
3311,1.3936,55.93443870,37.38145110,0,183.642
3312,1.3936,55.93443870,37.38145110,0,
3313,1.3936,55.93443780,37.38145170,0,183.633
3314,1.3936,55.93443780,37.38145170,0,
3315,1.3936,55.93443700,37.38145210,0,183.633
3316,1.3936,55.93443700,37.38145210,0,
3317,1.3936,55.93443610,37.38145260,0,183.635
3318,1.3936,55.93443610,37.38145260,0,183.638
3319,1.3832,55.93443510,37.38145310,0,
3320,1.3728,55.93443510,37.38145310,0,
3321,1.3624,55.93443420,37.38145360,0,183.644
3322,1.3624,55.93443420,37.38145360,0,183.635
3323,1.3832,55.93443330,37.38145400,0,
3324,1.3936,55.93443330,37.38145400,0,183.627
3325,1.3936,55.93443220,37.38145460,0,
3326,1.3936,55.93443220,37.38145460,0,183.642
3327,1.3936,55.93443130,37.38145500,0,
3328,1.3936,55.93443030,37.38145550,0,183.648
3329,1.3936,55.93443030,37.38145550,0,
3330,1.3936,55.93442930,37.38145600,0,183.639
3331,1.3936,55.93442930,37.38145600,0,
3332,1.3936,55.93442820,37.38145650,0,183.634
3333,1.3936,55.93442820,37.38145650,0,
3334,1.3936,55.93442730,37.38145700,0,183.639
3335,1.404,55.93442730,37.38145700,0,
3336,1.3936,55.93442630,37.38145760,0,183.637
3337,1.3936,55.93442630,37.38145760,0,
3338,1.404,55.93442520,37.38145820,0,183.635
3339,1.3936,55.93442520,37.38145820,0,
3340,1.3936,55.93442420,37.38145880,0,183.636
3341,1.404,55.93442420,37.38145880,0,
3342,1.3936,55.93442310,37.38145950,0,183.646
3343,1.3936,55.93442310,37.38145950,0,
3344,1.3936,55.93442210,37.38146010,0,183.642
3345,1.3936,55.93442110,37.38146080,0,183.643
3346,1.3936,55.93442110,37.38146080,0,
3347,1.3936,55.93442010,37.38146150,0,183.636
3348,1.404,55.93442010,37.38146150,0,
3349,1.404,55.93441900,37.38146220,0,183.634
3350,1.404,55.93441900,37.38146220,0,
3351,1.404,55.93441800,37.38146300,0,183.640
3352,1.404,55.93441800,37.38146300,0,
3353,1.404,55.93441690,37.38146370,0,183.635
3354,1.404,55.93441690,37.38146370,0,
3355,1.404,55.93441590,37.38146450,0,183.635
3356,1.404,55.93441590,37.38146450,0,
3357,1.404,55.93441490,37.38146520,0,183.639
3358,1.404,55.93441390,37.38146610,0,
3359,1.404,55.93441390,37.38146610,0,183.633
3360,1.404,55.93441290,37.38146690,0,
3361,1.404,55.93441290,37.38146690,0,183.636
3362,1.404,55.93441190,37.38146770,0,
3363,1.404,55.93441190,37.38146770,0,183.637
3364,1.404,55.93441090,37.38146850,0,
3365,1.3936,55.93441090,37.38146850,0,183.639
3366,1.404,55.93440990,37.38146930,0,
3367,1.404,55.93440990,37.38146930,0,183.634
3368,1.404,55.93440890,37.38147020,0,
3369,1.404,55.93440890,37.38147020,0,183.635
3370,1.4144,55.93440790,37.38147100,0,
3371,1.404,55.93440790,37.38147100,0,183.632
3372,1.404,55.93440700,37.38147190,0,
3373,1.404,55.93440600,37.38147270,0,183.635
3374,1.4144,55.93440600,37.38147270,0,183.631
3375,1.404,55.93440500,37.38147360,0,
3376,1.4144,55.93440500,37.38147360,0,183.633
3377,1.404,55.93440410,37.38147450,0,
3378,1.4144,55.93440410,37.38147450,0,183.640
3379,1.404,55.93440310,37.38147540,0,
3380,1.404,55.93440310,37.38147540,0,183.639
3381,1.404,55.93440220,37.38147620,0,
3382,1.4144,55.93440220,37.38147620,0,183.644
3383,1.404,55.93440120,37.38147710,0,
3384,1.4144,55.93440120,37.38147710,0,183.639
3385,1.404,55.93440030,37.38147800,0,
3386,1.4144,55.93439940,37.38147890,0,183.644
3387,1.4144,55.93439940,37.38147890,0,
3388,1.4144,55.93439840,37.38147980,0,183.647
3389,1.4144,55.93439840,37.38147980,0,
3390,1.4144,55.93439750,37.38148060,0,183.635
3391,1.4144,55.93439750,37.38148060,0,
3392,1.4144,55.93439650,37.38148160,0,183.638
3393,1.4144,55.93439650,37.38148160,0,
3394,1.404,55.93439560,37.38148240,0,183.641
3395,1.4144,55.93439560,37.38148240,0,
3396,1.4144,55.93439470,37.38148330,0,183.640
3397,1.4144,55.93439470,37.38148330,0,
3398,1.4144,55.93439380,37.38148410,0,183.633
3399,1.404,55.93439380,37.38148410,0,183.636
3400,1.4144,55.93439290,37.38148500,0,
3401,1.4144,55.93439200,37.38148590,0,183.634
3402,1.4144,55.93439200,37.38148590,0,
3403,1.4248,55.93439100,37.38148680,0,183.635
3404,1.4248,55.93439100,37.38148680,0,
3405,1.4144,55.93439010,37.38148770,0,183.637
3406,1.4248,55.93439010,37.38148770,0,
3407,1.4248,55.93438920,37.38148860,0,183.640
3408,1.4248,55.93438920,37.38148860,0,
3409,1.4248,55.93438830,37.38148940,0,183.638
3410,1.4144,55.93438830,37.38148940,0,
3411,1.4248,55.93438750,37.38149030,0,183.641
3412,1.4144,55.93438750,37.38149030,0,
3413,1.4248,55.93438650,37.38149130,0,183.642
3414,1.4248,55.93438650,37.38149130,0,
3415,1.4248,55.93438560,37.38149220,0,183.634
3416,1.4248,55.93438560,37.38149220,0,
3417,1.4248,55.93438470,37.38149310,0,183.632
3418,1.4248,55.93438380,37.38149400,0,
3419,1.4248,55.93438380,37.38149400,0,183.637
3420,1.4248,55.93438290,37.38149490,0,
3421,1.4248,55.93438290,37.38149490,0,183.635
3422,1.4248,55.93438200,37.38149590,0,
3423,1.4248,55.93438200,37.38149590,0,183.630
3424,1.4248,55.93438110,37.38149680,0,
3425,1.4248,55.93438110,37.38149680,0,183.629
3426,1.4248,55.93438020,37.38149770,0,183.631
3427,1.4248,55.93438020,37.38149770,0,
3428,1.4248,55.93437930,37.38149860,0,183.625
3429,1.4248,55.93437930,37.38149860,0,
3430,1.4248,55.93437840,37.38149960,0,183.635
3431,1.4248,55.93437750,37.38150050,0,
3432,1.4248,55.93437750,37.38150050,0,183.626
3433,1.4248,55.93437660,37.38150150,0,
3434,1.4248,55.93437660,37.38150150,0,183.633
3435,1.4248,55.93437570,37.38150240,0,
3436,1.4248,55.93437570,37.38150240,0,183.638
3437,1.4248,55.93437480,37.38150340,0,
3438,1.4248,55.93437480,37.38150340,0,183.630
3439,1.4144,55.93437390,37.38150430,0,
3440,1.4144,55.93437390,37.38150430,0,183.630
3441,1.4144,55.93437300,37.38150530,0,
3442,1.4248,55.93437300,37.38150530,0,183.626
3443,1.4248,55.93437210,37.38150620,0,
3444,1.4352,55.93437210,37.38150620,0,183.630
3445,1.4352,55.93437120,37.38150720,0,
3446,1.4352,55.93437030,37.38150810,0,183.630
3447,1.4248,55.93437030,37.38150810,0,
3448,1.4248,55.93436940,37.38150910,0,183.631
3449,1.4248,55.93436940,37.38150910,0,
3450,1.4248,55.93436850,37.38151010,0,183.629
3451,1.4248,55.93436850,37.38151010,0,
3452,1.4248,55.93436760,37.38151100,0,183.628
3453,1.4248,55.93436760,37.38151100,0,
3454,1.4248,55.93436680,37.38151190,0,183.632
3455,1.4248,55.93436680,37.38151190,0,183.634
3456,1.4248,55.93436590,37.38151290,0,
3457,1.4248,55.93436590,37.38151290,0,183.634
3458,1.4248,55.93436490,37.38151390,0,
3459,1.4248,55.93436410,37.38151480,0,183.631
3460,1.4248,55.93436410,37.38151480,0,
3461,1.4352,55.93436310,37.38151580,0,183.633
3462,1.4248,55.93436310,37.38151580,0,
3463,1.4248,55.93436230,37.38151670,0,183.628
3464,1.4248,55.93436230,37.38151670,0,
3465,1.4352,55.93436140,37.38151760,0,183.636
3466,1.4248,55.93436140,37.38151760,0,
3467,1.4248,55.93436050,37.38151860,0,183.632
3468,1.4248,55.93436050,37.38151860,0,
3469,1.4352,55.93435960,37.38151960,0,183.636
3470,1.4248,55.93435960,37.38151960,0,
3471,1.4352,55.93435870,37.38152060,0,183.634
3472,1.4352,55.93435870,37.38152060,0,
3473,1.4352,55.93435790,37.38152150,0,183.639
3474,1.4352,55.93435700,37.38152250,0,
3475,1.4248,55.93435700,37.38152250,0,183.638
3476,1.4352,55.93435610,37.38152350,0,
3477,1.4248,55.93435610,37.38152350,0,183.636
3478,1.4352,55.93435530,37.38152440,0,183.634
3479,1.4352,55.93435530,37.38152440,0,
3480,1.4352,55.93435430,37.38152540,0,
3481,1.4352,55.93435430,37.38152540,0,183.636
3482,1.4352,55.93435350,37.38152630,0,183.639
3483,1.4456,55.93435350,37.38152630,0,
3484,1.4456,55.93435260,37.38152730,0,183.637
3485,1.4352,55.93435260,37.38152730,0,
3486,1.4352,55.93435170,37.38152830,0,183.638
3487,1.4352,55.93435170,37.38152830,0,
3488,1.4456,55.93435080,37.38152930,0,183.636
3489,1.4456,55.93435080,37.38152930,0,
3490,1.4456,55.93435000,37.38153030,0,183.636
3491,1.4456,55.93434900,37.38153130,0,
3492,1.456,55.93434900,37.38153130,0,183.633
3493,1.4456,55.93434820,37.38153230,0,
3494,1.4456,55.93434820,37.38153230,0,183.636
3495,1.4456,55.93434730,37.38153330,0,
3496,1.4456,55.93434730,37.38153330,0,183.636
3497,1.456,55.93434640,37.38153420,0,
3498,1.456,55.93434640,37.38153420,0,183.633
3499,1.4456,55.93434550,37.38153520,0,
3500,1.456,55.93434550,37.38153520,0,183.636
3501,1.4456,55.93434460,37.38153620,0,
3502,1.4456,55.93434370,37.38153720,0,183.638
3503,1.4456,55.93434370,37.38153720,0,
3504,1.4456,55.93434280,37.38153820,0,183.632
3505,1.4352,55.93434280,37.38153820,0,183.637
3506,1.4456,55.93434200,37.38153920,0,
3507,1.4352,55.93434200,37.38153920,0,183.637
3508,1.4456,55.93434110,37.38154020,0,
3509,1.4352,55.93434110,37.38154020,0,183.637
3510,1.4352,55.93434020,37.38154110,0,
3511,1.4352,55.93434020,37.38154110,0,183.629
3512,1.4248,55.93433930,37.38154210,0,
3513,1.4248,55.93433930,37.38154210,0,183.629
3514,1.404,55.93433840,37.38154310,0,
3515,1.4144,55.93433750,37.38154410,0,183.628
3516,1.4144,55.93433750,37.38154410,0,
3517,1.4248,55.93433660,37.38154510,0,183.629
3518,1.4352,55.93433660,37.38154510,0,
3519,1.4352,55.93433580,37.38154600,0,183.631
3520,1.4352,55.93433580,37.38154600,0,
3521,1.4352,55.93433490,37.38154710,0,183.632
3522,1.4352,55.93433490,37.38154710,0,
3523,1.4352,55.93433400,37.38154800,0,183.633
3524,1.4248,55.93433400,37.38154800,0,
3525,1.4144,55.93433310,37.38154900,0,183.629
3526,1.4144,55.93433310,37.38154900,0,
3527,1.4352,55.93433220,37.38155000,0,183.636
3528,1.4352,55.93433220,37.38155000,0,183.630
3529,1.4456,55.93433140,37.38155100,0,
3530,1.4352,55.93433140,37.38155100,0,
3531,1.4456,55.93433050,37.38155200,0,183.635
3532,1.4352,55.93432960,37.38155300,0,183.634
3533,1.4352,55.93432960,37.38155300,0,
3534,1.4352,55.93432870,37.38155400,0,183.636
3535,1.4248,55.93432870,37.38155400,0,
3536,1.4248,55.93432780,37.38155500,0,183.634
3537,1.404,55.93432780,37.38155500,0,
3538,1.404,55.93432690,37.38155600,0,183.635
3539,1.404,55.93432690,37.38155600,0,
3540,1.4248,55.93432610,37.38155700,0,183.640
3541,1.4144,55.93432610,37.38155700,0,
3542,1.4352,55.93432520,37.38155800,0,183.639
3543,1.4352,55.93432520,37.38155800,0,
3544,1.4456,55.93432430,37.38155900,0,183.641
3545,1.4352,55.93432340,37.38156000,0,
3546,1.4456,55.93432340,37.38156000,0,183.639
3547,1.4456,55.93432250,37.38156100,0,
3548,1.4456,55.93432250,37.38156100,0,183.642
3549,1.4456,55.93432160,37.38156200,0,
3550,1.4352,55.93432160,37.38156200,0,183.630
3551,1.4456,55.93432080,37.38156300,0,
3552,1.4456,55.93432080,37.38156300,0,183.632
3553,1.4456,55.93431990,37.38156390,0,183.633
3554,1.4456,55.93431990,37.38156390,0,
3555,1.4456,55.93431900,37.38156500,0,183.632
3556,1.4456,55.93431900,37.38156500,0,
3557,1.4456,55.93431810,37.38156590,0,183.626
3558,1.4352,55.93431810,37.38156590,0,
3559,1.4352,55.93431720,37.38156700,0,
3560,1.4456,55.93431640,37.38156790,0,183.641
3561,1.4456,55.93431640,37.38156790,0,183.638
3562,1.4456,55.93431550,37.38156890,0,
3563,1.4352,55.93431550,37.38156890,0,183.639
3564,1.4456,55.93431460,37.38156990,0,
3565,1.4352,55.93431460,37.38156990,0,183.642
3566,1.4352,55.93431370,37.38157090,0,
3567,1.4352,55.93431370,37.38157090,0,183.643
3568,1.4456,55.93431280,37.38157190,0,
3569,1.4456,55.93431280,37.38157190,0,183.640
3570,1.4456,55.93431190,37.38157290,0,
3571,1.4352,55.93431190,37.38157290,0,183.643
3572,1.4352,55.93431100,37.38157400,0,
3573,1.4456,55.93431010,37.38157490,0,183.644
3574,1.4456,55.93431010,37.38157490,0,
3575,1.4456,55.93430920,37.38157600,0,183.643
3576,1.4456,55.93430920,37.38157600,0,
3577,1.4456,55.93430830,37.38157700,0,183.642
3578,1.4456,55.93430830,37.38157700,0,
3579,1.4456,55.93430740,37.38157800,0,183.642
3580,1.4456,55.93430740,37.38157800,0,
3581,1.4456,55.93430660,37.38157900,0,183.636
3582,1.4456,55.93430660,37.38157900,0,183.640
3583,1.4456,55.93430570,37.38158000,0,
3584,1.456,55.93430570,37.38158000,0,183.636
3585,1.4456,55.93430480,37.38158100,0,
3586,1.4456,55.93430480,37.38158100,0,183.638
3587,1.4456,55.93430400,37.38158200,0,
3588,1.4456,55.93430310,37.38158300,0,183.638
3589,1.4456,55.93430310,37.38158300,0,
3590,1.4456,55.93430220,37.38158400,0,183.640
3591,1.4456,55.93430220,37.38158400,0,
3592,1.4456,55.93430130,37.38158500,0,183.641
3593,1.4456,55.93430130,37.38158500,0,
3594,1.4456,55.93430040,37.38158600,0,183.642
3595,1.4352,55.93430040,37.38158600,0,
3596,1.4352,55.93429950,37.38158700,0,183.642
3597,1.4456,55.93429950,37.38158700,0,
3598,1.4456,55.93429860,37.38158800,0,183.640
3599,1.4456,55.93429860,37.38158800,0,
3600,1.4456,55.93429770,37.38158900,0,183.646
3601,1.4456,55.93429690,37.38159000,0,
3602,1.4456,55.93429690,37.38159000,0,183.641
3603,1.4456,55.93429600,37.38159100,0,
3604,1.4352,55.93429600,37.38159100,0,183.641
3605,1.4248,55.93429510,37.38159200,0,183.640
3606,1.4248,55.93429510,37.38159200,0,
3607,1.4248,55.93429420,37.38159300,0,183.644
3608,1.4144,55.93429420,37.38159300,0,
3609,1.4248,55.93429330,37.38159400,0,183.651
3610,1.4456,55.93429330,37.38159400,0,
3611,1.4456,55.93429250,37.38159500,0,183.646
3612,1.4456,55.93429250,37.38159500,0,
3613,1.4456,55.93429150,37.38159610,0,183.650
3614,1.4456,55.93429150,37.38159610,0,
3615,1.4456,55.93429070,37.38159710,0,183.646
3616,1.456,55.93429070,37.38159710,0,
3617,1.456,55.93428980,37.38159810,0,183.644
3618,1.4456,55.93428890,37.38159910,0,
3619,1.456,55.93428890,37.38159910,0,183.648
3620,1.4456,55.93428800,37.38160010,0,
3621,1.4456,55.93428800,37.38160010,0,183.645
3622,1.456,55.93428710,37.38160110,0,
3623,1.456,55.93428710,37.38160110,0,183.651
3624,1.456,55.93428620,37.38160210,0,
3625,1.456,55.93428620,37.38160210,0,183.651
3626,1.4456,55.93428530,37.38160310,0,
3627,1.456,55.93428530,37.38160310,0,183.648
3628,1.456,55.93428450,37.38160400,0,
3629,1.456,55.93428360,37.38160510,0,183.651
3630,1.456,55.93428360,37.38160510,0,
3631,1.456,55.93428270,37.38160610,0,183.648
3632,1.456,55.93428270,37.38160610,0,183.650
3633,1.456,55.93428180,37.38160720,0,
3634,1.456,55.93428180,37.38160720,0,183.648
3635,1.456,55.93428090,37.38160820,0,
3636,1.456,55.93428090,37.38160820,0,183.648
3637,1.456,55.93428010,37.38160920,0,
3638,1.456,55.93428010,37.38160920,0,183.641
3639,1.4456,55.93427920,37.38161020,0,
3640,1.456,55.93427920,37.38161020,0,183.648
3641,1.456,55.93427830,37.38161120,0,
3642,1.456,55.93427830,37.38161120,0,183.645
3643,1.456,55.93427740,37.38161220,0,
3644,1.456,55.93427740,37.38161220,0,183.645
3645,1.4456,55.93427650,37.38161320,0,
3646,1.4456,55.93427560,37.38161430,0,183.641
3647,1.4456,55.93427560,37.38161430,0,
3648,1.4456,55.93427480,37.38161530,0,183.645
3649,1.456,55.93427480,37.38161530,0,
3650,1.456,55.93427390,37.38161620,0,183.644
3651,1.456,55.93427390,37.38161620,0,
3652,1.456,55.93427300,37.38161730,0,183.645
3653,1.456,55.93427300,37.38161730,0,
3654,1.456,55.93427210,37.38161830,0,183.645
3655,1.4456,55.93427210,37.38161830,0,
3656,1.4456,55.93427120,37.38161930,0,183.639
3657,1.4456,55.93427120,37.38161930,0,
3658,1.4456,55.93427030,37.38162030,0,183.640
3659,1.4456,55.93426940,37.38162130,0,183.642
3660,1.4456,55.93426940,37.38162130,0,
3661,1.4352,55.93426860,37.38162230,0,183.641
3662,1.4248,55.93426860,37.38162230,0,
3663,1.4144,55.93426770,37.38162330,0,183.640
3664,1.4352,55.93426770,37.38162330,0,
3665,1.4352,55.93426680,37.38162430,0,183.639
3666,1.4456,55.93426680,37.38162430,0,
3667,1.4456,55.93426590,37.38162540,0,183.635
3668,1.4456,55.93426590,37.38162540,0,
3669,1.4456,55.93426500,37.38162630,0,183.639
3670,1.4456,55.93426410,37.38162730,0,
3671,1.4456,55.93426410,37.38162730,0,183.644
3672,1.4352,55.93426320,37.38162840,0,
3673,1.4456,55.93426320,37.38162840,0,183.635
3674,1.4352,55.93426240,37.38162930,0,
3675,1.4456,55.93426240,37.38162930,0,183.643
3676,1.4456,55.93426150,37.38163040,0,
3677,1.4456,55.93426150,37.38163040,0,183.645
3678,1.4456,55.93426060,37.38163130,0,
3679,1.4456,55.93426060,37.38163130,0,183.641
3680,1.4352,55.93425970,37.38163230,0,183.643
3681,1.4352,55.93425970,37.38163230,0,
3682,1.4456,55.93425880,37.38163330,0,
3683,1.4352,55.93425880,37.38163330,0,183.639
3684,1.4456,55.93425790,37.38163440,0,
3685,1.4456,55.93425790,37.38163440,0,183.647
3686,1.456,55.93425710,37.38163530,0,183.646
3687,1.4456,55.93425620,37.38163640,0,
3688,1.4456,55.93425620,37.38163640,0,183.644
3689,1.456,55.93425530,37.38163740,0,
3690,1.4456,55.93425530,37.38163740,0,183.648
3691,1.4456,55.93425440,37.38163840,0,
3692,1.456,55.93425440,37.38163840,0,183.646
3693,1.4456,55.93425350,37.38163940,0,
3694,1.4456,55.93425350,37.38163940,0,183.645
3695,1.4456,55.93425270,37.38164040,0,
3696,1.4456,55.93425270,37.38164040,0,183.645
3697,1.4456,55.93425180,37.38164140,0,
3698,1.4352,55.93425180,37.38164140,0,183.643
3699,1.4248,55.93425090,37.38164240,0,
3700,1.4248,55.93425090,37.38164240,0,183.646
3701,1.4248,55.93425000,37.38164340,0,
3702,1.4352,55.93425000,37.38164340,0,183.641
3703,1.4352,55.93424910,37.38164440,0,
3704,1.4456,55.93424830,37.38164540,0,183.648
3705,1.4456,55.93424830,37.38164540,0,
3706,1.4456,55.93424740,37.38164640,0,183.646
3707,1.4352,55.93424740,37.38164640,0,
3708,1.4456,55.93424650,37.38164740,0,183.647
3709,1.4456,55.93424650,37.38164740,0,
3710,1.4456,55.93424560,37.38164850,0,183.652
3711,1.4456,55.93424560,37.38164850,0,
3712,1.4456,55.93424470,37.38164950,0,183.646
3713,1.4456,55.93424470,37.38164950,0,183.650
3714,1.4456,55.93424380,37.38165050,0,
3715,1.4456,55.93424380,37.38165050,0,183.651
3716,1.4456,55.93424290,37.38165150,0,
3717,1.4352,55.93424200,37.38165250,0,183.646
3718,1.4352,55.93424200,37.38165250,0,
3719,1.4248,55.93424110,37.38165350,0,183.654
3720,1.4456,55.93424110,37.38165350,0,
3721,1.4352,55.93424020,37.38165450,0,183.648
3722,1.4352,55.93424020,37.38165450,0,
3723,1.4248,55.93423930,37.38165550,0,183.647
3724,1.4248,55.93423930,37.38165550,0,
3725,1.4248,55.93423850,37.38165650,0,183.649
3726,1.4456,55.93423850,37.38165650,0,
3727,1.4456,55.93423750,37.38165760,0,183.647
3728,1.4456,55.93423750,37.38165760,0,
3729,1.4456,55.93423670,37.38165850,0,183.646
3730,1.4352,55.93423670,37.38165850,0,
3731,1.4352,55.93423570,37.38165960,0,183.649
3732,1.4352,55.93423490,37.38166060,0,
3733,1.4352,55.93423490,37.38166060,0,183.641
3734,1.4352,55.93423390,37.38166160,0,
3735,1.4352,55.93423390,37.38166160,0,183.639
3736,1.4352,55.93423310,37.38166260,0,
3737,1.4352,55.93423310,37.38166260,0,183.635
3738,1.4352,55.93423220,37.38166370,0,
3739,1.4248,55.93423220,37.38166370,0,183.633
3740,1.4352,55.93423130,37.38166470,0,183.643
3741,1.4352,55.93423130,37.38166470,0,
3742,1.4352,55.93423040,37.38166570,0,
3743,1.4248,55.93423040,37.38166570,0,183.640
3744,1.404,55.93422950,37.38166670,0,183.628
3745,1.404,55.93422950,37.38166670,0,
3746,1.404,55.93422860,37.38166770,0,183.638
3747,1.404,55.93422780,37.38166870,0,
3748,1.4144,55.93422780,37.38166870,0,183.628
3749,1.4352,55.93422690,37.38166970,0,
3750,1.4248,55.93422690,37.38166970,0,183.634
3751,1.4352,55.93422600,37.38167080,0,
3752,1.4248,55.93422600,37.38167080,0,183.635
3753,1.4352,55.93422510,37.38167170,0,
3754,1.4248,55.93422510,37.38167170,0,183.634
3755,1.4248,55.93422420,37.38167280,0,
3756,1.4248,55.93422420,37.38167280,0,183.638
3757,1.4248,55.93422340,37.38167380,0,
3758,1.4248,55.93422340,37.38167380,0,183.634
3759,1.4352,55.93422250,37.38167470,0,
3760,1.4352,55.93422250,37.38167470,0,183.634
3761,1.4248,55.93422160,37.38167580,0,
3762,1.4248,55.93422160,37.38167580,0,183.644
3763,1.4352,55.93422070,37.38167670,0,
3764,1.4352,55.93422070,37.38167670,0,183.641
3765,1.4352,55.93421980,37.38167780,0,
3766,1.4248,55.93421890,37.38167880,0,183.640
3767,1.4352,55.93421890,37.38167880,0,
3768,1.4248,55.93421800,37.38167980,0,183.642
3769,1.4248,55.93421800,37.38167980,0,
3770,1.4352,55.93421710,37.38168080,0,183.639
3771,1.4352,55.93421710,37.38168080,0,
3772,1.4352,55.93421620,37.38168180,0,183.638
3773,1.4352,55.93421620,37.38168180,0,
3774,1.4352,55.93421540,37.38168280,0,183.639
3775,1.4456,55.93421540,37.38168280,0,183.636
3776,1.4352,55.93421440,37.38168390,0,
3777,1.4352,55.93421440,37.38168390,0,183.636
3778,1.4352,55.93421360,37.38168490,0,
3779,1.4352,55.93421270,37.38168590,0,183.639
3780,1.4248,55.93421270,37.38168590,0,
3781,1.4144,55.93421180,37.38168690,0,183.634
3782,1.4248,55.93421180,37.38168690,0,
3783,1.4248,55.93421090,37.38168790,0,183.635
3784,1.4248,55.93421090,37.38168790,0,
3785,1.404,55.93421000,37.38168900,0,183.635
3786,1.404,55.93421000,37.38168900,0,
3787,1.404,55.93420910,37.38168990,0,183.641
3788,1.4248,55.93420910,37.38168990,0,
3789,1.4248,55.93420820,37.38169090,0,183.632
3790,1.4352,55.93420820,37.38169090,0,
3791,1.4352,55.93420730,37.38169200,0,183.632
3792,1.4352,55.93420730,37.38169200,0,
3793,1.4456,55.93420640,37.38169300,0,183.640
3794,1.4352,55.93420550,37.38169400,0,
3795,1.4352,55.93420550,37.38169400,0,183.637
3796,1.4456,55.93420460,37.38169500,0,
3797,1.4352,55.93420460,37.38169500,0,183.639
3798,1.4352,55.93420370,37.38169600,0,183.641
3799,1.4352,55.93420370,37.38169600,0,
3800,1.4352,55.93420290,37.38169700,0,183.636
3801,1.4352,55.93420290,37.38169700,0,
3802,1.4352,55.93420190,37.38169800,0,183.639
3803,1.4456,55.93420190,37.38169800,0,
3804,1.4456,55.93420110,37.38169900,0,183.635
3805,1.4456,55.93420110,37.38169900,0,
3806,1.4456,55.93420010,37.38170000,0,183.639
3807,1.4456,55.93420010,37.38170000,0,
3808,1.4456,55.93419930,37.38170100,0,183.639
3809,1.4456,55.93419930,37.38170100,0,
3810,1.4456,55.93419830,37.38170210,0,183.631
3811,1.4456,55.93419750,37.38170310,0,
3812,1.4456,55.93419750,37.38170310,0,183.629
3813,1.4456,55.93419660,37.38170410,0,
3814,1.4456,55.93419660,37.38170410,0,183.633
3815,1.4456,55.93419570,37.38170510,0,
3816,1.4352,55.93419570,37.38170510,0,183.632
3817,1.4352,55.93419480,37.38170610,0,
3818,1.4248,55.93419480,37.38170610,0,183.637
3819,1.4352,55.93419390,37.38170720,0,
3820,1.4352,55.93419390,37.38170720,0,183.632
3821,1.4456,55.93419300,37.38170820,0,
3822,1.456,55.93419210,37.38170930,0,183.640
3823,1.4456,55.93419210,37.38170930,0,183.640
3824,1.456,55.93419120,37.38171030,0,
3825,1.456,55.93419120,37.38171030,0,
3826,1.456,55.93419030,37.38171130,0,183.638
3827,1.456,55.93419030,37.38171130,0,183.639
3828,1.4664,55.93418940,37.38171230,0,
3829,1.4664,55.93418940,37.38171230,0,
3830,1.456,55.93418850,37.38171340,0,183.632
3831,1.4664,55.93418850,37.38171340,0,183.633
3832,1.4664,55.93418770,37.38171440,0,
3833,1.4664,55.93418770,37.38171440,0,183.639
3834,1.4664,55.93418680,37.38171540,0,
3835,1.4768,55.93418580,37.38171650,0,183.636
3836,1.4768,55.93418580,37.38171650,0,
3837,1.4768,55.93418580,37.38171650,0,183.637
3838,1.4768,55.93418500,37.38171750,0,
3839,1.4872,55.93418410,37.38171850,0,183.637
3840,1.4872,55.93418410,37.38171850,0,
3841,1.4872,55.93418320,37.38171960,0,183.637
3842,1.4768,55.93418320,37.38171960,0,
3843,1.4768,55.93418230,37.38172060,0,183.644
3844,1.4664,55.93418230,37.38172060,0,
3845,1.4456,55.93418140,37.38172160,0,183.646
3846,1.4456,55.93418140,37.38172160,0,
3847,1.4768,55.93418050,37.38172260,0,183.637
3848,1.4664,55.93418050,37.38172260,0,
3849,1.456,55.93417960,37.38172370,0,183.653
3850,1.4456,55.93417960,37.38172370,0,
3851,1.4456,55.93417870,37.38172480,0,183.646
3852,1.4456,55.93417790,37.38172580,0,183.651
3853,1.4664,55.93417790,37.38172580,0,
3854,1.4664,55.93417690,37.38172680,0,183.648
3855,1.4768,55.93417690,37.38172680,0,
3856,1.4768,55.93417610,37.38172790,0,183.648
3857,1.4768,55.93417610,37.38172790,0,
3858,1.4768,55.93417520,37.38172880,0,183.646
3859,1.4768,55.93417520,37.38172880,0,
3860,1.4768,55.93417430,37.38172990,0,183.642
3861,1.4664,55.93417430,37.38172990,0,
3862,1.4664,55.93417340,37.38173080,0,183.639
3863,1.4768,55.93417340,37.38173080,0,
3864,1.4768,55.93417250,37.38173190,0,183.646
3865,1.4768,55.93417250,37.38173190,0,
3866,1.4768,55.93417160,37.38173280,0,183.644
3867,1.4768,55.93417070,37.38173380,0,
3868,1.4768,55.93417070,37.38173380,0,183.641
3869,1.4768,55.93416980,37.38173490,0,
3870,1.4768,55.93416980,37.38173490,0,183.640
3871,1.4768,55.93416890,37.38173590,0,
3872,1.4768,55.93416890,37.38173590,0,183.636
3873,1.4768,55.93416800,37.38173690,0,183.638
3874,1.4768,55.93416800,37.38173690,0,
3875,1.4768,55.93416710,37.38173790,0,
3876,1.4768,55.93416710,37.38173790,0,183.637
3877,1.4768,55.93416620,37.38173890,0,183.636
3878,1.4768,55.93416620,37.38173890,0,
3879,1.4768,55.93416530,37.38173990,0,183.638
3880,1.4768,55.93416440,37.38174090,0,
3881,1.4872,55.93416440,37.38174090,0,183.645
3882,1.4768,55.93416350,37.38174190,0,
3883,1.4768,55.93416350,37.38174190,0,183.639
3884,1.4768,55.93416260,37.38174300,0,
3885,1.4768,55.93416260,37.38174300,0,183.645
3886,1.4768,55.93416170,37.38174400,0,
3887,1.4768,55.93416170,37.38174400,0,183.648
3888,1.4768,55.93416090,37.38174500,0,
3889,1.4768,55.93416090,37.38174500,0,183.639
3890,1.4768,55.93416000,37.38174600,0,
3891,1.4768,55.93416000,37.38174600,0,183.636
3892,1.4872,55.93415910,37.38174700,0,
3893,1.4872,55.93415820,37.38174800,0,183.634
3894,1.4872,55.93415820,37.38174800,0,
3895,1.4872,55.93415730,37.38174900,0,183.639
3896,1.4976,55.93415730,37.38174900,0,
3897,1.4872,55.93415640,37.38175010,0,183.643
3898,1.4872,55.93415640,37.38175010,0,
3899,1.4976,55.93415550,37.38175110,0,183.651
3900,1.4872,55.93415550,37.38175110,0,
3901,1.4976,55.93415470,37.38175210,0,183.647
3902,1.4768,55.93415470,37.38175210,0,183.648
3903,1.4768,55.93415380,37.38175310,0,
3904,1.4768,55.93415380,37.38175310,0,183.644
3905,1.4768,55.93415290,37.38175420,0,
3906,1.4768,55.93415290,37.38175420,0,183.646
3907,1.4768,55.93415200,37.38175520,0,
3908,1.4768,55.93415110,37.38175620,0,183.646
3909,1.4872,55.93415110,37.38175620,0,
3910,1.4768,55.93415030,37.38175720,0,183.648
3911,1.4768,55.93415030,37.38175720,0,
3912,1.4768,55.93414940,37.38175820,0,183.642
3913,1.4768,55.93414940,37.38175820,0,
3914,1.4768,55.93414850,37.38175920,0,183.643
3915,1.4768,55.93414850,37.38175920,0,
3916,1.4872,55.93414760,37.38176020,0,183.649
3917,1.4768,55.93414760,37.38176020,0,
3918,1.4768,55.93414670,37.38176130,0,183.643
3919,1.4664,55.93414670,37.38176130,0,
3920,1.456,55.93414590,37.38176220,0,183.649
3921,1.4664,55.93414590,37.38176220,0,
3922,1.4768,55.93414500,37.38176320,0,183.644
3923,1.4872,55.93414500,37.38176320,0,
3924,1.4976,55.93414410,37.38176430,0,183.644
3925,1.508,55.93414320,37.38176530,0,
3926,1.5184,55.93414320,37.38176530,0,183.648
3927,1.508,55.93414230,37.38176630,0,
3928,1.508,55.93414230,37.38176630,0,183.650
3929,1.508,55.93414150,37.38176730,0,
3930,1.4976,55.93414150,37.38176730,0,183.649
3931,1.508,55.93414060,37.38176840,0,
3932,1.508,55.93414060,37.38176840,0,183.646
3933,1.4976,55.93413970,37.38176930,0,
3934,1.4976,55.93413970,37.38176930,0,183.651
3935,1.4976,55.93413880,37.38177040,0,183.648
3936,1.4976,55.93413880,37.38177040,0,
3937,1.4872,55.93413800,37.38177140,0,183.645
3938,1.4872,55.93413800,37.38177140,0,
3939,1.4872,55.93413710,37.38177240,0,183.652
3940,1.4872,55.93413620,37.38177340,0,
3941,1.4976,55.93413620,37.38177340,0,183.649
3942,1.508,55.93413540,37.38177440,0,
3943,1.508,55.93413540,37.38177440,0,183.645
3944,1.508,55.93413450,37.38177540,0,
3945,1.5184,55.93413450,37.38177540,0,183.654
3946,1.508,55.93413360,37.38177640,0,
3947,1.508,55.93413360,37.38177640,0,183.652
3948,1.508,55.93413270,37.38177740,0,
3949,1.5184,55.93413270,37.38177740,0,183.649
3950,1.508,55.93413190,37.38177840,0,
3951,1.4976,55.93413190,37.38177840,0,183.648
3952,1.508,55.93413100,37.38177950,0,
3953,1.508,55.93413010,37.38178050,0,183.651
3954,1.508,55.93413010,37.38178050,0,
3955,1.508,55.93412930,37.38178150,0,183.644
3956,1.4976,55.93412930,37.38178150,0,
3957,1.4976,55.93412840,37.38178250,0,183.644
3958,1.4976,55.93412840,37.38178250,0,
3959,1.4976,55.93412750,37.38178350,0,183.642
3960,1.4976,55.93412750,37.38178350,0,183.645
3961,1.4976,55.93412660,37.38178460,0,
3962,1.508,55.93412660,37.38178460,0,183.645
3963,1.508,55.93412570,37.38178560,0,
3964,1.508,55.93412570,37.38178560,0,183.643
3965,1.5184,55.93412490,37.38178660,0,
3966,1.508,55.93412490,37.38178660,0,183.649
3967,1.5184,55.93412400,37.38178760,0,
3968,1.5184,55.93412400,37.38178760,0,183.645
3969,1.508,55.93412320,37.38178860,0,
3970,1.508,55.93412320,37.38178860,0,183.644
3971,1.508,55.93412230,37.38178960,0,
3972,1.5184,55.93412140,37.38179060,0,183.650
3973,1.5184,55.93412140,37.38179060,0,
3974,1.508,55.93412060,37.38179160,0,183.643
3975,1.508,55.93412060,37.38179160,0,
3976,1.5184,55.93411970,37.38179260,0,183.640
3977,1.508,55.93411970,37.38179260,0,
3978,1.5184,55.93411880,37.38179360,0,183.642
3979,1.5184,55.93411880,37.38179360,0,
3980,1.508,55.93411800,37.38179460,0,183.645
3981,1.4976,55.93411800,37.38179460,0,
3982,1.508,55.93411710,37.38179570,0,183.643
3983,1.508,55.93411710,37.38179570,0,
3984,1.5184,55.93411620,37.38179660,0,183.647
3985,1.508,55.93411620,37.38179660,0,
3986,1.508,55.93411540,37.38179760,0,183.644
3987,1.508,55.93411540,37.38179760,0,
3988,1.5184,55.93411450,37.38179870,0,183.648
3989,1.508,55.93411350,37.38179970,0,
3990,1.508,55.93411350,37.38179970,0,183.646
3991,1.508,55.93411270,37.38180070,0,183.649
3992,1.4976,55.93411270,37.38180070,0,
3993,1.4976,55.93411180,37.38180170,0,
3994,1.4976,55.93411180,37.38180170,0,183.655
3995,1.4872,55.93411090,37.38180270,0,183.654
3996,1.4872,55.93411090,37.38180270,0,
3997,1.4872,55.93411010,37.38180370,0,183.653
3998,1.4976,55.93411010,37.38180370,0,
3999,1.4976,55.93410920,37.38180470,0,183.652
4000,1.508,55.93410920,37.38180470,0,
4001,1.5184,55.93410830,37.38180570,0,183.651
4002,1.508,55.93410740,37.38180670,0,
4003,1.508,55.93410740,37.38180670,0,183.638
4004,1.4976,55.93410660,37.38180770,0,
4005,1.4976,55.93410660,37.38180770,0,183.646
4006,1.4976,55.93410570,37.38180880,0,
4007,1.4976,55.93410570,37.38180880,0,183.643
4008,1.508,55.93410480,37.38180980,0,
4009,1.508,55.93410480,37.38180980,0,183.645
4010,1.4976,55.93410400,37.38181080,0,
4011,1.4976,55.93410400,37.38181080,0,183.649
4012,1.4976,55.93410310,37.38181180,0,
4013,1.4976,55.93410310,37.38181180,0,183.643
4014,1.508,55.93410230,37.38181280,0,
4015,1.508,55.93410230,37.38181280,0,183.641
4016,1.508,55.93410140,37.38181380,0,
4017,1.508,55.93410140,37.38181380,0,183.643
4018,1.508,55.93410050,37.38181490,0,
4019,1.4976,55.93409960,37.38181590,0,183.644
4020,1.508,55.93409960,37.38181590,0,183.644
4021,1.508,55.93409880,37.38181690,0,
4022,1.508,55.93409880,37.38181690,0,
4023,1.4976,55.93409790,37.38181790,0,183.640
4024,1.4976,55.93409790,37.38181790,0,183.644
4025,1.508,55.93409700,37.38181890,0,
4026,1.508,55.93409700,37.38181890,0,
4027,1.4976,55.93409610,37.38181990,0,183.639
4028,1.4976,55.93409610,37.38181990,0,
4029,1.4976,55.93409520,37.38182090,0,183.642
4030,1.4976,55.93409520,37.38182090,0,183.647
4031,1.508,55.93409430,37.38182190,0,
4032,1.508,55.93409430,37.38182190,0,183.644
4033,1.508,55.93409340,37.38182300,0,
4034,1.508,55.93409340,37.38182300,0,183.638
4035,1.508,55.93409260,37.38182400,0,
4036,1.508,55.93409170,37.38182500,0,183.640
4037,1.508,55.93409170,37.38182500,0,
4038,1.508,55.93409080,37.38182600,0,183.639
4039,1.508,55.93409080,37.38182600,0,
4040,1.4976,55.93408990,37.38182700,0,183.635
4041,1.508,55.93408990,37.38182700,0,
4042,1.508,55.93408900,37.38182800,0,183.633
4043,1.508,55.93408900,37.38182800,0,
4044,1.508,55.93408810,37.38182900,0,183.634
4045,1.4976,55.93408810,37.38182900,0,
4046,1.508,55.93408730,37.38183000,0,183.637
4047,1.4976,55.93408730,37.38183000,0,
4048,1.4976,55.93408640,37.38183100,0,183.633
4049,1.4976,55.93408550,37.38183200,0,
4050,1.4872,55.93408550,37.38183200,0,183.641
4051,1.508,55.93408470,37.38183300,0,
4052,1.4976,55.93408470,37.38183300,0,183.636
4053,1.4976,55.93408380,37.38183400,0,
4054,1.4976,55.93408380,37.38183400,0,183.637
4055,1.508,55.93408300,37.38183500,0,183.633
4056,1.4976,55.93408300,37.38183500,0,
4057,1.4872,55.93408210,37.38183600,0,183.639
4058,1.4872,55.93408210,37.38183600,0,
4059,1.4976,55.93408120,37.38183700,0,183.636
4060,1.4976,55.93408120,37.38183700,0,
4061,1.4976,55.93408030,37.38183800,0,183.641
4062,1.4976,55.93408030,37.38183800,0,
4063,1.4976,55.93407950,37.38183900,0,183.644
4064,1.4976,55.93407860,37.38184000,0,
4065,1.4976,55.93407860,37.38184000,0,183.645
4066,1.4976,55.93407770,37.38184100,0,
4067,1.4976,55.93407770,37.38184100,0,183.648
4068,1.4768,55.93407690,37.38184200,0,
4069,1.4768,55.93407690,37.38184200,0,183.641
4070,1.4768,55.93407600,37.38184300,0,
4071,1.4872,55.93407600,37.38184300,0,183.641
4072,1.4976,55.93407510,37.38184400,0,
4073,1.4976,55.93407510,37.38184400,0,183.637
4074,1.4976,55.93407420,37.38184500,0,
4075,1.4976,55.93407420,37.38184500,0,183.638
4076,1.4976,55.93407330,37.38184600,0,
4077,1.4976,55.93407240,37.38184700,0,183.642
4078,1.4976,55.93407240,37.38184700,0,
4079,1.4976,55.93407160,37.38184800,0,183.642
4080,1.4872,55.93407160,37.38184800,0,183.643
4081,1.4768,55.93407070,37.38184910,0,
4082,1.4664,55.93407070,37.38184910,0,183.644
4083,1.4768,55.93406980,37.38185000,0,
4084,1.4664,55.93406980,37.38185000,0,183.647
4085,1.4872,55.93406900,37.38185100,0,
4086,1.4872,55.93406900,37.38185100,0,183.644
4087,1.4872,55.93406810,37.38185200,0,
4088,1.4872,55.93406810,37.38185200,0,183.643
4089,1.4872,55.93406720,37.38185300,0,
4090,1.4976,55.93406720,37.38185300,0,183.645
4091,1.4976,55.93406630,37.38185400,0,
4092,1.4976,55.93406550,37.38185500,0,183.639
4093,1.4872,55.93406550,37.38185500,0,
4094,1.4872,55.93406460,37.38185610,0,183.646
4095,1.4872,55.93406460,37.38185610,0,
4096,1.4976,55.93406370,37.38185710,0,183.638
4097,1.4872,55.93406370,37.38185710,0,
4098,1.4976,55.93406280,37.38185810,0,183.643
4099,1.4976,55.93406280,37.38185810,0,
4100,1.4976,55.93406190,37.38185920,0,183.640
4101,1.4976,55.93406190,37.38185920,0,
4102,1.4976,55.93406100,37.38186020,0,183.644
4103,1.4976,55.93406100,37.38186020,0,
4104,1.4976,55.93406010,37.38186120,0,183.637
4105,1.4872,55.93405920,37.38186220,0,183.645
4106,1.4976,55.93405920,37.38186220,0,
4107,1.4872,55.93405840,37.38186320,0,183.641
4108,1.4872,55.93405840,37.38186320,0,
4109,1.4872,55.93405750,37.38186420,0,183.633
4110,1.4872,55.93405750,37.38186420,0,
4111,1.508,55.93405660,37.38186520,0,183.639
4112,1.4872,55.93405660,37.38186520,0,
4113,1.4976,55.93405570,37.38186620,0,183.635
4114,1.4872,55.93405570,37.38186620,0,
4115,1.4872,55.93405480,37.38186730,0,183.642
4116,1.4872,55.93405480,37.38186730,0,
4117,1.4976,55.93405400,37.38186830,0,183.634
4118,1.4872,55.93405310,37.38186930,0,
4119,1.4872,55.93405310,37.38186930,0,183.645
4120,1.4976,55.93405220,37.38187030,0,
4121,1.4976,55.93405220,37.38187030,0,183.640
4122,1.4872,55.93405130,37.38187130,0,
4123,1.4976,55.93405130,37.38187130,0,183.643
4124,1.4872,55.93405040,37.38187230,0,
4125,1.4976,55.93405040,37.38187230,0,183.646
4126,1.4872,55.93404950,37.38187330,0,
4127,1.4768,55.93404950,37.38187330,0,183.647
4128,1.4768,55.93404860,37.38187440,0,
4129,1.4768,55.93404860,37.38187440,0,183.642
4130,1.4768,55.93404780,37.38187530,0,183.646
4131,1.4768,55.93404780,37.38187530,0,
4132,1.4768,55.93404690,37.38187640,0,183.646
4133,1.4768,55.93404600,37.38187740,0,
4134,1.4768,55.93404600,37.38187740,0,183.646
4135,1.4768,55.93404510,37.38187840,0,
4136,1.4768,55.93404510,37.38187840,0,183.645
4137,1.4768,55.93404430,37.38187940,0,
4138,1.4768,55.93404430,37.38187940,0,183.643
4139,1.4768,55.93404340,37.38188050,0,
4140,1.4768,55.93404340,37.38188050,0,183.641
4141,1.4768,55.93404250,37.38188140,0,
4142,1.4768,55.93404250,37.38188140,0,183.640
4143,1.4768,55.93404160,37.38188240,0,
4144,1.4768,55.93404160,37.38188240,0,183.640
4145,1.4768,55.93404070,37.38188340,0,
4146,1.4768,55.93404070,37.38188340,0,183.643
4147,1.4768,55.93403990,37.38188440,0,
4148,1.4768,55.93403990,37.38188440,0,183.640
4149,1.4768,55.93403900,37.38188540,0,
4150,1.4768,55.93403810,37.38188640,0,183.641
4151,1.4768,55.93403810,37.38188640,0,
4152,1.4768,55.93403720,37.38188740,0,183.637
4153,1.4768,55.93403720,37.38188740,0,183.637
4154,1.4768,55.93403630,37.38188840,0,
4155,1.4768,55.93403630,37.38188840,0,183.638
4156,1.4768,55.93403550,37.38188930,0,
4157,1.4768,55.93403550,37.38188930,0,183.639
4158,1.4768,55.93403460,37.38189030,0,
4159,1.4768,55.93403460,37.38189030,0,183.637
4160,1.4768,55.93403370,37.38189130,0,
4161,1.4664,55.93403370,37.38189130,0,183.638
4162,1.456,55.93403280,37.38189230,0,
4163,1.456,55.93403200,37.38189330,0,183.638
4164,1.4456,55.93403200,37.38189330,0,
4165,1.456,55.93403110,37.38189430,0,183.632
4166,1.4768,55.93403110,37.38189430,0,
4167,1.4768,55.93403020,37.38189530,0,183.636
4168,1.4768,55.93403020,37.38189530,0,
4169,1.4768,55.93402930,37.38189630,0,183.643
4170,1.4768,55.93402930,37.38189630,0,
4171,1.4768,55.93402850,37.38189720,0,183.646
4172,1.4768,55.93402850,37.38189720,0,
4173,1.4768,55.93402760,37.38189820,0,183.643
4174,1.4768,55.93402760,37.38189820,0,
4175,1.4768,55.93402670,37.38189920,0,183.648
4176,1.4768,55.93402670,37.38189920,0,
4177,1.4872,55.93402590,37.38190020,0,183.639
4178,1.4872,55.93402500,37.38190120,0,
4179,1.4872,55.93402500,37.38190120,0,183.635
4180,1.4768,55.93402410,37.38190210,0,
4181,1.4768,55.93402410,37.38190210,0,183.640
4182,1.4768,55.93402320,37.38190320,0,183.631
4183,1.4768,55.93402320,37.38190320,0,
4184,1.4768,55.93402230,37.38190410,0,183.638
4185,1.4768,55.93402230,37.38190410,0,
4186,1.4768,55.93402140,37.38190520,0,183.643
4187,1.4768,55.93402140,37.38190520,0,
4188,1.4768,55.93402060,37.38190620,0,183.639
4189,1.4768,55.93402060,37.38190620,0,
4190,1.4768,55.93401970,37.38190720,0,183.646
4191,1.4768,55.93401880,37.38190820,0,
4192,1.4664,55.93401880,37.38190820,0,183.645
4193,1.4664,55.93401800,37.38190920,0,
4194,1.4664,55.93401800,37.38190920,0,183.643
4195,1.4664,55.93401710,37.38191020,0,
4196,1.4664,55.93401710,37.38191020,0,183.637
4197,1.4768,55.93401620,37.38191120,0,
4198,1.4768,55.93401620,37.38191120,0,183.639
4199,1.4872,55.93401530,37.38191220,0,
4200,1.4768,55.93401530,37.38191220,0,183.639
4201,1.4976,55.93401440,37.38191320,0,
4202,1.4768,55.93401440,37.38191320,0,183.638
4203,1.4768,55.93401350,37.38191420,0,
4204,1.4768,55.93401350,37.38191420,0,183.636
4205,1.4768,55.93401260,37.38191520,0,
4206,1.4768,55.93401180,37.38191620,0,183.641
4207,1.4768,55.93401180,37.38191620,0,183.637
4208,1.4768,55.93401090,37.38191720,0,
4209,1.4768,55.93401090,37.38191720,0,183.633
4210,1.4768,55.93401000,37.38191820,0,
4211,1.4768,55.93401000,37.38191820,0,183.636
4212,1.4768,55.93400910,37.38191920,0,
4213,1.4768,55.93400910,37.38191920,0,183.638
4214,1.4768,55.93400820,37.38192030,0,
4215,1.4768,55.93400820,37.38192030,0,183.647
4216,1.4768,55.93400740,37.38192120,0,
4217,1.4664,55.93400740,37.38192120,0,183.647
4218,1.456,55.93400650,37.38192220,0,
4219,1.456,55.93400650,37.38192220,0,183.644
4220,1.456,55.93400560,37.38192320,0,
4221,1.456,55.93400480,37.38192420,0,183.649
4222,1.4664,55.93400480,37.38192420,0,
4223,1.4768,55.93400390,37.38192520,0,183.648
4224,1.4768,55.93400390,37.38192520,0,
4225,1.4664,55.93400300,37.38192620,0,183.637
4226,1.4664,55.93400300,37.38192620,0,
4227,1.4664,55.93400220,37.38192720,0,183.641
4228,1.4352,55.93400220,37.38192720,0,
4229,1.4248,55.93400130,37.38192820,0,183.641
4230,1.4352,55.93400130,37.38192820,0,
4231,1.4248,55.93400050,37.38192920,0,183.637
4232,1.4352,55.93400050,37.38192920,0,183.639
4233,1.4456,55.93399960,37.38193020,0,
4234,1.4352,55.93399870,37.38193120,0,183.635
4235,1.4456,55.93399870,37.38193120,0,
4236,1.456,55.93399780,37.38193230,0,183.632
4237,1.456,55.93399780,37.38193230,0,
4238,1.4664,55.93399700,37.38193320,0,183.638
4239,1.456,55.93399700,37.38193320,0,
4240,1.4664,55.93399610,37.38193430,0,183.641
4241,1.4664,55.93399610,37.38193430,0,
4242,1.4664,55.93399520,37.38193530,0,183.638
4243,1.4664,55.93399520,37.38193530,0,
4244,1.4664,55.93399430,37.38193630,0,183.633
4245,1.4664,55.93399430,37.38193630,0,
4246,1.4664,55.93399350,37.38193730,0,183.635
4247,1.4664,55.93399260,37.38193830,0,
4248,1.4664,55.93399260,37.38193830,0,183.635
4249,1.456,55.93399170,37.38193940,0,
4250,1.456,55.93399170,37.38193940,0,183.634
4251,1.456,55.93399080,37.38194040,0,
4252,1.456,55.93399080,37.38194040,0,183.637
4253,1.456,55.93398990,37.38194140,0,
4254,1.4664,55.93398990,37.38194140,0,183.633
4255,1.456,55.93398900,37.38194240,0,
4256,1.456,55.93398900,37.38194240,0,183.634
4257,1.456,55.93398810,37.38194340,0,183.637
4258,1.456,55.93398810,37.38194340,0,
4259,1.456,55.93398730,37.38194440,0,183.640
4260,1.4456,55.93398730,37.38194440,0,
4261,1.456,55.93398640,37.38194540,0,183.635
4262,1.456,55.93398640,37.38194540,0,
4263,1.456,55.93398550,37.38194650,0,183.644
4264,1.456,55.93398470,37.38194750,0,
4265,1.456,55.93398470,37.38194750,0,183.638
4266,1.456,55.93398380,37.38194850,0,
4267,1.456,55.93398380,37.38194850,0,183.638
4268,1.456,55.93398290,37.38194950,0,
4269,1.456,55.93398290,37.38194950,0,183.641
4270,1.456,55.93398210,37.38195060,0,
4271,1.4456,55.93398210,37.38195060,0,183.635
4272,1.4456,55.93398120,37.38195160,0,
4273,1.4456,55.93398120,37.38195160,0,183.634
4274,1.456,55.93398030,37.38195260,0,
4275,1.4456,55.93397950,37.38195370,0,183.630
4276,1.4456,55.93397950,37.38195370,0,
4277,1.4456,55.93397860,37.38195500,0,183.630
4278,1.4456,55.93397860,37.38195500,0,
4279,1.4456,55.93397770,37.38195650,0,183.625
4280,1.4352,55.93397770,37.38195650,0,
4281,1.4456,55.93397680,37.38195820,0,183.622
4282,1.4456,55.93397680,37.38195820,0,
4283,1.4456,55.93397590,37.38196020,0,183.641
4284,1.4456,55.93397590,37.38196020,0,183.647
4285,1.456,55.93397500,37.38196240,0,
4286,1.4352,55.93397500,37.38196240,0,183.650
4287,1.4352,55.93397420,37.38196490,0,
4288,1.4144,55.93397420,37.38196490,0,183.650
4289,1.404,55.93397350,37.38196740,0,
4290,1.404,55.93397350,37.38196740,0,183.647
4291,1.4144,55.93397280,37.38197020,0,
4292,1.4248,55.93397230,37.38197300,0,183.635
4293,1.4352,55.93397230,37.38197300,0,
4294,1.4456,55.93397190,37.38197590,0,183.641
4295,1.4352,55.93397190,37.38197590,0,
4296,1.4456,55.93397150,37.38197910,0,183.641
4297,1.4456,55.93397150,37.38197910,0,
4298,1.456,55.93397130,37.38198240,0,183.637
4299,1.4456,55.93397130,37.38198240,0,
4300,1.4248,55.93397120,37.38198560,0,183.635
4301,1.4352,55.93397120,37.38198560,0,
4302,1.4248,55.93397120,37.38198910,0,183.637
4303,1.4144,55.93397120,37.38198910,0,
4304,1.4144,55.93397140,37.38199230,0,183.636
4305,1.4248,55.93397140,37.38199230,0,
4306,1.4248,55.93397170,37.38199560,0,183.642
4307,1.4248,55.93397210,37.38199900,0,
4308,1.4144,55.93397210,37.38199900,0,183.643
4309,1.404,55.93397250,37.38200220,0,
4310,1.3936,55.93397250,37.38200220,0,183.640
4311,1.3936,55.93397310,37.38200540,0,183.633
4312,1.3936,55.93397310,37.38200540,0,
4313,1.4144,55.93397370,37.38200840,0,183.640
4314,1.4248,55.93397370,37.38200840,0,
4315,1.4144,55.93397440,37.38201120,0,183.641
4316,1.404,55.93397440,37.38201120,0,
4317,1.3936,55.93397530,37.38201410,0,183.638
4318,1.3936,55.93397530,37.38201410,0,
4319,1.3936,55.93397610,37.38201670,0,183.640
4320,1.404,55.93397700,37.38201940,0,
4321,1.404,55.93397700,37.38201940,0,183.647
4322,1.404,55.93397800,37.38202180,0,
4323,1.4144,55.93397800,37.38202180,0,183.652
4324,1.404,55.93397910,37.38202420,0,
4325,1.404,55.93397910,37.38202420,0,183.649
4326,1.404,55.93398010,37.38202640,0,
4327,1.404,55.93398010,37.38202640,0,183.646
4328,1.404,55.93398130,37.38202860,0,
4329,1.404,55.93398130,37.38202860,0,183.651
4330,1.404,55.93398230,37.38203050,0,
4331,1.404,55.93398230,37.38203050,0,183.648
4332,1.404,55.93398340,37.38203230,0,
4333,1.404,55.93398340,37.38203230,0,183.647
4334,1.404,55.93398440,37.38203390,0,
4335,1.404,55.93398570,37.38203570,0,183.642
4336,1.404,55.93398570,37.38203570,0,
4337,1.404,55.93398710,37.38203720,0,183.641
4338,1.4144,55.93398710,37.38203720,0,
4339,1.4144,55.93398850,37.38203870,0,183.640
4340,1.404,55.93398850,37.38203870,0,183.641
4341,1.404,55.93399020,37.38204010,0,
4342,1.404,55.93399020,37.38204010,0,183.635
4343,1.404,55.93399190,37.38204140,0,
4344,1.404,55.93399190,37.38204140,0,183.631
4345,1.404,55.93399370,37.38204250,0,
4346,1.404,55.93399370,37.38204250,0,183.630
4347,1.404,55.93399550,37.38204320,0,
4348,1.404,55.93399550,37.38204320,0,183.633
4349,1.4144,55.93399740,37.38204380,0,
4350,1.4144,55.93399740,37.38204380,0,183.643
4351,1.4248,55.93399940,37.38204420,0,
4352,1.404,55.93400140,37.38204430,0,183.650
4353,1.4248,55.93400140,37.38204430,0,
4354,1.404,55.93400350,37.38204420,0,183.651
4355,1.4144,55.93400350,37.38204420,0,
4356,1.404,55.93400550,37.38204390,0,183.647
4357,1.4144,55.93400550,37.38204390,0,
4358,1.404,55.93400760,37.38204330,0,183.646
4359,1.4144,55.93400760,37.38204330,0,
4360,1.4144,55.93400950,37.38204250,0,183.644
4361,1.404,55.93400950,37.38204250,0,
4362,1.4144,55.93401150,37.38204150,0,183.654
4363,1.4248,55.93401150,37.38204150,0,
4364,1.4248,55.93401330,37.38204030,0,183.654
4365,1.4144,55.93401520,37.38203900,0,183.653
4366,1.4144,55.93401520,37.38203900,0,
4367,1.4248,55.93401690,37.38203760,0,183.656
4368,1.4248,55.93401690,37.38203760,0,
4369,1.4352,55.93401860,37.38203600,0,183.660
4370,1.4352,55.93401860,37.38203600,0,
4371,1.4352,55.93402020,37.38203430,0,183.656
4372,1.4456,55.93402020,37.38203430,0,
4373,1.4456,55.93402170,37.38203260,0,183.656
4374,1.456,55.93402170,37.38203260,0,
4375,1.4456,55.93402310,37.38203080,0,183.666
4376,1.4456,55.93402310,37.38203080,0,
4377,1.4456,55.93402440,37.38202900,0,183.660
4378,1.456,55.93402570,37.38202710,0,
4379,1.4456,55.93402570,37.38202710,0,183.654
4380,1.4456,55.93402690,37.38202540,0,
4381,1.4456,55.93402690,37.38202540,0,183.656
4382,1.456,55.93402810,37.38202350,0,
4383,1.4456,55.93402810,37.38202350,0,183.657
4384,1.4456,55.93402910,37.38202170,0,
4385,1.4456,55.93402910,37.38202170,0,183.649
4386,1.4456,55.93403010,37.38201990,0,183.647
4387,1.4456,55.93403010,37.38201990,0,
4388,1.4456,55.93403100,37.38201810,0,
4389,1.4456,55.93403100,37.38201810,0,183.660
4390,1.4456,55.93403180,37.38201650,0,183.654
4391,1.4456,55.93403180,37.38201650,0,
4392,1.4456,55.93403260,37.38201480,0,183.653
4393,1.4456,55.93403330,37.38201320,0,
4394,1.4456,55.93403330,37.38201320,0,
4395,1.4456,55.93403400,37.38201170,0,183.658
4396,1.4456,55.93403400,37.38201170,0,183.658
4397,1.4456,55.93403470,37.38201030,0,
4398,1.456,55.93403470,37.38201030,0,183.641
4399,1.4456,55.93403530,37.38200880,0,
4400,1.4456,55.93403530,37.38200880,0,183.644
4401,1.4456,55.93403590,37.38200750,0,
4402,1.4456,55.93403590,37.38200750,0,183.642
4403,1.4456,55.93403640,37.38200630,0,
4404,1.4456,55.93403640,37.38200630,0,183.653
4405,1.4456,55.93403700,37.38200490,0,
4406,1.4456,55.93403700,37.38200490,0,183.639
4407,1.4456,55.93403750,37.38200360,0,
4408,1.4352,55.93403750,37.38200360,0,183.651
4409,1.4456,55.93403810,37.38200220,0,
4410,1.4456,55.93403870,37.38200090,0,183.648
4411,1.4456,55.93403870,37.38200090,0,
4412,1.456,55.93403920,37.38199960,0,183.645
4413,1.4456,55.93403920,37.38199960,0,
4414,1.4456,55.93403970,37.38199820,0,183.646
4415,1.4456,55.93403970,37.38199820,0,
4416,1.4456,55.93404030,37.38199690,0,183.651
4417,1.4456,55.93404030,37.38199690,0,
4418,1.4456,55.93404080,37.38199550,0,183.641
4419,1.4456,55.93404080,37.38199550,0,183.648
4420,1.4456,55.93404140,37.38199410,0,
4421,1.4456,55.93404190,37.38199280,0,183.640
4422,1.4456,55.93404190,37.38199280,0,
4423,1.4456,55.93404250,37.38199150,0,183.640
4424,1.456,55.93404250,37.38199150,0,
4425,1.4456,55.93404310,37.38199010,0,183.637
4426,1.456,55.93404310,37.38199010,0,
4427,1.4456,55.93404370,37.38198880,0,183.638
4428,1.456,55.93404370,37.38198880,0,
4429,1.4456,55.93404430,37.38198740,0,183.642
4430,1.4248,55.93404430,37.38198740,0,
4431,1.456,55.93404490,37.38198610,0,183.650
4432,1.456,55.93404490,37.38198610,0,
4433,1.4456,55.93404550,37.38198480,0,183.648
4434,1.456,55.93404550,37.38198480,0,
4435,1.456,55.93404620,37.38198340,0,183.640
4436,1.456,55.93404620,37.38198340,0,
4437,1.4664,55.93404680,37.38198200,0,183.640
4438,1.4664,55.93404750,37.38198070,0,
4439,1.456,55.93404750,37.38198070,0,183.643
4440,1.456,55.93404810,37.38197930,0,
4441,1.4664,55.93404810,37.38197930,0,183.645
4442,1.456,55.93404870,37.38197810,0,
4443,1.4664,55.93404870,37.38197810,0,183.649
4444,1.4664,55.93404930,37.38197680,0,183.650
4445,1.4664,55.93404930,37.38197680,0,
4446,1.4664,55.93404990,37.38197530,0,183.639
4447,1.4664,55.93404990,37.38197530,0,
4448,1.4664,55.93405050,37.38197360,0,183.639
4449,1.4664,55.93405050,37.38197360,0,
4450,1.4664,55.93405110,37.38197170,0,183.640
4451,1.4664,55.93405110,37.38197170,0,
4452,1.456,55.93405160,37.38196990,0,183.638
4453,1.456,55.93405200,37.38196790,0,
4454,1.456,55.93405200,37.38196790,0,183.637
4455,1.4664,55.93405240,37.38196580,0,
4456,1.4664,55.93405240,37.38196580,0,183.637
4457,1.456,55.93405280,37.38196380,0,
4458,1.456,55.93405280,37.38196380,0,183.638
4459,1.456,55.93405300,37.38196160,0,
4460,1.4664,55.93405300,37.38196160,0,183.641
4461,1.4664,55.93405320,37.38195950,0,
4462,1.4664,55.93405320,37.38195950,0,183.643
4463,1.456,55.93405340,37.38195720,0,
4464,1.4664,55.93405340,37.38195720,0,183.646
4465,1.4664,55.93405340,37.38195510,0,
4466,1.4664,55.93405340,37.38195290,0,183.645
4467,1.4664,55.93405340,37.38195290,0,
4468,1.4664,55.93405330,37.38195090,0,183.646
4469,1.4664,55.93405330,37.38195090,0,183.649
4470,1.4768,55.93405320,37.38194880,0,
4471,1.4664,55.93405320,37.38194880,0,
4472,1.4768,55.93405300,37.38194690,0,183.648
4473,1.4664,55.93405300,37.38194690,0,183.650
4474,1.4664,55.93405270,37.38194490,0,
4475,1.4664,55.93405270,37.38194490,0,183.646
4476,1.4664,55.93405240,37.38194310,0,
4477,1.4768,55.93405240,37.38194310,0,183.645
4478,1.4664,55.93405210,37.38194140,0,
4479,1.4768,55.93405170,37.38193960,0,183.644
4480,1.4768,55.93405170,37.38193960,0,
4481,1.4768,55.93405130,37.38193800,0,183.643
4482,1.4664,55.93405130,37.38193800,0,
4483,1.4768,55.93405080,37.38193650,0,183.638
4484,1.4768,55.93405080,37.38193650,0,
4485,1.4768,55.93405040,37.38193510,0,183.634
4486,1.4352,55.93405040,37.38193510,0,
4487,1.4352,55.93404990,37.38193370,0,183.637
4488,1.4248,55.93404990,37.38193370,0,
4489,1.4352,55.93404950,37.38193240,0,183.636
4490,1.4352,55.93404950,37.38193240,0,
4491,1.4456,55.93404900,37.38193120,0,183.642
4492,1.4456,55.93404900,37.38193120,0,
4493,1.4456,55.93404860,37.38193010,0,183.637
4494,1.456,55.93404810,37.38192900,0,
4495,1.4768,55.93404810,37.38192900,0,183.635
4496,1.4768,55.93404770,37.38192790,0,
4497,1.4768,55.93404770,37.38192790,0,183.637
4498,1.4664,55.93404720,37.38192690,0,183.643
4499,1.456,55.93404720,37.38192690,0,
4500,1.456,55.93404680,37.38192610,0,183.638
4501,1.456,55.93404680,37.38192610,0,
4502,1.456,55.93404640,37.38192520,0,183.636
4503,1.4664,55.93404640,37.38192520,0,
4504,1.4664,55.93404590,37.38192430,0,183.644
4505,1.4768,55.93404590,37.38192430,0,
4506,1.4664,55.93404550,37.38192350,0,183.635
4507,1.4768,55.93404550,37.38192350,0,
4508,1.4768,55.93404500,37.38192270,0,183.633
4509,1.4768,55.93404500,37.38192270,0,
4510,1.4768,55.93404460,37.38192200,0,183.639
4511,1.4768,55.93404420,37.38192120,0,
4512,1.4768,55.93404420,37.38192120,0,183.632
4513,1.4768,55.93404370,37.38192030,0,
4514,1.4768,55.93404370,37.38192030,0,183.631
4515,1.4768,55.93404310,37.38191940,0,
4516,1.4768,55.93404310,37.38191940,0,183.643
4517,1.4768,55.93404260,37.38191840,0,
4518,1.4872,55.93404260,37.38191840,0,183.640
4519,1.4768,55.93404200,37.38191740,0,
4520,1.4768,55.93404200,37.38191740,0,183.639
4521,1.4872,55.93404140,37.38191630,0,
4522,1.4352,55.93404080,37.38191520,0,183.645
4523,1.4352,55.93404080,37.38191520,0,
4524,1.4352,55.93404010,37.38191410,0,183.636
4525,1.4456,55.93404010,37.38191410,0,183.642
4526,1.456,55.93403950,37.38191300,0,
4527,1.4664,55.93403950,37.38191300,0,183.645
4528,1.4768,55.93403880,37.38191180,0,
4529,1.4768,55.93403880,37.38191180,0,183.642
4530,1.4768,55.93403820,37.38191060,0,
4531,1.4768,55.93403820,37.38191060,0,183.640
4532,1.4768,55.93403750,37.38190950,0,
4533,1.4768,55.93403750,37.38190950,0,183.645
4534,1.4768,55.93403680,37.38190820,0,
4535,1.4768,55.93403680,37.38190820,0,183.649
4536,1.4768,55.93403610,37.38190710,0,
4537,1.4768,55.93403610,37.38190710,0,183.650
4538,1.4768,55.93403540,37.38190580,0,
4539,1.4664,55.93403460,37.38190460,0,183.651
4540,1.4768,55.93403460,37.38190460,0,
4541,1.4768,55.93403390,37.38190340,0,183.650
4542,1.4664,55.93403390,37.38190340,0,
4543,1.4768,55.93403320,37.38190220,0,183.645
4544,1.4768,55.93403320,37.38190220,0,
4545,1.4768,55.93403250,37.38190100,0,183.643
4546,1.4768,55.93403250,37.38190100,0,
4547,1.4768,55.93403180,37.38189970,0,183.639
4548,1.4768,55.93403180,37.38189970,0,183.639
4549,1.4768,55.93403110,37.38189850,0,
4550,1.4768,55.93403110,37.38189850,0,
4551,1.4768,55.93403040,37.38189720,0,183.645
4552,1.4768,55.93402970,37.38189590,0,183.646
4553,1.4768,55.93402970,37.38189590,0,
4554,1.4768,55.93402890,37.38189460,0,183.652
4555,1.4768,55.93402890,37.38189460,0,
4556,1.4768,55.93402830,37.38189340,0,183.645
4557,1.4768,55.93402830,37.38189340,0,
4558,1.4768,55.93402750,37.38189200,0,183.655
4559,1.4768,55.93402750,37.38189200,0,
4560,1.4768,55.93402680,37.38189080,0,183.650
4561,1.4768,55.93402680,37.38189080,0,
4562,1.4768,55.93402610,37.38188940,0,183.649
4563,1.4872,55.93402610,37.38188940,0,
4564,1.4872,55.93402540,37.38188810,0,183.647
4565,1.4768,55.93402540,37.38188810,0,
4566,1.4768,55.93402470,37.38188680,0,183.650
4567,1.4768,55.93402400,37.38188550,0,
4568,1.4768,55.93402400,37.38188550,0,183.646
4569,1.4768,55.93402330,37.38188420,0,
4570,1.4872,55.93402330,37.38188420,0,183.649
4571,1.4768,55.93402250,37.38188280,0,
4572,1.4768,55.93402250,37.38188280,0,183.655
4573,1.4768,55.93402180,37.38188150,0,
4574,1.4768,55.93402180,37.38188150,0,183.647
4575,1.4872,55.93402110,37.38188020,0,
4576,1.4768,55.93402110,37.38188020,0,183.650
4577,1.4768,55.93402040,37.38187880,0,183.640
4578,1.4768,55.93402040,37.38187880,0,
4579,1.4872,55.93401970,37.38187740,0,183.649
4580,1.4872,55.93401900,37.38187610,0,
4581,1.4768,55.93401900,37.38187610,0,183.644
4582,1.4872,55.93401830,37.38187470,0,
4583,1.4768,55.93401830,37.38187470,0,183.646
4584,1.4768,55.93401760,37.38187340,0,
4585,1.4768,55.93401760,37.38187340,0,183.645
4586,1.4872,55.93401690,37.38187210,0,
4587,1.4768,55.93401690,37.38187210,0,183.639
4588,1.4768,55.93401620,37.38187070,0,
4589,1.4664,55.93401620,37.38187070,0,183.643
4590,1.4768,55.93401550,37.38186940,0,
4591,1.4768,55.93401550,37.38186940,0,183.636
4592,1.4768,55.93401470,37.38186800,0,
4593,1.4768,55.93401470,37.38186800,0,183.637
4594,1.4768,55.93401400,37.38186670,0,
4595,1.4768,55.93401330,37.38186530,0,183.644
4596,1.4768,55.93401330,37.38186530,0,
4597,1.4768,55.93401260,37.38186390,0,183.639
4598,1.4768,55.93401260,37.38186390,0,183.639
4599,1.4768,55.93401190,37.38186260,0,
4600,1.4768,55.93401190,37.38186260,0,183.643
4601,1.4768,55.93401120,37.38186120,0,
4602,1.4768,55.93401120,37.38186120,0,183.639
4603,1.4768,55.93401050,37.38185990,0,
4604,1.4768,55.93401050,37.38185990,0,183.640
4605,1.4768,55.93400980,37.38185850,0,
4606,1.4768,55.93400980,37.38185850,0,183.638
4607,1.4768,55.93400910,37.38185720,0,
4608,1.4768,55.93400840,37.38185580,0,183.640
4609,1.4872,55.93400840,37.38185580,0,
4610,1.4872,55.93400770,37.38185440,0,183.635
4611,1.4872,55.93400770,37.38185440,0,
4612,1.4976,55.93400690,37.38185300,0,183.641
4613,1.4768,55.93400690,37.38185300,0,
4614,1.4872,55.93400630,37.38185170,0,183.639
4615,1.4768,55.93400630,37.38185170,0,
4616,1.4872,55.93400550,37.38185030,0,183.639
4617,1.4768,55.93400550,37.38185030,0,
4618,1.4768,55.93400480,37.38184900,0,183.639
4619,1.4768,55.93400480,37.38184900,0,
4620,1.4872,55.93400410,37.38184760,0,183.639
4621,1.4768,55.93400410,37.38184760,0,
4622,1.4768,55.93400340,37.38184620,0,183.638
4623,1.4768,55.93400340,37.38184620,0,
4624,1.4664,55.93400270,37.38184490,0,183.639
4625,1.456,55.93400190,37.38184350,0,
4626,1.456,55.93400190,37.38184350,0,183.643
4627,1.456,55.93400120,37.38184220,0,183.636
4628,1.4664,55.93400120,37.38184220,0,
4629,1.4768,55.93400050,37.38184090,0,183.639
4630,1.4664,55.93400050,37.38184090,0,
4631,1.456,55.93399980,37.38183950,0,183.640
4632,1.4664,55.93399980,37.38183950,0,
4633,1.4768,55.93399900,37.38183810,0,183.635
4634,1.4768,55.93399900,37.38183810,0,
4635,1.4976,55.93399830,37.38183680,0,183.643
4636,1.4976,55.93399830,37.38183680,0,
4637,1.4976,55.93399760,37.38183540,0,183.642
4638,1.4872,55.93399760,37.38183540,0,
4639,1.4872,55.93399690,37.38183410,0,183.645
4640,1.4976,55.93399620,37.38183280,0,
4641,1.4768,55.93399620,37.38183280,0,183.653
4642,1.4664,55.93399550,37.38183140,0,
4643,1.4664,55.93399550,37.38183140,0,183.648
4644,1.456,55.93399490,37.38183010,0,
4645,1.456,55.93399490,37.38183010,0,183.644
4646,1.4664,55.93399410,37.38182870,0,
4647,1.4768,55.93399410,37.38182870,0,183.643
4648,1.4872,55.93399340,37.38182740,0,
4649,1.4976,55.93399340,37.38182740,0,183.647
4650,1.4872,55.93399270,37.38182600,0,
4651,1.4872,55.93399270,37.38182600,0,183.646
4652,1.4976,55.93399200,37.38182470,0,
4653,1.4976,55.93399130,37.38182340,0,183.639
4654,1.4976,55.93399130,37.38182340,0,
4655,1.4872,55.93399060,37.38182200,0,183.643
4656,1.4976,55.93399060,37.38182200,0,183.643
4657,1.4768,55.93398990,37.38182070,0,
4658,1.4664,55.93398990,37.38182070,0,183.641
4659,1.4664,55.93398920,37.38181930,0,
4660,1.4664,55.93398920,37.38181930,0,183.647
4661,1.4664,55.93398850,37.38181790,0,
4662,1.4664,55.93398850,37.38181790,0,183.645
4663,1.4664,55.93398780,37.38181660,0,
4664,1.456,55.93398780,37.38181660,0,183.650
4665,1.456,55.93398710,37.38181520,0,
4666,1.456,55.93398710,37.38181520,0,183.644
4667,1.4664,55.93398640,37.38181390,0,
4668,1.4768,55.93398570,37.38181250,0,183.644
4669,1.4872,55.93398570,37.38181250,0,
4670,1.4872,55.93398500,37.38181110,0,183.647
4671,1.4872,55.93398500,37.38181110,0,
4672,1.4768,55.93398430,37.38180980,0,183.648
4673,1.4768,55.93398430,37.38180980,0,
4674,1.4872,55.93398360,37.38180850,0,183.648
4675,1.4872,55.93398360,37.38180850,0,
4676,1.4872,55.93398290,37.38180710,0,183.644
4677,1.4872,55.93398290,37.38180710,0,
4678,1.4872,55.93398220,37.38180580,0,183.654
4679,1.4976,55.93398220,37.38180580,0,
4680,1.4976,55.93398150,37.38180440,0,183.646
4681,1.4976,55.93398080,37.38180310,0,183.653
4682,1.4872,55.93398080,37.38180310,0,
4683,1.4872,55.93398080,37.38180310,0,183.650
4684,1.4976,55.93398010,37.38180170,0,
4685,1.4976,55.93397940,37.38180040,0,183.648
4686,1.4976,55.93397940,37.38180040,0,
4687,1.4976,55.93397870,37.38179910,0,183.658
4688,1.4976,55.93397870,37.38179910,0,
4689,1.4976,55.93397800,37.38179770,0,183.648
4690,1.508,55.93397800,37.38179770,0,
4691,1.4872,55.93397730,37.38179630,0,183.662
4692,1.4976,55.93397730,37.38179630,0,
4693,1.4872,55.93397660,37.38179500,0,183.659
4694,1.4872,55.93397660,37.38179500,0,
4695,1.4768,55.93397590,37.38179360,0,183.659
4696,1.4976,55.93397520,37.38179230,0,
4697,1.4976,55.93397520,37.38179230,0,183.650
4698,1.508,55.93397450,37.38179090,0,
4699,1.5184,55.93397450,37.38179090,0,183.648
4700,1.508,55.93397380,37.38178950,0,
4701,1.508,55.93397380,37.38178950,0,183.648
4702,1.4976,55.93397310,37.38178820,0,
4703,1.4872,55.93397310,37.38178820,0,183.653
4704,1.4872,55.93397240,37.38178690,0,
4705,1.4872,55.93397240,37.38178690,0,183.648
4706,1.4976,55.93397170,37.38178550,0,183.642
4707,1.508,55.93397170,37.38178550,0,
4708,1.4976,55.93397100,37.38178420,0,
4709,1.4976,55.93397030,37.38178290,0,183.644
4710,1.508,55.93397030,37.38178290,0,183.642
4711,1.508,55.93396960,37.38178160,0,
4712,1.508,55.93396960,37.38178160,0,183.647
4713,1.508,55.93396880,37.38178020,0,
4714,1.5184,55.93396880,37.38178020,0,183.645
4715,1.508,55.93396820,37.38177890,0,
4716,1.508,55.93396820,37.38177890,0,183.641
4717,1.4976,55.93396750,37.38177760,0,
4718,1.4872,55.93396750,37.38177760,0,183.638
4719,1.4976,55.93396670,37.38177620,0,
4720,1.508,55.93396670,37.38177620,0,183.638
4721,1.4976,55.93396600,37.38177480,0,
4722,1.4976,55.93396600,37.38177480,0,183.637
4723,1.4976,55.93396530,37.38177350,0,
4724,1.4976,55.93396530,37.38177350,0,183.638
4725,1.4976,55.93396460,37.38177210,0,
4726,1.4976,55.93396390,37.38177080,0,183.640
4727,1.4976,55.93396390,37.38177080,0,
4728,1.4976,55.93396320,37.38176950,0,183.638
4729,1.508,55.93396320,37.38176950,0,
4730,1.508,55.93396250,37.38176810,0,183.640
4731,1.4976,55.93396250,37.38176810,0,
4732,1.4976,55.93396190,37.38176680,0,183.637
4733,1.508,55.93396190,37.38176680,0,
4734,1.4976,55.93396110,37.38176540,0,183.639
4735,1.4976,55.93396110,37.38176540,0,
4736,1.4976,55.93396050,37.38176400,0,183.639
4737,1.4976,55.93396050,37.38176400,0,183.639
4738,1.508,55.93395980,37.38176270,0,
4739,1.5184,55.93395980,37.38176270,0,183.638
4740,1.5184,55.93395910,37.38176120,0,
4741,1.508,55.93395910,37.38176120,0,183.641
4742,1.508,55.93395850,37.38175980,0,
4743,1.5184,55.93395780,37.38175830,0,183.635
4744,1.4976,55.93395780,37.38175830,0,
4745,1.5184,55.93395710,37.38175690,0,183.642
4746,1.5184,55.93395710,37.38175690,0,
4747,1.4976,55.93395650,37.38175550,0,183.643
4748,1.4976,55.93395650,37.38175550,0,
4749,1.4768,55.93395600,37.38175380,0,183.641
4750,1.4768,55.93395600,37.38175380,0,
4751,1.4768,55.93395540,37.38175180,0,183.640
4752,1.4872,55.93395540,37.38175180,0,
4753,1.4976,55.93395500,37.38174980,0,183.644
4754,1.4976,55.93395500,37.38174980,0,
4755,1.4768,55.93395460,37.38174760,0,183.642
4756,1.4768,55.93395460,37.38174760,0,
4757,1.4768,55.93395420,37.38174540,0,183.640
4758,1.4872,55.93395390,37.38174310,0,
4759,1.4872,55.93395390,37.38174310,0,183.639
4760,1.4872,55.93395380,37.38174090,0,
4761,1.4872,55.93395380,37.38174090,0,183.649
4762,1.4872,55.93395370,37.38173880,0,
4763,1.4872,55.93395370,37.38173880,0,183.646
4764,1.4872,55.93395370,37.38173640,0,183.641
4765,1.4872,55.93395370,37.38173640,0,
4766,1.4976,55.93395380,37.38173430,0,183.645
4767,1.4872,55.93395380,37.38173430,0,
4768,1.4872,55.93395400,37.38173210,0,183.648
4769,1.4768,55.93395400,37.38173210,0,
4770,1.4872,55.93395420,37.38173000,0,183.645
4771,1.4872,55.93395450,37.38172800,0,
4772,1.4976,55.93395450,37.38172800,0,183.645
4773,1.4872,55.93395450,37.38172800,0,
4774,1.4976,55.93395490,37.38172600,0,183.641
4775,1.4872,55.93395530,37.38172400,0,
4776,1.4976,55.93395530,37.38172400,0,183.646
4777,1.4872,55.93395580,37.38172220,0,
4778,1.4768,55.93395580,37.38172220,0,183.645
4779,1.456,55.93395630,37.38172050,0,
4780,1.456,55.93395630,37.38172050,0,183.642
4781,1.456,55.93395680,37.38171890,0,
4782,1.4664,55.93395680,37.38171890,0,183.647
4783,1.4872,55.93395730,37.38171730,0,
4784,1.4872,55.93395730,37.38171730,0,183.648
4785,1.4872,55.93395790,37.38171580,0,
4786,1.4872,55.93395850,37.38171450,0,183.638
4787,1.4872,55.93395850,37.38171450,0,
4788,1.4872,55.93395910,37.38171320,0,183.633
4789,1.4872,55.93395910,37.38171320,0,183.638
4790,1.4872,55.93395960,37.38171210,0,
4791,1.4976,55.93395960,37.38171210,0,
4792,1.4872,55.93396020,37.38171100,0,183.641
4793,1.4872,55.93396020,37.38171100,0,183.642
4794,1.4872,55.93396070,37.38170990,0,
4795,1.4872,55.93396070,37.38170990,0,183.645
4796,1.4872,55.93396130,37.38170900,0,
4797,1.4872,55.93396130,37.38170900,0,183.652
4798,1.4872,55.93396180,37.38170810,0,
4799,1.4976,55.93396240,37.38170730,0,183.640
4800,1.4872,55.93396240,37.38170730,0,
4801,1.4768,55.93396290,37.38170660,0,183.644
4802,1.4872,55.93396290,37.38170660,0,
4803,1.4768,55.93396340,37.38170580,0,183.646
4804,1.4768,55.93396340,37.38170580,0,
4805,1.4872,55.93396390,37.38170510,0,183.646
4806,1.4976,55.93396390,37.38170510,0,
4807,1.4872,55.93396430,37.38170450,0,183.651
4808,1.4872,55.93396430,37.38170450,0,
4809,1.4872,55.93396480,37.38170390,0,183.652
4810,1.4872,55.93396480,37.38170390,0,
4811,1.4872,55.93396520,37.38170330,0,183.645
4812,1.4872,55.93396520,37.38170330,0,
4813,1.4872,55.93396570,37.38170280,0,183.658
4814,1.4872,55.93396610,37.38170220,0,
4815,1.4872,55.93396610,37.38170220,0,183.654
4816,1.4976,55.93396660,37.38170180,0,
4817,1.4872,55.93396660,37.38170180,0,183.650
4818,1.4872,55.93396700,37.38170130,0,183.654
4819,1.4768,55.93396700,37.38170130,0,
4820,1.4768,55.93396740,37.38170080,0,183.646
4821,1.4768,55.93396740,37.38170080,0,
4822,1.4768,55.93396800,37.38170020,0,183.649
4823,1.4768,55.93396800,37.38170020,0,
4824,1.4768,55.93396850,37.38169960,0,183.648
4825,1.4768,55.93396850,37.38169960,0,
4826,1.4768,55.93396910,37.38169900,0,183.648
4827,1.4872,55.93396910,37.38169900,0,
4828,1.4976,55.93396970,37.38169840,0,183.647
4829,1.4976,55.93396970,37.38169840,0,
4830,1.4976,55.93397040,37.38169770,0,183.648
4831,1.4872,55.93397110,37.38169710,0,
4832,1.4976,55.93397110,37.38169710,0,183.645
4833,1.4976,55.93397190,37.38169640,0,
4834,1.4872,55.93397190,37.38169640,0,183.639
4835,1.4872,55.93397260,37.38169570,0,
4836,1.4872,55.93397260,37.38169570,0,183.640
4837,1.4872,55.93397330,37.38169510,0,
4838,1.4872,55.93397330,37.38169510,0,183.639
4839,1.4872,55.93397410,37.38169430,0,
4840,1.4872,55.93397410,37.38169430,0,183.643
4841,1.508,55.93397490,37.38169360,0,
4842,1.4976,55.93397490,37.38169360,0,183.642
4843,1.4872,55.93397580,37.38169280,0,
4844,1.4872,55.93397660,37.38169200,0,183.643
4845,1.4872,55.93397660,37.38169200,0,
4846,1.4872,55.93397740,37.38169120,0,183.645
4847,1.4872,55.93397740,37.38169120,0,183.645
4848,1.4872,55.93397830,37.38169040,0,
4849,1.4872,55.93397830,37.38169040,0,183.643
4850,1.4976,55.93397910,37.38168960,0,
4851,1.4872,55.93397910,37.38168960,0,183.646
4852,1.4768,55.93398000,37.38168880,0,
4853,1.4768,55.93398000,37.38168880,0,183.648
4854,1.4664,55.93398080,37.38168800,0,
4855,1.4664,55.93398080,37.38168800,0,183.644
4856,1.456,55.93398170,37.38168710,0,
4857,1.4664,55.93398170,37.38168710,0,183.649
4858,1.4664,55.93398260,37.38168630,0,
4859,1.4768,55.93398340,37.38168540,0,183.644
4860,1.4768,55.93398340,37.38168540,0,
4861,1.4872,55.93398430,37.38168460,0,183.639
4862,1.4872,55.93398430,37.38168460,0,
4863,1.4976,55.93398520,37.38168370,0,183.646
4864,1.4872,55.93398520,37.38168370,0,
4865,1.4976,55.93398600,37.38168290,0,183.649
4866,1.4976,55.93398600,37.38168290,0,
4867,1.4768,55.93398680,37.38168200,0,183.651
4868,1.4872,55.93398680,37.38168200,0,
4869,1.4768,55.93398770,37.38168110,0,183.641
4870,1.4872,55.93398770,37.38168110,0,
4871,1.4872,55.93398850,37.38168030,0,183.646
4872,1.4872,55.93398850,37.38168030,0,183.652
4873,1.4872,55.93398930,37.38167940,0,
4874,1.4872,55.93398930,37.38167940,0,183.654
4875,1.4872,55.93399010,37.38167850,0,
4876,1.4872,55.93399100,37.38167760,0,183.656
4877,1.4976,55.93399100,37.38167760,0,
4878,1.4872,55.93399180,37.38167680,0,183.657
4879,1.4872,55.93399180,37.38167680,0,
4880,1.4976,55.93399260,37.38167590,0,183.655
4881,1.4872,55.93399260,37.38167590,0,
4882,1.4976,55.93399350,37.38167500,0,183.645
4883,1.4768,55.93399350,37.38167500,0,
4884,1.4768,55.93399430,37.38167420,0,183.646
4885,1.4768,55.93399430,37.38167420,0,
4886,1.4664,55.93399510,37.38167330,0,183.641
4887,1.4664,55.93399510,37.38167330,0,
4888,1.4768,55.93399590,37.38167240,0,183.644
4889,1.4768,55.93399670,37.38167160,0,
4890,1.4976,55.93399670,37.38167160,0,183.658
4891,1.4976,55.93399750,37.38167090,0,
4892,1.4872,55.93399750,37.38167090,0,183.644
4893,1.4872,55.93399840,37.38167010,0,
4894,1.4768,55.93399840,37.38167010,0,183.637
4895,1.4976,55.93399930,37.38166950,0,
4896,1.4872,55.93399930,37.38166950,0,183.642
4897,1.4976,55.93400030,37.38166890,0,183.653
4898,1.4872,55.93400030,37.38166890,0,
4899,1.4872,55.93400120,37.38166850,0,183.643
4900,1.4768,55.93400120,37.38166850,0,
4901,1.4768,55.93400220,37.38166810,0,183.641
4902,1.4768,55.93400220,37.38166810,0,
4903,1.4664,55.93400320,37.38166790,0,183.641
4904,1.4664,55.93400410,37.38166770,0,
4905,1.4664,55.93400410,37.38166770,0,183.644
4906,1.4768,55.93400510,37.38166770,0,
4907,1.4872,55.93400510,37.38166770,0,183.646
4908,1.4872,55.93400600,37.38166770,0,
4909,1.4872,55.93400600,37.38166770,0,183.642
4910,1.4768,55.93400680,37.38166780,0,
4911,1.4664,55.93400680,37.38166780,0,183.661
4912,1.4664,55.93400760,37.38166800,0,
4913,1.4664,55.93400760,37.38166800,0,183.658
4914,1.4768,55.93400840,37.38166820,0,
4915,1.4768,55.93400840,37.38166820,0,183.659
4916,1.4872,55.93400900,37.38166860,0,
4917,1.4872,55.93400900,37.38166860,0,183.658
4918,1.4976,55.93400970,37.38166900,0,
4919,1.4976,55.93401030,37.38166930,0,183.665
4920,1.4976,55.93401030,37.38166930,0,
4921,1.4976,55.93401090,37.38166980,0,183.659
4922,1.4976,55.93401090,37.38166980,0,
4923,1.4976,55.93401140,37.38167020,0,183.659
4924,1.4976,55.93401140,37.38167020,0,
4925,1.4976,55.93401190,37.38167070,0,183.655
4926,1.4976,55.93401190,37.38167070,0,
4927,1.4976,55.93401240,37.38167120,0,183.653
4928,1.508,55.93401240,37.38167120,0,
4929,1.4976,55.93401280,37.38167160,0,183.658
4930,1.508,55.93401280,37.38167160,0,183.660
4931,1.4872,55.93401330,37.38167220,0,
4932,1.4976,55.93401370,37.38167270,0,183.658
4933,1.4976,55.93401370,37.38167270,0,
4934,1.4976,55.93401410,37.38167320,0,183.657
4935,1.4976,55.93401410,37.38167320,0,
4936,1.4976,55.93401440,37.38167370,0,183.655
4937,1.508,55.93401440,37.38167370,0,
4938,1.4976,55.93401480,37.38167420,0,183.654
4939,1.4976,55.93401480,37.38167420,0,
4940,1.4976,55.93401510,37.38167470,0,183.656
4941,1.4976,55.93401510,37.38167470,0,
4942,1.4976,55.93401540,37.38167530,0,183.652
4943,1.4976,55.93401540,37.38167530,0,
4944,1.508,55.93401570,37.38167580,0,183.654
4945,1.5184,55.93401570,37.38167580,0,
4946,1.4976,55.93401600,37.38167630,0,183.650
4947,1.508,55.93401600,37.38167630,0,
4948,1.4976,55.93401640,37.38167690,0,183.636
4949,1.508,55.93401680,37.38167760,0,
4950,1.4976,55.93401680,37.38167760,0,183.640
4951,1.508,55.93401720,37.38167840,0,183.646
4952,1.4976,55.93401720,37.38167840,0,
4953,1.4976,55.93401760,37.38167920,0,
4954,1.4976,55.93401760,37.38167920,0,183.643
4955,1.4976,55.93401810,37.38168000,0,183.640
4956,1.508,55.93401810,37.38168000,0,
4957,1.4976,55.93401870,37.38168100,0,183.650
4958,1.508,55.93401870,37.38168100,0,
4959,1.4976,55.93401920,37.38168200,0,183.654
4960,1.4872,55.93401920,37.38168200,0,
4961,1.4976,55.93401980,37.38168310,0,183.659
4962,1.4872,55.93402040,37.38168420,0,
4963,1.4872,55.93402040,37.38168420,0,183.654
4964,1.4976,55.93402100,37.38168530,0,
4965,1.4976,55.93402100,37.38168530,0,183.654
4966,1.508,55.93402170,37.38168650,0,
4967,1.4976,55.93402170,37.38168650,0,183.652
4968,1.4976,55.93402230,37.38168770,0,
4969,1.4976,55.93402230,37.38168770,0,183.647
4970,1.4872,55.93402300,37.38168890,0,
4971,1.4768,55.93402300,37.38168890,0,183.652
4972,1.4768,55.93402360,37.38169020,0,
4973,1.4976,55.93402360,37.38169020,0,183.655
4974,1.4976,55.93402430,37.38169140,0,
4975,1.4976,55.93402430,37.38169140,0,183.649
4976,1.4976,55.93402490,37.38169260,0,183.650
4977,1.4976,55.93402560,37.38169390,0,
4978,1.508,55.93402560,37.38169390,0,
4979,1.5184,55.93402630,37.38169510,0,183.651
4980,1.5184,55.93402630,37.38169510,0,183.652
4981,1.5184,55.93402700,37.38169650,0,
4982,1.5184,55.93402700,37.38169650,0,183.645
4983,1.508,55.93402760,37.38169770,0,
4984,1.5184,55.93402760,37.38169770,0,183.650
4985,1.5184,55.93402830,37.38169910,0,
4986,1.5184,55.93402830,37.38169910,0,183.648
4987,1.5184,55.93402890,37.38170030,0,
4988,1.5184,55.93402890,37.38170030,0,183.654
4989,1.5184,55.93402960,37.38170160,0,
4990,1.5184,55.93402960,37.38170160,0,183.647
4991,1.508,55.93403030,37.38170300,0,
4992,1.4976,55.93403090,37.38170420,0,183.651
4993,1.4976,55.93403090,37.38170420,0,
4994,1.4872,55.93403160,37.38170550,0,183.655
4995,1.4768,55.93403160,37.38170550,0,
4996,1.4768,55.93403230,37.38170690,0,183.653
4997,1.4976,55.93403230,37.38170690,0,
4998,1.508,55.93403290,37.38170810,0,183.646
4999,1.5184,55.93403290,37.38170810,0,
5000,1.508,55.93403360,37.38170940,0,183.648
5001,1.508,55.93403360,37.38170940,0,
5002,1.508,55.93403430,37.38171080,0,183.651
5003,1.508,55.93403430,37.38171080,0,
5004,1.508,55.93403490,37.38171200,0,183.645
5005,1.5184,55.93403560,37.38171330,0,183.657
5006,1.5184,55.93403560,37.38171330,0,
5007,1.508,55.93403630,37.38171460,0,183.656
5008,1.4976,55.93403630,37.38171460,0,
5009,1.4976,55.93403690,37.38171590,0,183.657
5010,1.4872,55.93403690,37.38171590,0,
5011,1.4768,55.93403760,37.38171720,0,183.662
5012,1.4768,55.93403760,37.38171720,0,
5013,1.4976,55.93403820,37.38171840,0,183.659
5014,1.5184,55.93403820,37.38171840,0,
5015,1.4976,55.93403890,37.38171980,0,183.650
5016,1.5184,55.93403890,37.38171980,0,
5017,1.5184,55.93403960,37.38172100,0,183.652
5018,1.508,55.93403960,37.38172100,0,
5019,1.5184,55.93404020,37.38172230,0,183.652
5020,1.5184,55.93404020,37.38172230,0,
5021,1.508,55.93404090,37.38172360,0,183.649
5022,1.5184,55.93404150,37.38172490,0,
5023,1.508,55.93404150,37.38172490,0,183.649
5024,1.508,55.93404220,37.38172620,0,
5025,1.5184,55.93404220,37.38172620,0,183.652
5026,1.5184,55.93404280,37.38172750,0,
5027,1.5184,55.93404280,37.38172750,0,183.651
5028,1.5184,55.93404350,37.38172880,0,
5029,1.508,55.93404350,37.38172880,0,183.658
5030,1.508,55.93404420,37.38173010,0,
5031,1.508,55.93404420,37.38173010,0,183.656
5032,1.508,55.93404480,37.38173140,0,
5033,1.508,55.93404480,37.38173140,0,183.658
5034,1.4976,55.93404540,37.38173270,0,
5035,1.508,55.93404610,37.38173400,0,183.651
5036,1.508,55.93404610,37.38173400,0,
5037,1.508,55.93404680,37.38173530,0,183.649
5038,1.5184,55.93404680,37.38173530,0,183.648
5039,1.5184,55.93404740,37.38173660,0,
5040,1.5184,55.93404740,37.38173660,0,183.655
5041,1.5184,55.93404810,37.38173790,0,
5042,1.5184,55.93404810,37.38173790,0,183.654
5043,1.5184,55.93404870,37.38173910,0,
5044,1.5184,55.93404870,37.38173910,0,183.651
5045,1.5288,55.93404940,37.38174040,0,
5046,1.5184,55.93404940,37.38174040,0,183.647
5047,1.5184,55.93405010,37.38174170,0,
5048,1.5184,55.93405010,37.38174170,0,183.645
5049,1.5184,55.93405080,37.38174300,0,
5050,1.5184,55.93405140,37.38174430,0,183.648
5051,1.5184,55.93405140,37.38174430,0,
5052,1.5184,55.93405200,37.38174550,0,183.649
5053,1.5184,55.93405200,37.38174550,0,
5054,1.5184,55.93405270,37.38174680,0,183.649
5055,1.5184,55.93405270,37.38174680,0,
5056,1.5184,55.93405340,37.38174820,0,183.655
5057,1.5184,55.93405340,37.38174820,0,
5058,1.5184,55.93405400,37.38174940,0,183.652
5059,1.508,55.93405400,37.38174940,0,183.658
5060,1.5184,55.93405470,37.38175070,0,
5061,1.5184,55.93405470,37.38175070,0,183.644
5062,1.508,55.93405530,37.38175200,0,
5063,1.5184,55.93405600,37.38175320,0,183.656
5064,1.508,55.93405600,37.38175320,0,
5065,1.5184,55.93405670,37.38175450,0,183.658
5066,1.508,55.93405670,37.38175450,0,
5067,1.5184,55.93405730,37.38175580,0,183.659
5068,1.5184,55.93405730,37.38175580,0,
5069,1.5184,55.93405800,37.38175710,0,183.660
5070,1.508,55.93405800,37.38175710,0,
5071,1.508,55.93405870,37.38175840,0,183.654
5072,1.508,55.93405870,37.38175840,0,
5073,1.5184,55.93405940,37.38175970,0,183.654
5074,1.5184,55.93405940,37.38175970,0,
5075,1.5184,55.93406000,37.38176090,0,183.652
5076,1.508,55.93406000,37.38176090,0,
5077,1.508,55.93406060,37.38176220,0,183.655
5078,1.5184,55.93406130,37.38176350,0,
5079,1.508,55.93406130,37.38176350,0,183.649
5080,1.5184,55.93406200,37.38176480,0,
5081,1.5184,55.93406200,37.38176480,0,183.655
5082,1.5184,55.93406260,37.38176610,0,
5083,1.5184,55.93406260,37.38176610,0,183.650
5084,1.508,55.93406330,37.38176740,0,183.648
5085,1.5184,55.93406330,37.38176740,0,
5086,1.5184,55.93406400,37.38176870,0,183.649
5087,1.5184,55.93406400,37.38176870,0,
5088,1.5184,55.93406460,37.38177000,0,183.648
5089,1.5184,55.93406460,37.38177000,0,
5090,1.508,55.93406530,37.38177130,0,183.650
5091,1.508,55.93406600,37.38177260,0,
5092,1.4976,55.93406600,37.38177260,0,183.651
5093,1.4976,55.93406660,37.38177390,0,
5094,1.508,55.93406660,37.38177390,0,183.652
5095,1.508,55.93406730,37.38177520,0,
5096,1.5184,55.93406730,37.38177520,0,183.653
5097,1.5288,55.93406790,37.38177640,0,
5098,1.5184,55.93406790,37.38177640,0,183.654
5099,1.5288,55.93406860,37.38177780,0,
5100,1.5288,55.93406860,37.38177780,0,183.650
5101,1.5184,55.93406930,37.38177910,0,
5102,1.5184,55.93406930,37.38177910,0,183.654
5103,1.5184,55.93407000,37.38178040,0,
5104,1.5288,55.93407000,37.38178040,0,183.652
5105,1.5288,55.93407070,37.38178170,0,
5106,1.5288,55.93407130,37.38178300,0,183.656
5107,1.5288,55.93407130,37.38178300,0,
5108,1.5184,55.93407190,37.38178430,0,183.650
5109,1.5288,55.93407190,37.38178430,0,183.651
5110,1.5288,55.93407260,37.38178560,0,
5111,1.5288,55.93407260,37.38178560,0,183.647
5112,1.5392,55.93407330,37.38178690,0,
5113,1.5288,55.93407330,37.38178690,0,183.652
5114,1.5288,55.93407400,37.38178820,0,
5115,1.5288,55.93407400,37.38178820,0,183.650
5116,1.5288,55.93407460,37.38178950,0,
5117,1.5288,55.93407460,37.38178950,0,183.649
5118,1.5184,55.93407530,37.38179070,0,
5119,1.508,55.93407600,37.38179200,0,183.650
5120,1.4976,55.93407600,37.38179200,0,
5121,1.4976,55.93407660,37.38179330,0,183.650
5122,1.4976,55.93407660,37.38179330,0,
5123,1.508,55.93407730,37.38179460,0,183.652
5124,1.5184,55.93407730,37.38179460,0,
5125,1.5184,55.93407790,37.38179590,0,183.651
5126,1.5288,55.93407790,37.38179590,0,
5127,1.5288,55.93407850,37.38179710,0,183.653
5128,1.5288,55.93407850,37.38179710,0,
5129,1.5184,55.93407920,37.38179850,0,183.657
5130,1.5184,55.93407920,37.38179850,0,
5131,1.508,55.93407990,37.38179970,0,183.654
5132,1.508,55.93407990,37.38179970,0,
5133,1.4976,55.93408060,37.38180110,0,183.650
5134,1.4976,55.93408060,37.38180110,0,
5135,1.508,55.93408120,37.38180240,0,183.653
5136,1.508,55.93408190,37.38180370,0,183.656
5137,1.5184,55.93408190,37.38180370,0,
5138,1.5184,55.93408250,37.38180490,0,183.653
5139,1.5184,55.93408250,37.38180490,0,
5140,1.5184,55.93408320,37.38180630,0,183.661
5141,1.5184,55.93408320,37.38180630,0,
5142,1.508,55.93408390,37.38180750,0,183.657
5143,1.5184,55.93408390,37.38180750,0,
5144,1.508,55.93408450,37.38180880,0,183.654
5145,1.5184,55.93408450,37.38180880,0,
5146,1.508,55.93408520,37.38181010,0,183.661
5147,1.4976,55.93408520,37.38181010,0,
5148,1.4976,55.93408590,37.38181140,0,183.656
5149,1.4976,55.93408590,37.38181140,0,
5150,1.4976,55.93408650,37.38181270,0,183.659
5151,1.508,55.93408710,37.38181400,0,
5152,1.508,55.93408710,37.38181400,0,183.660
5153,1.508,55.93408780,37.38181530,0,
5154,1.508,55.93408780,37.38181530,0,183.663
5155,1.508,55.93408850,37.38181660,0,
5156,1.4976,55.93408850,37.38181660,0,183.661
5157,1.508,55.93408910,37.38181790,0,
5158,1.4976,55.93408910,37.38181790,0,183.656
5159,1.4976,55.93408980,37.38181920,0,
5160,1.4976,55.93408980,37.38181920,0,183.664
5161,1.4976,55.93409040,37.38182050,0,
5162,1.508,55.93409040,37.38182050,0,183.658
5163,1.4976,55.93409110,37.38182180,0,
5164,1.508,55.93409180,37.38182320,0,183.663
5165,1.508,55.93409180,37.38182320,0,
5166,1.508,55.93409250,37.38182440,0,183.662
5167,1.508,55.93409250,37.38182440,0,183.661
5168,1.5184,55.93409310,37.38182580,0,
5169,1.508,55.93409310,37.38182580,0,183.658
5170,1.4976,55.93409380,37.38182700,0,
5171,1.508,55.93409380,37.38182700,0,183.664
5172,1.508,55.93409440,37.38182830,0,
5173,1.508,55.93409440,37.38182830,0,183.660
5174,1.4976,55.93409510,37.38182970,0,
5175,1.508,55.93409510,37.38182970,0,183.658
5176,1.508,55.93409570,37.38183090,0,
5177,1.4976,55.93409570,37.38183090,0,183.657
5178,1.4976,55.93409640,37.38183230,0,
5179,1.4976,55.93409640,37.38183230,0,183.656
5180,1.4872,55.93409700,37.38183360,0,
5181,1.4976,55.93409770,37.38183490,0,183.661
5182,1.508,55.93409770,37.38183490,0,
5183,1.508,55.93409840,37.38183620,0,183.655
5184,1.4872,55.93409840,37.38183620,0,
5185,1.4976,55.93409900,37.38183750,0,183.662
5186,1.508,55.93409900,37.38183750,0,
5187,1.4976,55.93409970,37.38183880,0,183.659
5188,1.4976,55.93409970,37.38183880,0,
5189,1.4872,55.93410030,37.38184010,0,183.661
5190,1.4872,55.93410030,37.38184010,0,
5191,1.4872,55.93410090,37.38184140,0,183.659
5192,1.4976,55.93410090,37.38184140,0,183.652
5193,1.508,55.93410160,37.38184270,0,
5194,1.508,55.93410160,37.38184270,0,183.654
5195,1.4976,55.93410220,37.38184410,0,
5196,1.4976,55.93410290,37.38184530,0,183.660
5197,1.4976,55.93410290,37.38184530,0,
5198,1.4976,55.93410360,37.38184670,0,183.653
5199,1.4976,55.93410360,37.38184670,0,
5200,1.508,55.93410420,37.38184800,0,183.650
5201,1.4976,55.93410420,37.38184800,0,
5202,1.4976,55.93410490,37.38184930,0,183.650
5203,1.4976,55.93410490,37.38184930,0,
5204,1.4976,55.93410550,37.38185060,0,183.658
5205,1.4872,55.93410550,37.38185060,0,
5206,1.4872,55.93410620,37.38185180,0,183.652
5207,1.4872,55.93410620,37.38185180,0,
5208,1.4976,55.93410680,37.38185320,0,183.656
5209,1.4872,55.93410750,37.38185440,0,
5210,1.4976,55.93410750,37.38185440,0,183.657
5211,1.4976,55.93410820,37.38185570,0,
5212,1.4872,55.93410820,37.38185570,0,183.658
5213,1.4872,55.93410890,37.38185700,0,
5214,1.4872,55.93410890,37.38185700,0,183.659
5215,1.4872,55.93410960,37.38185830,0,
5216,1.4872,55.93410960,37.38185830,0,183.656
5217,1.4872,55.93411020,37.38185950,0,183.652
5218,1.4976,55.93411020,37.38185950,0,
5219,1.508,55.93411090,37.38186080,0,183.659
5220,1.4872,55.93411090,37.38186080,0,
5221,1.508,55.93411150,37.38186200,0,183.665
5222,1.4976,55.93411150,37.38186200,0,
5223,1.4976,55.93411230,37.38186310,0,183.647
5224,1.4976,55.93411310,37.38186420,0,
5225,1.4976,55.93411310,37.38186420,0,183.653
5226,1.4976,55.93411400,37.38186530,0,
5227,1.4976,55.93411400,37.38186530,0,183.652
5228,1.4872,55.93411490,37.38186620,0,
5229,1.4768,55.93411490,37.38186620,0,183.656
5230,1.4872,55.93411580,37.38186710,0,
5231,1.4872,55.93411580,37.38186710,0,183.650
5232,1.4872,55.93411680,37.38186790,0,
5233,1.4872,55.93411680,37.38186790,0,183.655
5234,1.4872,55.93411770,37.38186860,0,
5235,1.4976,55.93411770,37.38186860,0,183.653
5236,1.4976,55.93411870,37.38186910,0,
5237,1.4976,55.93411870,37.38186910,0,183.665
5238,1.4976,55.93411960,37.38186960,0,
5239,1.4976,55.93412050,37.38187000,0,183.664
5240,1.4976,55.93412050,37.38187000,0,
5241,1.508,55.93412140,37.38187020,0,183.663
5242,1.4872,55.93412140,37.38187020,0,
5243,1.4976,55.93412220,37.38187030,0,183.663
5244,1.4976,55.93412220,37.38187030,0,183.663
5245,1.4768,55.93412310,37.38187040,0,
5246,1.4768,55.93412310,37.38187040,0,183.667
5247,1.4768,55.93412380,37.38187030,0,
5248,1.4872,55.93412380,37.38187030,0,183.656
5249,1.4768,55.93412450,37.38187020,0,
5250,1.4872,55.93412450,37.38187020,0,183.661
5251,1.4872,55.93412520,37.38187000,0,
5252,1.4976,55.93412590,37.38186980,0,183.659
5253,1.4872,55.93412590,37.38186980,0,
5254,1.4976,55.93412650,37.38186950,0,183.657
5255,1.4976,55.93412650,37.38186950,0,
5256,1.4976,55.93412700,37.38186910,0,183.656
5257,1.508,55.93412700,37.38186910,0,
5258,1.4976,55.93412760,37.38186880,0,183.654
5259,1.4976,55.93412760,37.38186880,0,
5260,1.508,55.93412810,37.38186840,0,183.655
5261,1.4976,55.93412810,37.38186840,0,
5262,1.4976,55.93412860,37.38186810,0,183.652
5263,1.4872,55.93412860,37.38186810,0,
5264,1.4976,55.93412900,37.38186770,0,183.653
5265,1.4976,55.93412900,37.38186770,0,
5266,1.4768,55.93412950,37.38186730,0,183.653
5267,1.4768,55.93412950,37.38186730,0,
5268,1.4664,55.93412990,37.38186680,0,183.652
5269,1.4768,55.93413030,37.38186640,0,
5270,1.4664,55.93413030,37.38186640,0,183.654
5271,1.456,55.93413070,37.38186600,0,183.655
5272,1.456,55.93413070,37.38186600,0,
5273,1.456,55.93413110,37.38186560,0,183.654
5274,1.456,55.93413110,37.38186560,0,
5275,1.456,55.93413150,37.38186510,0,183.651
5276,1.4664,55.93413150,37.38186510,0,
5277,1.4664,55.93413180,37.38186470,0,183.645
5278,1.4768,55.93413180,37.38186470,0,
5279,1.4872,55.93413220,37.38186420,0,183.642
5280,1.4872,55.93413270,37.38186370,0,
5281,1.4976,55.93413270,37.38186370,0,183.652
5282,1.4872,55.93413320,37.38186310,0,
5283,1.4976,55.93413320,37.38186310,0,183.651
5284,1.4976,55.93413370,37.38186250,0,
5285,1.4976,55.93413370,37.38186250,0,183.647
5286,1.4872,55.93413430,37.38186180,0,
5287,1.4872,55.93413430,37.38186180,0,183.652
5288,1.4976,55.93413500,37.38186100,0,
5289,1.4872,55.93413500,37.38186100,0,183.655
5290,1.4872,55.93413560,37.38186030,0,
5291,1.4872,55.93413560,37.38186030,0,183.654
5292,1.4872,55.93413630,37.38185950,0,
5293,1.4872,55.93413630,37.38185950,0,183.652
5294,1.4872,55.93413700,37.38185870,0,
5295,1.4872,55.93413780,37.38185780,0,183.657
5296,1.4872,55.93413780,37.38185780,0,183.650
5297,1.4768,55.93413850,37.38185700,0,
5298,1.4872,55.93413850,37.38185700,0,183.652
5299,1.4872,55.93413930,37.38185610,0,
5300,1.4872,55.93413930,37.38185610,0,183.655
5301,1.4768,55.93414000,37.38185520,0,
5302,1.4768,55.93414000,37.38185520,0,183.661
5303,1.4768,55.93414080,37.38185440,0,
5304,1.4872,55.93414080,37.38185440,0,183.655
5305,1.4872,55.93414160,37.38185350,0,
5306,1.4872,55.93414160,37.38185350,0,183.649
5307,1.4976,55.93414230,37.38185260,0,
5308,1.4768,55.93414230,37.38185260,0,183.648
5309,1.4768,55.93414310,37.38185180,0,
5310,1.4768,55.93414310,37.38185180,0,183.649
5311,1.4872,55.93414390,37.38185090,0,
5312,1.4872,55.93414470,37.38185000,0,183.651
5313,1.4872,55.93414470,37.38185000,0,
5314,1.4768,55.93414550,37.38184920,0,183.654
5315,1.4768,55.93414550,37.38184920,0,
5316,1.4768,55.93414630,37.38184830,0,183.651
5317,1.4768,55.93414630,37.38184830,0,
5318,1.4768,55.93414710,37.38184750,0,183.654
5319,1.4768,55.93414710,37.38184750,0,
5320,1.456,55.93414790,37.38184660,0,183.653
5321,1.456,55.93414790,37.38184660,0,183.648
5322,1.456,55.93414870,37.38184570,0,
5323,1.4768,55.93414870,37.38184570,0,
5324,1.4976,55.93414950,37.38184490,0,183.656
5325,1.4976,55.93415040,37.38184390,0,183.644
5326,1.4872,55.93415040,37.38184390,0,
5327,1.4664,55.93415120,37.38184310,0,183.653
5328,1.456,55.93415120,37.38184310,0,
5329,1.456,55.93415200,37.38184220,0,183.652
5330,1.456,55.93415200,37.38184220,0,
5331,1.4664,55.93415280,37.38184130,0,183.651
5332,1.4768,55.93415280,37.38184130,0,
5333,1.4872,55.93415360,37.38184040,0,183.656
5334,1.4768,55.93415360,37.38184040,0,
5335,1.4768,55.93415440,37.38183950,0,183.647
5336,1.4768,55.93415440,37.38183950,0,
5337,1.4768,55.93415530,37.38183850,0,183.653
5338,1.4768,55.93415610,37.38183760,0,
5339,1.4768,55.93415610,37.38183760,0,183.650
5340,1.4768,55.93415690,37.38183670,0,
5341,1.4768,55.93415690,37.38183670,0,183.647
5342,1.4768,55.93415770,37.38183580,0,
5343,1.4768,55.93415770,37.38183580,0,183.647
5344,1.4768,55.93415860,37.38183480,0,
5345,1.4768,55.93415860,37.38183480,0,183.648
5346,1.4768,55.93415940,37.38183390,0,
5347,1.4768,55.93415940,37.38183390,0,183.650
5348,1.4768,55.93416020,37.38183300,0,
5349,1.4768,55.93416020,37.38183300,0,183.642
5350,1.4872,55.93416100,37.38183210,0,183.650
5351,1.4768,55.93416100,37.38183210,0,
5352,1.4768,55.93416180,37.38183110,0,183.648
5353,1.4768,55.93416270,37.38183020,0,
5354,1.4664,55.93416270,37.38183020,0,183.651
5355,1.456,55.93416350,37.38182920,0,
5356,1.4456,55.93416350,37.38182920,0,183.653
5357,1.4352,55.93416430,37.38182830,0,
5358,1.4352,55.93416430,37.38182830,0,183.650
5359,1.4352,55.93416510,37.38182730,0,
5360,1.4352,55.93416510,37.38182730,0,183.646
5361,1.4456,55.93416590,37.38182640,0,
5362,1.456,55.93416590,37.38182640,0,183.645
5363,1.456,55.93416680,37.38182540,0,
5364,1.456,55.93416680,37.38182540,0,183.644
5365,1.456,55.93416760,37.38182440,0,
5366,1.4664,55.93416760,37.38182440,0,183.650
5367,1.4768,55.93416840,37.38182350,0,
5368,1.4768,55.93416920,37.38182260,0,183.647
5369,1.4768,55.93416920,37.38182260,0,
5370,1.4664,55.93417010,37.38182160,0,183.648
5371,1.4664,55.93417010,37.38182160,0,
5372,1.456,55.93417090,37.38182070,0,183.652
5373,1.4352,55.93417090,37.38182070,0,
5374,1.4352,55.93417170,37.38181970,0,183.660
5375,1.4352,55.93417170,37.38181970,0,
5376,1.4456,55.93417250,37.38181880,0,183.650
5377,1.4456,55.93417250,37.38181880,0,183.644
5378,1.456,55.93417340,37.38181760,0,
5379,1.4664,55.93417340,37.38181760,0,183.647
5380,1.4664,55.93417430,37.38181620,0,
5381,1.4664,55.93417430,37.38181620,0,183.646
5382,1.4664,55.93417520,37.38181460,0,
5383,1.4664,55.93417620,37.38181260,0,183.645
5384,1.456,55.93417620,37.38181260,0,
5385,1.4456,55.93417710,37.38181050,0,183.650
5386,1.456,55.93417710,37.38181050,0,
5387,1.4352,55.93417800,37.38180810,0,183.648
5388,1.4456,55.93417800,37.38180810,0,
5389,1.456,55.93417880,37.38180550,0,183.650
5390,1.4456,55.93417880,37.38180550,0,
5391,1.456,55.93417960,37.38180270,0,183.653
5392,1.456,55.93417960,37.38180270,0,
5393,1.456,55.93418030,37.38179950,0,183.644
5394,1.456,55.93418030,37.38179950,0,
5395,1.456,55.93418080,37.38179610,0,183.641
5396,1.456,55.93418080,37.38179610,0,
5397,1.456,55.93418130,37.38179260,0,183.644
5398,1.4664,55.93418160,37.38178890,0,
5399,1.4664,55.93418160,37.38178890,0,183.648
5400,1.4664,55.93418180,37.38178510,0,
5401,1.4664,55.93418180,37.38178510,0,183.650
5402,1.4664,55.93418180,37.38178140,0,
5403,1.456,55.93418180,37.38178140,0,183.646
5404,1.4664,55.93418170,37.38177740,0,183.645
5405,1.4664,55.93418170,37.38177740,0,
5406,1.4664,55.93418150,37.38177360,0,183.649
5407,1.4664,55.93418150,37.38177360,0,
5408,1.4664,55.93418110,37.38176970,0,183.651
5409,1.4456,55.93418110,37.38176970,0,
5410,1.4352,55.93418060,37.38176600,0,183.646
5411,1.4456,55.93418000,37.38176240,0,
5412,1.4456,55.93418000,37.38176240,0,183.649
5413,1.4664,55.93417920,37.38175870,0,
5414,1.4664,55.93417920,37.38175870,0,183.650
5415,1.4664,55.93417830,37.38175520,0,
5416,1.4768,55.93417830,37.38175520,0,183.646
5417,1.4664,55.93417730,37.38175170,0,
5418,1.4768,55.93417730,37.38175170,0,183.650
5419,1.4768,55.93417630,37.38174860,0,
5420,1.4664,55.93417630,37.38174860,0,183.647
5421,1.4664,55.93417510,37.38174540,0,
5422,1.4664,55.93417510,37.38174540,0,183.656
5423,1.4768,55.93417390,37.38174260,0,
5424,1.4664,55.93417390,37.38174260,0,183.656
5425,1.4456,55.93417270,37.38173980,0,
5426,1.456,55.93417140,37.38173730,0,183.661
5427,1.4768,55.93417140,37.38173730,0,
5428,1.4768,55.93417010,37.38173490,0,183.661
5429,1.4768,55.93417010,37.38173490,0,183.659
5430,1.4768,55.93416890,37.38173280,0,
5431,1.4768,55.93416890,37.38173280,0,
5432,1.4768,55.93416750,37.38173070,0,183.661
5433,1.4768,55.93416750,37.38173070,0,183.666
5434,1.4768,55.93416630,37.38172890,0,
5435,1.4872,55.93416630,37.38172890,0,183.659
5436,1.4768,55.93416500,37.38172720,0,
5437,1.4768,55.93416500,37.38172720,0,183.665
5438,1.4872,55.93416370,37.38172550,0,
5439,1.4768,55.93416370,37.38172550,0,183.660
5440,1.4768,55.93416260,37.38172400,0,
5441,1.4768,55.93416260,37.38172400,0,183.648
5442,1.4872,55.93416130,37.38172260,0,
5443,1.4872,55.93416020,37.38172130,0,183.648
5444,1.4872,55.93416020,37.38172130,0,
5445,1.4768,55.93415910,37.38172010,0,183.649
5446,1.4768,55.93415910,37.38172010,0,
5447,1.4872,55.93415800,37.38171900,0,183.645
5448,1.4768,55.93415800,37.38171900,0,
5449,1.4872,55.93415700,37.38171790,0,183.659
5450,1.4976,55.93415700,37.38171790,0,
5451,1.4976,55.93415600,37.38171690,0,183.656
5452,1.4976,55.93415600,37.38171690,0,
5453,1.4976,55.93415500,37.38171600,0,183.651
5454,1.508,55.93415410,37.38171510,0,183.649
5455,1.508,55.93415410,37.38171510,0,
5456,1.508,55.93415320,37.38171430,0,183.646
5457,1.508,55.93415320,37.38171430,0,
5458,1.4976,55.93415220,37.38171340,0,183.653
5459,1.4976,55.93415220,37.38171340,0,
5460,1.4976,55.93415140,37.38171260,0,183.658
5461,1.4976,55.93415140,37.38171260,0,
5462,1.508,55.93415040,37.38171170,0,183.655
5463,1.508,55.93415040,37.38171170,0,
5464,1.508,55.93414960,37.38171090,0,183.654
5465,1.508,55.93414960,37.38171090,0,
5466,1.5184,55.93414860,37.38171000,0,183.656
5467,1.5288,55.93414860,37.38171000,0,
5468,1.5392,55.93414770,37.38170920,0,183.650
5469,1.5288,55.93414690,37.38170840,0,
5470,1.5184,55.93414690,37.38170840,0,183.652
5471,1.5184,55.93414590,37.38170750,0,
5472,1.508,55.93414590,37.38170750,0,183.654
5473,1.5184,55.93414510,37.38170660,0,
5474,1.508,55.93414510,37.38170660,0,183.652
5475,1.4976,55.93414420,37.38170570,0,
5476,1.508,55.93414420,37.38170570,0,183.653
5477,1.4976,55.93414330,37.38170480,0,
5478,1.4976,55.93414330,37.38170480,0,183.654
5479,1.4976,55.93414250,37.38170390,0,
5480,1.4872,55.93414250,37.38170390,0,183.651
5481,1.4976,55.93414160,37.38170290,0,
5482,1.4976,55.93414160,37.38170290,0,183.656
5483,1.4976,55.93414070,37.38170190,0,
5484,1.508,55.93413980,37.38170090,0,183.655
5485,1.4976,55.93413980,37.38170090,0,
5486,1.4872,55.93413900,37.38169980,0,183.662
5487,1.4872,55.93413900,37.38169980,0,183.650
5488,1.4872,55.93413810,37.38169880,0,
5489,1.4976,55.93413810,37.38169880,0,183.656
5490,1.508,55.93413730,37.38169780,0,
5491,1.5184,55.93413730,37.38169780,0,183.648
5492,1.5288,55.93413640,37.38169670,0,
5493,1.5288,55.93413640,37.38169670,0,183.657
5494,1.5288,55.93413560,37.38169560,0,
5495,1.5392,55.93413560,37.38169560,0,183.652
5496,1.56,55.93413470,37.38169440,0,
5497,1.56,55.93413470,37.38169440,0,183.653
5498,1.5808,55.93413390,37.38169330,0,
5499,1.5808,55.93413310,37.38169210,0,183.663
5500,1.5704,55.93413310,37.38169210,0,
5501,1.56,55.93413230,37.38169090,0,183.664
5502,1.5496,55.93413230,37.38169090,0,
5503,1.5392,55.93413150,37.38168980,0,183.670
5504,1.5288,55.93413150,37.38168980,0,
5505,1.5184,55.93413070,37.38168860,0,183.665
5506,1.5184,55.93413070,37.38168860,0,
5507,1.5184,55.93412990,37.38168740,0,183.659
5508,1.5184,55.93412990,37.38168740,0,183.655
5509,1.5184,55.93412910,37.38168610,0,
5510,1.5184,55.93412910,37.38168610,0,183.660
5511,1.508,55.93412830,37.38168490,0,
5512,1.508,55.93412750,37.38168360,0,183.660
5513,1.508,55.93412750,37.38168360,0,
5514,1.4976,55.93412670,37.38168240,0,183.663
5515,1.4872,55.93412670,37.38168240,0,
5516,1.4872,55.93412590,37.38168120,0,183.655
5517,1.4872,55.93412590,37.38168120,0,
5518,1.4976,55.93412510,37.38167990,0,183.654
5519,1.508,55.93412510,37.38167990,0,
5520,1.5184,55.93412430,37.38167870,0,183.649
5521,1.5184,55.93412430,37.38167870,0,
5522,1.5184,55.93412350,37.38167750,0,183.654
5523,1.5184,55.93412350,37.38167750,0,
5524,1.5184,55.93412280,37.38167620,0,183.655
5525,1.5184,55.93412280,37.38167620,0,
5526,1.508,55.93412200,37.38167490,0,183.657
5527,1.4976,55.93412120,37.38167370,0,
5528,1.4976,55.93412120,37.38167370,0,183.659
5529,1.4872,55.93412040,37.38167240,0,
5530,1.4976,55.93412040,37.38167240,0,183.657
5531,1.508,55.93411970,37.38167110,0,
5532,1.508,55.93411970,37.38167110,0,183.664
5533,1.508,55.93411890,37.38166990,0,183.648
5534,1.508,55.93411890,37.38166990,0,
5535,1.5184,55.93411820,37.38166860,0,
5536,1.5184,55.93411820,37.38166860,0,183.663
5537,1.5184,55.93411740,37.38166730,0,183.656
5538,1.5184,55.93411740,37.38166730,0,
5539,1.5184,55.93411670,37.38166600,0,183.662
5540,1.5184,55.93411590,37.38166470,0,
5541,1.5288,55.93411590,37.38166470,0,183.658
5542,1.5288,55.93411510,37.38166340,0,
5543,1.5184,55.93411510,37.38166340,0,183.661
5544,1.5288,55.93411440,37.38166210,0,
5545,1.5288,55.93411440,37.38166210,0,183.650
5546,1.5392,55.93411360,37.38166080,0,
5547,1.5184,55.93411360,37.38166080,0,183.642
5548,1.5288,55.93411290,37.38165950,0,
5549,1.5184,55.93411290,37.38165950,0,183.643
5550,1.5184,55.93411210,37.38165820,0,
5551,1.5184,55.93411210,37.38165820,0,183.646
5552,1.5184,55.93411140,37.38165700,0,
5553,1.5184,55.93411060,37.38165570,0,183.648
5554,1.5184,55.93411060,37.38165570,0,
5555,1.5184,55.93410990,37.38165430,0,183.649
5556,1.5184,55.93410990,37.38165430,0,
5557,1.5184,55.93410910,37.38165300,0,183.648
5558,1.5184,55.93410910,37.38165300,0,
5559,1.5184,55.93410840,37.38165170,0,183.645
5560,1.5184,55.93410840,37.38165170,0,183.648
5561,1.5184,55.93410760,37.38165030,0,
5562,1.508,55.93410760,37.38165030,0,183.647
5563,1.4976,55.93410690,37.38164900,0,
5564,1.4976,55.93410690,37.38164900,0,183.649
5565,1.4976,55.93410620,37.38164770,0,
5566,1.508,55.93410620,37.38164770,0,183.657
5567,1.5184,55.93410550,37.38164640,0,
5568,1.5184,55.93410550,37.38164640,0,183.654
5569,1.5184,55.93410480,37.38164510,0,
5570,1.5184,55.93410480,37.38164510,0,183.653
5571,1.5184,55.93410400,37.38164370,0,
5572,1.5288,55.93410330,37.38164240,0,183.654
5573,1.5184,55.93410330,37.38164240,0,
5574,1.5184,55.93410260,37.38164100,0,183.658
5575,1.5184,55.93410260,37.38164100,0,
5576,1.5184,55.93410190,37.38163970,0,183.654
5577,1.5184,55.93410190,37.38163970,0,
5578,1.5184,55.93410120,37.38163840,0,183.655
5579,1.5184,55.93410120,37.38163840,0,
5580,1.5184,55.93410050,37.38163700,0,183.657
5581,1.4976,55.93410050,37.38163700,0,
5582,1.508,55.93409980,37.38163570,0,183.663
5583,1.508,55.93409980,37.38163570,0,
5584,1.5184,55.93409910,37.38163430,0,183.650
5585,1.5184,55.93409840,37.38163300,0,
5586,1.5184,55.93409840,37.38163300,0,183.647
5587,1.5184,55.93409770,37.38163170,0,183.653
5588,1.5184,55.93409770,37.38163170,0,
5589,1.5184,55.93409690,37.38163040,0,183.650
5590,1.5184,55.93409690,37.38163040,0,
5591,1.5184,55.93409620,37.38162900,0,183.650
5592,1.5184,55.93409620,37.38162900,0,
5593,1.5184,55.93409550,37.38162770,0,183.648
5594,1.5184,55.93409550,37.38162770,0,
5595,1.5184,55.93409480,37.38162630,0,183.646
5596,1.508,55.93409480,37.38162630,0,
5597,1.508,55.93409410,37.38162500,0,183.653
5598,1.508,55.93409410,37.38162500,0,
5599,1.508,55.93409340,37.38162360,0,183.645
5600,1.508,55.93409270,37.38162220,0,
5601,1.5184,55.93409270,37.38162220,0,183.649
5602,1.508,55.93409200,37.38162090,0,
5603,1.4976,55.93409200,37.38162090,0,183.644
5604,1.5184,55.93409120,37.38161950,0,
5605,1.508,55.93409120,37.38161950,0,183.659
5606,1.508,55.93409050,37.38161820,0,
5607,1.508,55.93409050,37.38161820,0,183.652
5608,1.508,55.93408980,37.38161690,0,
5609,1.508,55.93408980,37.38161690,0,183.649
5610,1.4976,55.93408910,37.38161550,0,
5611,1.4976,55.93408910,37.38161550,0,183.652
5612,1.4976,55.93408840,37.38161410,0,
5613,1.4976,55.93408770,37.38161270,0,183.649
5614,1.508,55.93408770,37.38161270,0,
5615,1.508,55.93408700,37.38161140,0,183.649
5616,1.508,55.93408700,37.38161140,0,183.642
5617,1.508,55.93408620,37.38161000,0,
5618,1.508,55.93408620,37.38161000,0,183.652
5619,1.4976,55.93408550,37.38160860,0,
5620,1.508,55.93408550,37.38160860,0,183.647
5621,1.508,55.93408480,37.38160720,0,
5622,1.508,55.93408480,37.38160720,0,183.651
5623,1.508,55.93408420,37.38160580,0,
5624,1.5184,55.93408420,37.38160580,0,183.650
5625,1.508,55.93408340,37.38160440,0,
5626,1.508,55.93408340,37.38160440,0,183.650
5627,1.4976,55.93408280,37.38160310,0,
5628,1.4976,55.93408220,37.38160170,0,183.650
5629,1.4768,55.93408220,37.38160170,0,
5630,1.4768,55.93408160,37.38160000,0,183.638
5631,1.4872,55.93408160,37.38160000,0,
5632,1.4352,55.93408100,37.38159820,0,183.635
5633,1.4768,55.93408100,37.38159820,0,
5634,1.4872,55.93408050,37.38159610,0,183.648
5635,1.4872,55.93408050,37.38159610,0,
5636,1.4976,55.93408000,37.38159400,0,183.644
5637,1.4768,55.93408000,37.38159400,0,
5638,1.4664,55.93407960,37.38159170,0,183.639
5639,1.4664,55.93407960,37.38159170,0,
5640,1.4664,55.93407920,37.38158950,0,183.643
5641,1.4872,55.93407920,37.38158950,0,183.643
5642,1.4976,55.93407900,37.38158720,0,
5643,1.508,55.93407900,37.38158720,0,183.647
5644,1.4976,55.93407880,37.38158470,0,
5645,1.4768,55.93407880,37.38158230,0,183.646
5646,1.4768,55.93407880,37.38158230,0,
5647,1.4872,55.93407890,37.38157980,0,183.642
5648,1.4872,55.93407890,37.38157980,0,
5649,1.4872,55.93407900,37.38157740,0,183.643
5650,1.4976,55.93407900,37.38157740,0,
5651,1.4872,55.93407930,37.38157490,0,183.644
5652,1.4768,55.93407930,37.38157490,0,
5653,1.4664,55.93407960,37.38157260,0,183.646
5654,1.4768,55.93407960,37.38157260,0,
5655,1.4768,55.93408000,37.38157020,0,183.638
5656,1.4768,55.93408050,37.38156800,0,
5657,1.4664,55.93408050,37.38156800,0,183.638
5658,1.456,55.93408100,37.38156580,0,
5659,1.4768,55.93408100,37.38156580,0,183.647
5660,1.4768,55.93408160,37.38156370,0,
5661,1.4768,55.93408160,37.38156370,0,183.641
5662,1.4768,55.93408220,37.38156160,0,
5663,1.4664,55.93408220,37.38156160,0,183.641
5664,1.456,55.93408290,37.38155970,0,
5665,1.456,55.93408290,37.38155970,0,183.647
5666,1.456,55.93408360,37.38155790,0,183.646
5667,1.4352,55.93408360,37.38155790,0,
5668,1.4456,55.93408440,37.38155610,0,
5669,1.4456,55.93408440,37.38155610,0,183.637
5670,1.4768,55.93408510,37.38155440,0,183.641
5671,1.4976,55.93408590,37.38155280,0,
5672,1.4768,55.93408590,37.38155280,0,183.643
5673,1.4872,55.93408660,37.38155140,0,
5674,1.4768,55.93408660,37.38155140,0,183.645
5675,1.4768,55.93408740,37.38155000,0,
5676,1.4768,55.93408740,37.38155000,0,183.644
5677,1.4768,55.93408820,37.38154880,0,
5678,1.4768,55.93408820,37.38154880,0,183.642
5679,1.4768,55.93408900,37.38154760,0,
5680,1.4768,55.93408900,37.38154760,0,183.650
5681,1.4768,55.93408970,37.38154650,0,
5682,1.4768,55.93408970,37.38154650,0,183.650
5683,1.4768,55.93409040,37.38154550,0,
5684,1.4768,55.93409040,37.38154550,0,183.643
5685,1.4768,55.93409110,37.38154460,0,
5686,1.4872,55.93409180,37.38154380,0,183.640
5687,1.4456,55.93409180,37.38154380,0,
5688,1.4768,55.93409250,37.38154290,0,183.651
5689,1.4768,55.93409250,37.38154290,0,
5690,1.4768,55.93409310,37.38154220,0,183.650
5691,1.4768,55.93409310,37.38154220,0,183.648
5692,1.4664,55.93409380,37.38154150,0,
5693,1.4664,55.93409380,37.38154150,0,
5694,1.456,55.93409430,37.38154080,0,183.654
5695,1.456,55.93409430,37.38154080,0,183.653
5696,1.456,55.93409490,37.38154010,0,
5697,1.4664,55.93409490,37.38154010,0,183.651
5698,1.4872,55.93409550,37.38153960,0,
5699,1.4768,55.93409600,37.38153910,0,183.640
5700,1.4768,55.93409600,37.38153910,0,
5701,1.4664,55.93409660,37.38153840,0,183.656
5702,1.4664,55.93409660,37.38153840,0,
5703,1.4664,55.93409710,37.38153800,0,183.657
5704,1.4664,55.93409710,37.38153800,0,
5705,1.4664,55.93409760,37.38153760,0,183.643
5706,1.456,55.93409760,37.38153760,0,
5707,1.4664,55.93409810,37.38153700,0,183.641
5708,1.4456,55.93409810,37.38153700,0,
5709,1.456,55.93409870,37.38153650,0,183.653
5710,1.4768,55.93409870,37.38153650,0,
5711,1.4768,55.93409930,37.38153600,0,183.648
5712,1.4768,55.93409930,37.38153600,0,
5713,1.4768,55.93410000,37.38153540,0,183.648
5714,1.4768,55.93410070,37.38153480,0,
5715,1.4768,55.93410070,37.38153480,0,183.646
5716,1.4872,55.93410140,37.38153420,0,
5717,1.4872,55.93410140,37.38153420,0,183.646
5718,1.4768,55.93410210,37.38153350,0,183.642
5719,1.4768,55.93410210,37.38153350,0,
5720,1.4768,55.93410290,37.38153290,0,183.647
5721,1.4768,55.93410290,37.38153290,0,
5722,1.4872,55.93410370,37.38153220,0,183.645
5723,1.4872,55.93410370,37.38153220,0,
5724,1.4872,55.93410450,37.38153160,0,183.639
5725,1.4768,55.93410450,37.38153160,0,
5726,1.4768,55.93410530,37.38153090,0,183.646
5727,1.4768,55.93410530,37.38153090,0,
5728,1.4872,55.93410610,37.38153030,0,183.641
5729,1.4768,55.93410700,37.38152960,0,
5730,1.4768,55.93410700,37.38152960,0,183.641
5731,1.4664,55.93410780,37.38152890,0,
5732,1.4768,55.93410780,37.38152890,0,183.645
5733,1.456,55.93410870,37.38152820,0,
5734,1.456,55.93410870,37.38152820,0,183.646
5735,1.456,55.93410960,37.38152750,0,
5736,1.456,55.93410960,37.38152750,0,183.643
5737,1.456,55.93411040,37.38152670,0,
5738,1.4664,55.93411040,37.38152670,0,183.642
5739,1.4768,55.93411130,37.38152590,0,
5740,1.4664,55.93411130,37.38152590,0,183.646
5741,1.4768,55.93411210,37.38152520,0,
5742,1.4768,55.93411300,37.38152440,0,183.643
5743,1.4768,55.93411300,37.38152440,0,
5744,1.4872,55.93411390,37.38152360,0,183.643
5745,1.4768,55.93411390,37.38152360,0,183.643
5746,1.4768,55.93411480,37.38152280,0,
5747,1.4768,55.93411480,37.38152280,0,
5748,1.4768,55.93411560,37.38152200,0,183.648
5749,1.4872,55.93411560,37.38152200,0,183.650
5750,1.4872,55.93411650,37.38152130,0,
5751,1.4872,55.93411650,37.38152130,0,183.652
5752,1.4768,55.93411730,37.38152050,0,
5753,1.4768,55.93411730,37.38152050,0,183.652
5754,1.4768,55.93411820,37.38151970,0,
5755,1.4768,55.93411820,37.38151970,0,183.651
5756,1.4768,55.93411910,37.38151880,0,
5757,1.4768,55.93411910,37.38151880,0,183.648
5758,1.4768,55.93411990,37.38151810,0,
5759,1.4768,55.93412070,37.38151730,0,183.652
5760,1.4872,55.93412070,37.38151730,0,
5761,1.4768,55.93412150,37.38151650,0,183.654
5762,1.4768,55.93412150,37.38151650,0,
5763,1.4768,55.93412240,37.38151590,0,183.642
5764,1.4768,55.93412240,37.38151590,0,
5765,1.4768,55.93412330,37.38151530,0,183.642
5766,1.4768,55.93412330,37.38151530,0,
5767,1.4768,55.93412430,37.38151480,0,183.647
5768,1.4768,55.93412430,37.38151480,0,
5769,1.4768,55.93412520,37.38151440,0,183.647
5770,1.4768,55.93412520,37.38151440,0,183.644
5771,1.4768,55.93412610,37.38151420,0,
5772,1.4768,55.93412610,37.38151420,0,183.642
5773,1.4768,55.93412700,37.38151390,0,
5774,1.4768,55.93412790,37.38151370,0,183.652
5775,1.4768,55.93412790,37.38151370,0,
5776,1.4768,55.93412870,37.38151370,0,183.647
5777,1.4768,55.93412870,37.38151370,0,
5778,1.4768,55.93412950,37.38151370,0,183.652
5779,1.4768,55.93412950,37.38151370,0,
5780,1.4768,55.93413030,37.38151380,0,183.650
5781,1.4768,55.93413030,37.38151380,0,
5782,1.4768,55.93413100,37.38151400,0,183.648
5783,1.4768,55.93413100,37.38151400,0,
5784,1.4768,55.93413160,37.38151420,0,183.655
5785,1.4768,55.93413160,37.38151420,0,
5786,1.4768,55.93413230,37.38151450,0,183.646
5787,1.4768,55.93413280,37.38151480,0,
5788,1.4768,55.93413280,37.38151480,0,183.648
5789,1.4768,55.93413340,37.38151510,0,
5790,1.4768,55.93413340,37.38151510,0,183.648
5791,1.4768,55.93413390,37.38151550,0,
5792,1.4768,55.93413390,37.38151550,0,183.648
5793,1.4768,55.93413440,37.38151590,0,
5794,1.4664,55.93413440,37.38151590,0,183.650
5795,1.4664,55.93413490,37.38151630,0,
5796,1.4664,55.93413490,37.38151630,0,183.647
5797,1.4664,55.93413530,37.38151680,0,183.652
5798,1.4664,55.93413530,37.38151680,0,
5799,1.4664,55.93413570,37.38151720,0,183.649
5800,1.4768,55.93413570,37.38151720,0,
5801,1.4664,55.93413610,37.38151760,0,183.649
5802,1.4768,55.93413650,37.38151810,0,
5803,1.4768,55.93413650,37.38151810,0,183.650
5804,1.4768,55.93413680,37.38151860,0,
5805,1.4768,55.93413680,37.38151860,0,183.654
5806,1.4768,55.93413720,37.38151910,0,
5807,1.4768,55.93413720,37.38151910,0,183.654
5808,1.4768,55.93413750,37.38151950,0,
5809,1.4768,55.93413750,37.38151950,0,183.656
5810,1.4768,55.93413780,37.38152000,0,
5811,1.4768,55.93413780,37.38152000,0,183.654
5812,1.4768,55.93413810,37.38152050,0,
5813,1.4872,55.93413810,37.38152050,0,183.648
5814,1.4768,55.93413850,37.38152110,0,
5815,1.4872,55.93413890,37.38152170,0,183.643
5816,1.4872,55.93413890,37.38152170,0,
5817,1.4872,55.93413930,37.38152240,0,183.657
5818,1.4872,55.93413930,37.38152240,0,
5819,1.4872,55.93413980,37.38152310,0,183.656
5820,1.4768,55.93413980,37.38152310,0,
5821,1.4872,55.93414040,37.38152400,0,183.654
5822,1.4768,55.93414040,37.38152400,0,
5823,1.4872,55.93414100,37.38152490,0,183.655
5824,1.4872,55.93414100,37.38152490,0,
5825,1.4768,55.93414160,37.38152590,0,183.651
5826,1.4768,55.93414160,37.38152590,0,183.649
5827,1.4456,55.93414220,37.38152690,0,
5828,1.4456,55.93414220,37.38152690,0,183.651
5829,1.4456,55.93414290,37.38152790,0,
5830,1.4456,55.93414350,37.38152900,0,183.653
5831,1.4456,55.93414350,37.38152900,0,
5832,1.4664,55.93414420,37.38153010,0,183.646
5833,1.4768,55.93414420,37.38153010,0,
5834,1.4768,55.93414490,37.38153120,0,183.652
5835,1.4768,55.93414490,37.38153120,0,
5836,1.4768,55.93414560,37.38153240,0,183.652
5837,1.4768,55.93414560,37.38153240,0,
5838,1.4768,55.93414630,37.38153350,0,183.652
5839,1.4768,55.93414630,37.38153350,0,
5840,1.4768,55.93414710,37.38153470,0,183.654
5841,1.4768,55.93414710,37.38153470,0,
5842,1.4768,55.93414780,37.38153580,0,183.652
5843,1.4768,55.93414850,37.38153700,0,
5844,1.4768,55.93414850,37.38153700,0,183.658
5845,1.4664,55.93414930,37.38153820,0,
5846,1.4768,55.93414930,37.38153820,0,183.662
5847,1.4768,55.93415000,37.38153940,0,
5848,1.4768,55.93415000,37.38153940,0,183.657
5849,1.4768,55.93415070,37.38154060,0,183.668
5850,1.4664,55.93415070,37.38154060,0,
5851,1.4664,55.93415150,37.38154180,0,183.654
5852,1.456,55.93415150,37.38154180,0,
5853,1.456,55.93415220,37.38154300,0,183.649
5854,1.456,55.93415220,37.38154300,0,
5855,1.4664,55.93415290,37.38154420,0,183.648
5856,1.4768,55.93415290,37.38154420,0,
5857,1.4664,55.93415370,37.38154540,0,183.652
5858,1.4768,55.93415370,37.38154540,0,
5859,1.4768,55.93415440,37.38154660,0,183.657
5860,1.4768,55.93415510,37.38154780,0,
5861,1.4768,55.93415510,37.38154780,0,183.655
5862,1.4768,55.93415580,37.38154900,0,
5863,1.4664,55.93415580,37.38154900,0,183.654
5864,1.4768,55.93415660,37.38155020,0,
5865,1.4768,55.93415660,37.38155020,0,183.656
5866,1.4768,55.93415730,37.38155140,0,
5867,1.4768,55.93415730,37.38155140,0,183.656
5868,1.4768,55.93415800,37.38155270,0,
5869,1.4664,55.93415800,37.38155270,0,183.652
5870,1.4664,55.93415870,37.38155390,0,
5871,1.4768,55.93415870,37.38155390,0,183.656
5872,1.4768,55.93415940,37.38155510,0,
5873,1.4768,55.93416010,37.38155630,0,183.653
5874,1.4768,55.93416010,37.38155630,0,
5875,1.4664,55.93416080,37.38155750,0,183.652
5876,1.4768,55.93416080,37.38155750,0,
5877,1.4768,55.93416150,37.38155880,0,183.653
5878,1.4664,55.93416150,37.38155880,0,183.653
5879,1.4664,55.93416220,37.38156000,0,
5880,1.456,55.93416220,37.38156000,0,183.650
5881,1.456,55.93416290,37.38156120,0,
5882,1.456,55.93416290,37.38156120,0,183.654
5883,1.456,55.93416360,37.38156240,0,
5884,1.4664,55.93416360,37.38156240,0,183.653
5885,1.4768,55.93416430,37.38156370,0,
5886,1.4768,55.93416430,37.38156370,0,183.651
5887,1.4768,55.93416500,37.38156490,0,
5888,1.4664,55.93416570,37.38156620,0,183.658
5889,1.4352,55.93416570,37.38156620,0,
5890,1.4664,55.93416640,37.38156740,0,183.649
5891,1.4456,55.93416640,37.38156740,0,
5892,1.456,55.93416700,37.38156860,0,183.654
5893,1.4352,55.93416700,37.38156860,0,
5894,1.4352,55.93416770,37.38156990,0,183.652
5895,1.4352,55.93416770,37.38156990,0,
5896,1.4352,55.93416840,37.38157110,0,183.649
5897,1.4248,55.93416840,37.38157110,0,
5898,1.4664,55.93416910,37.38157240,0,183.649
5899,1.4664,55.93416910,37.38157240,0,
5900,1.4768,55.93416980,37.38157360,0,183.655
5901,1.4664,55.93416980,37.38157360,0,
5902,1.4664,55.93417050,37.38157490,0,183.646
5903,1.4664,55.93417120,37.38157610,0,183.643
5904,1.4664,55.93417120,37.38157610,0,
5905,1.4664,55.93417190,37.38157740,0,183.649
5906,1.4768,55.93417190,37.38157740,0,
5907,1.4768,55.93417260,37.38157860,0,183.640
5908,1.4768,55.93417260,37.38157860,0,
5909,1.4768,55.93417330,37.38157990,0,183.652
5910,1.4768,55.93417330,37.38157990,0,
5911,1.4768,55.93417390,37.38158110,0,183.643
5912,1.4768,55.93417390,37.38158110,0,
5913,1.4664,55.93417460,37.38158230,0,183.643
5914,1.4768,55.93417460,37.38158230,0,
5915,1.4768,55.93417530,37.38158360,0,183.645
5916,1.4768,55.93417600,37.38158490,0,
5917,1.4664,55.93417600,37.38158490,0,183.648
5918,1.4664,55.93417670,37.38158620,0,
5919,1.4768,55.93417670,37.38158620,0,183.647
5920,1.4768,55.93417730,37.38158750,0,
5921,1.4664,55.93417730,37.38158750,0,183.650
5922,1.4768,55.93417800,37.38158880,0,
5923,1.4768,55.93417800,37.38158880,0,183.653
5924,1.4768,55.93417870,37.38159000,0,
5925,1.4768,55.93417870,37.38159000,0,183.654
5926,1.4664,55.93417930,37.38159130,0,
5927,1.4768,55.93417930,37.38159130,0,183.653
5928,1.4664,55.93418000,37.38159260,0,183.654
5929,1.4768,55.93418000,37.38159260,0,
5930,1.4664,55.93418070,37.38159400,0,
5931,1.4768,55.93418140,37.38159520,0,183.656
5932,1.4664,55.93418140,37.38159520,0,183.657
5933,1.4768,55.93418200,37.38159650,0,
5934,1.4664,55.93418200,37.38159650,0,183.650
5935,1.4664,55.93418270,37.38159780,0,
5936,1.4664,55.93418270,37.38159780,0,183.651
5937,1.4664,55.93418340,37.38159910,0,
5938,1.4664,55.93418340,37.38159910,0,183.658
5939,1.4664,55.93418400,37.38160040,0,
5940,1.4664,55.93418400,37.38160040,0,183.649
5941,1.4664,55.93418470,37.38160170,0,
5942,1.4664,55.93418470,37.38160170,0,183.653
5943,1.4664,55.93418530,37.38160290,0,
5944,1.456,55.93418530,37.38160290,0,183.649
5945,1.456,55.93418600,37.38160430,0,
5946,1.456,55.93418600,37.38160430,0,183.652
5947,1.456,55.93418660,37.38160560,0,
5948,1.456,55.93418730,37.38160690,0,183.652
5949,1.456,55.93418730,37.38160690,0,
5950,1.456,55.93418800,37.38160820,0,183.656
5951,1.4456,55.93418800,37.38160820,0,
5952,1.4352,55.93418860,37.38160950,0,183.654
5953,1.4456,55.93418860,37.38160950,0,
5954,1.456,55.93418930,37.38161080,0,183.652
5955,1.456,55.93418930,37.38161080,0,
5956,1.456,55.93418990,37.38161220,0,183.652
5957,1.456,55.93418990,37.38161220,0,183.652
5958,1.456,55.93419050,37.38161340,0,
5959,1.4664,55.93419050,37.38161340,0,183.650
5960,1.456,55.93419120,37.38161480,0,
5961,1.456,55.93419180,37.38161610,0,183.653
5962,1.456,55.93419180,37.38161610,0,
5963,1.456,55.93419250,37.38161750,0,183.653
5964,1.456,55.93419250,37.38161750,0,
5965,1.456,55.93419310,37.38161880,0,183.648
5966,1.456,55.93419310,37.38161880,0,
5967,1.456,55.93419380,37.38162010,0,183.649
5968,1.456,55.93419380,37.38162010,0,
5969,1.4456,55.93419440,37.38162140,0,183.651
5970,1.4352,55.93419440,37.38162140,0,
5971,1.4456,55.93419500,37.38162270,0,183.656
5972,1.4456,55.93419500,37.38162270,0,
5973,1.4456,55.93419570,37.38162410,0,183.657
5974,1.4352,55.93419630,37.38162540,0,
5975,1.4352,55.93419630,37.38162540,0,183.659
5976,1.4352,55.93419700,37.38162670,0,
5977,1.4456,55.93419700,37.38162670,0,183.657
5978,1.4456,55.93419760,37.38162810,0,
5979,1.4456,55.93419760,37.38162810,0,183.660
5980,1.4456,55.93419830,37.38162940,0,
5981,1.4456,55.93419830,37.38162940,0,183.661
5982,1.4456,55.93419890,37.38163080,0,183.661
5983,1.4456,55.93419890,37.38163080,0,
5984,1.4456,55.93419960,37.38163220,0,183.658
5985,1.4456,55.93419960,37.38163220,0,
5986,1.4352,55.93420020,37.38163350,0,183.657
5987,1.4456,55.93420020,37.38163350,0,
5988,1.4456,55.93420080,37.38163480,0,183.650
5989,1.4456,55.93420150,37.38163620,0,
5990,1.4456,55.93420150,37.38163620,0,183.652
5991,1.4456,55.93420210,37.38163750,0,
5992,1.4456,55.93420210,37.38163750,0,183.653
5993,1.4456,55.93420270,37.38163890,0,
5994,1.4456,55.93420270,37.38163890,0,183.656
5995,1.456,55.93420340,37.38164020,0,
5996,1.456,55.93420340,37.38164020,0,183.650
5997,1.456,55.93420400,37.38164150,0,
5998,1.456,55.93420400,37.38164150,0,183.641
5999,1.456,55.93420460,37.38164290,0,
6000,1.456,55.93420460,37.38164290,0,183.646
6001,1.456,55.93420530,37.38164420,0,
6002,1.456,55.93420530,37.38164420,0,183.641
6003,1.456,55.93420590,37.38164560,0,
6004,1.456,55.93420590,37.38164560,0,183.643
6005,1.456,55.93420650,37.38164700,0,
6006,1.456,55.93420720,37.38164830,0,183.637
6007,1.456,55.93420720,37.38164830,0,
6008,1.456,55.93420780,37.38164970,0,183.652
6009,1.4456,55.93420780,37.38164970,0,
6010,1.456,55.93420850,37.38165110,0,183.650
6011,1.456,55.93420850,37.38165110,0,183.656
6012,1.456,55.93420910,37.38165240,0,
6013,1.4456,55.93420910,37.38165240,0,183.651
6014,1.4352,55.93420980,37.38165380,0,
6015,1.4352,55.93420980,37.38165380,0,183.646
6016,1.4352,55.93421040,37.38165510,0,
6017,1.4456,55.93421100,37.38165640,0,183.646
6018,1.4456,55.93421100,37.38165640,0,
6019,1.456,55.93421170,37.38165780,0,183.647
6020,1.456,55.93421170,37.38165780,0,
6021,1.456,55.93421230,37.38165910,0,183.651
6022,1.4456,55.93421230,37.38165910,0,
6023,1.4352,55.93421300,37.38166050,0,183.644
6024,1.4248,55.93421300,37.38166050,0,
6025,1.4664,55.93421360,37.38166180,0,183.652
6026,1.4456,55.93421360,37.38166180,0,
6027,1.456,55.93421430,37.38166320,0,183.637
6028,1.456,55.93421430,37.38166320,0,
6029,1.456,55.93421490,37.38166450,0,183.645
6030,1.456,55.93421490,37.38166450,0,
6031,1.456,55.93421550,37.38166590,0,183.647
6032,1.456,55.93421550,37.38166590,0,
6033,1.456,55.93421620,37.38166730,0,183.644
6034,1.456,55.93421680,37.38166860,0,183.642
6035,1.456,55.93421680,37.38166860,0,
6036,1.4664,55.93421750,37.38167000,0,183.647
6037,1.4664,55.93421750,37.38167000,0,
6038,1.4664,55.93421810,37.38167140,0,183.648
6039,1.4664,55.93421810,37.38167140,0,
6040,1.4664,55.93421880,37.38167270,0,183.647
6041,1.4664,55.93421880,37.38167270,0,
6042,1.456,55.93421940,37.38167400,0,183.651
6043,1.456,55.93421940,37.38167400,0,
6044,1.4456,55.93422010,37.38167540,0,183.644
6045,1.4456,55.93422010,37.38167540,0,
6046,1.4352,55.93422070,37.38167670,0,183.642
6047,1.4352,55.93422140,37.38167810,0,
6048,1.4352,55.93422140,37.38167810,0,183.643
6049,1.4352,55.93422200,37.38167940,0,
6050,1.4352,55.93422200,37.38167940,0,183.640
6051,1.4352,55.93422260,37.38168070,0,
6052,1.4352,55.93422260,37.38168070,0,183.641
6053,1.4352,55.93422330,37.38168210,0,
6054,1.4352,55.93422330,37.38168210,0,183.643
6055,1.4352,55.93422390,37.38168340,0,
6056,1.4352,55.93422390,37.38168340,0,183.650
6057,1.4352,55.93422460,37.38168480,0,
6058,1.4352,55.93422460,37.38168480,0,183.641
6059,1.4456,55.93422520,37.38168610,0,
6060,1.4456,55.93422520,37.38168610,0,183.646
6061,1.4456,55.93422590,37.38168750,0,183.646
6062,1.4456,55.93422660,37.38168880,0,
6063,1.4456,55.93422660,37.38168880,0,183.639
6064,1.456,55.93422720,37.38169010,0,
6065,1.456,55.93422720,37.38169010,0,183.651
6066,1.456,55.93422790,37.38169140,0,
6067,1.456,55.93422790,37.38169140,0,183.646
6068,1.4456,55.93422850,37.38169280,0,
6069,1.4456,55.93422850,37.38169280,0,183.648
6070,1.456,55.93422920,37.38169410,0,
6071,1.4456,55.93422920,37.38169410,0,183.650
6072,1.4456,55.93422980,37.38169540,0,
6073,1.4352,55.93422980,37.38169540,0,183.651
6074,1.4352,55.93423050,37.38169670,0,
6075,1.4248,55.93423050,37.38169670,0,183.648
6076,1.4352,55.93423110,37.38169800,0,
6077,1.4352,55.93423180,37.38169940,0,183.654
6078,1.4352,55.93423180,37.38169940,0,
6079,1.4352,55.93423240,37.38170060,0,183.650
6080,1.4352,55.93423240,37.38170060,0,
6081,1.4352,55.93423310,37.38170190,0,183.649
6082,1.4456,55.93423310,37.38170190,0,
6083,1.4456,55.93423380,37.38170330,0,183.647
6084,1.456,55.93423380,37.38170330,0,
6085,1.4456,55.93423440,37.38170450,0,183.640
6086,1.456,55.93423440,37.38170450,0,
6087,1.456,55.93423510,37.38170590,0,183.649
6088,1.4456,55.93423510,37.38170590,0,183.642
6089,1.4352,55.93423580,37.38170710,0,
6090,1.4352,55.93423580,37.38170710,0,183.657
6091,1.4248,55.93423640,37.38170840,0,
6092,1.4248,55.93423700,37.38170950,0,183.647
6093,1.4248,55.93423700,37.38170950,0,
6094,1.4248,55.93423760,37.38171070,0,183.647
6095,1.4248,55.93423760,37.38171070,0,
6096,1.4248,55.93423820,37.38171170,0,183.649
6097,1.4248,55.93423820,37.38171170,0,
6098,1.4144,55.93423870,37.38171270,0,183.649
6099,1.4248,55.93423870,37.38171270,0,
6100,1.4248,55.93423920,37.38171370,0,183.642
6101,1.4248,55.93423920,37.38171370,0,
6102,1.404,55.93423980,37.38171470,0,183.653
6103,1.404,55.93424030,37.38171560,0,
6104,1.4144,55.93424030,37.38171560,0,183.646
6105,1.4144,55.93424070,37.38171650,0,
6106,1.4248,55.93424070,37.38171650,0,183.647
6107,1.4248,55.93424120,37.38171740,0,
6108,1.4248,55.93424120,37.38171740,0,183.654
6109,1.4144,55.93424170,37.38171820,0,
6110,1.4248,55.93424170,37.38171820,0,183.639
6111,1.4248,55.93424210,37.38171900,0,
6112,1.4248,55.93424210,37.38171900,0,183.646
6113,1.4248,55.93424250,37.38171980,0,183.654
6114,1.4144,55.93424250,37.38171980,0,
6115,1.4144,55.93424290,37.38172060,0,183.642
6116,1.404,55.93424290,37.38172060,0,
6117,1.404,55.93424330,37.38172140,0,183.643
6118,1.404,55.93424370,37.38172210,0,
6119,1.404,55.93424370,37.38172210,0,183.648
6120,1.4144,55.93424410,37.38172290,0,
6121,1.4144,55.93424410,37.38172290,0,183.643
6122,1.4144,55.93424450,37.38172370,0,
6123,1.404,55.93424450,37.38172370,0,183.642
6124,1.404,55.93424490,37.38172440,0,
6125,1.4144,55.93424490,37.38172440,0,183.649
6126,1.4144,55.93424520,37.38172500,0,
6127,1.4144,55.93424520,37.38172500,0,183.637
6128,1.4144,55.93424560,37.38172570,0,
6129,1.404,55.93424560,37.38172570,0,183.642
6130,1.4144,55.93424590,37.38172640,0,
6131,1.404,55.93424590,37.38172640,0,183.647
6132,1.404,55.93424630,37.38172710,0,
6133,1.404,55.93424630,37.38172710,0,183.638
6134,1.404,55.93424660,37.38172770,0,
6135,1.404,55.93424690,37.38172840,0,183.638
6136,1.404,55.93424690,37.38172840,0,
6137,1.4144,55.93424720,37.38172900,0,183.643
6138,1.404,55.93424720,37.38172900,0,183.646
6139,1.4144,55.93424750,37.38172960,0,
6140,1.404,55.93424750,37.38172960,0,183.639
6141,1.4144,55.93424780,37.38173030,0,
6142,1.404,55.93424780,37.38173030,0,
6143,1.4144,55.93424810,37.38173090,0,183.648
6144,1.4144,55.93424810,37.38173090,0,183.644
6145,1.4144,55.93424850,37.38173150,0,
6146,1.4144,55.93424850,37.38173150,0,183.648
6147,1.4144,55.93424880,37.38173210,0,
6148,1.404,55.93424900,37.38173270,0,183.650
6149,1.404,55.93424900,37.38173270,0,
6150,1.404,55.93424940,37.38173320,0,183.652
6151,1.4144,55.93424940,37.38173320,0,
6152,1.404,55.93424970,37.38173380,0,183.640
6153,1.404,55.93424970,37.38173380,0,
6154,1.4144,55.93424990,37.38173440,0,183.645
6155,1.404,55.93424990,37.38173440,0,
6156,1.4144,55.93425030,37.38173490,0,183.645
6157,1.404,55.93425030,37.38173490,0,
6158,1.4144,55.93425050,37.38173540,0,183.643
6159,1.4144,55.93425080,37.38173600,0,
6160,1.4144,55.93425080,37.38173600,0,183.645
6161,1.404,55.93425110,37.38173650,0,
6162,1.4144,55.93425110,37.38173650,0,183.646
6163,1.4144,55.93425130,37.38173700,0,183.647
6164,1.4144,55.93425130,37.38173700,0,
6165,1.4144,55.93425160,37.38173760,0,183.648
6166,1.4144,55.93425160,37.38173760,0,
6167,1.4144,55.93425180,37.38173810,0,183.644
6168,1.4144,55.93425180,37.38173810,0,
6169,1.404,55.93425210,37.38173860,0,183.648
6170,1.404,55.93425210,37.38173860,0,
6171,1.404,55.93425230,37.38173910,0,183.642
6172,1.404,55.93425230,37.38173910,0,
6173,1.404,55.93425250,37.38173960,0,183.648
6174,1.404,55.93425250,37.38173960,0,
6175,1.404,55.93425280,37.38174000,0,183.650
6176,1.404,55.93425310,37.38174050,0,
6177,1.4144,55.93425310,37.38174050,0,183.646
6178,1.404,55.93425330,37.38174100,0,
6179,1.4144,55.93425330,37.38174100,0,183.647
6180,1.404,55.93425350,37.38174140,0,
6181,1.4144,55.93425350,37.38174140,0,183.647
6182,1.4144,55.93425380,37.38174190,0,
6183,1.404,55.93425380,37.38174190,0,183.645
6184,1.4144,55.93425400,37.38174230,0,
6185,1.404,55.93425400,37.38174230,0,183.644
6186,1.404,55.93425420,37.38174280,0,
6187,1.404,55.93425420,37.38174280,0,183.648
6188,1.404,55.93425440,37.38174320,0,
6189,1.404,55.93425440,37.38174320,0,183.645
6190,1.404,55.93425470,37.38174370,0,
6191,1.404,55.93425490,37.38174410,0,183.654
6192,1.404,55.93425490,37.38174410,0,183.653
6193,1.404,55.93425510,37.38174450,0,
6194,1.404,55.93425510,37.38174450,0,183.651
6195,1.404,55.93425530,37.38174490,0,
6196,1.404,55.93425530,37.38174490,0,183.650
6197,1.404,55.93425550,37.38174530,0,
6198,1.404,55.93425550,37.38174530,0,183.649
6199,1.404,55.93425570,37.38174580,0,
6200,1.404,55.93425570,37.38174580,0,183.646
6201,1.404,55.93425590,37.38174620,0,
6202,1.404,55.93425590,37.38174620,0,183.645
6203,1.404,55.93425610,37.38174660,0,
6204,1.404,55.93425630,37.38174700,0,183.645
6205,1.404,55.93425630,37.38174700,0,
6206,1.3936,55.93425650,37.38174740,0,183.642
6207,1.3936,55.93425650,37.38174740,0,
6208,1.404,55.93425670,37.38174780,0,183.645
6209,1.3936,55.93425670,37.38174780,0,
6210,1.3936,55.93425690,37.38174820,0,183.647
6211,1.3936,55.93425690,37.38174820,0,
6212,1.404,55.93425710,37.38174860,0,183.645
6213,1.404,55.93425710,37.38174860,0,
6214,1.404,55.93425730,37.38174900,0,183.649
6215,1.404,55.93425730,37.38174900,0,
6216,1.404,55.93425750,37.38174940,0,183.644
6217,1.404,55.93425750,37.38174940,0,183.641
6218,1.404,55.93425770,37.38174970,0,
6219,1.404,55.93425770,37.38174970,0,
6220,1.404,55.93425780,37.38175010,0,183.642
6221,1.404,55.93425780,37.38175010,0,183.644
6222,1.404,55.93425800,37.38175050,0,
6223,1.404,55.93425820,37.38175080,0,
6224,1.3936,55.93425820,37.38175080,0,183.642
6225,1.3936,55.93425840,37.38175120,0,183.645
6226,1.3936,55.93425840,37.38175120,0,
6227,1.3936,55.93425850,37.38175150,0,183.644
6228,1.3936,55.93425850,37.38175150,0,
6229,1.3936,55.93425870,37.38175190,0,183.648
6230,1.3936,55.93425870,37.38175190,0,
6231,1.3936,55.93425890,37.38175220,0,183.649
6232,1.3936,55.93425890,37.38175220,0,
6233,1.3936,55.93425900,37.38175250,0,183.647
6234,1.3936,55.93425900,37.38175250,0,
6235,1.3936,55.93425920,37.38175280,0,183.649
6236,1.3936,55.93425930,37.38175310,0,
6237,1.404,55.93425930,37.38175310,0,183.647
6238,1.3936,55.93425950,37.38175350,0,
6239,1.404,55.93425950,37.38175350,0,183.649
6240,1.404,55.93425960,37.38175380,0,
6241,1.404,55.93425960,37.38175380,0,183.649
6242,1.3936,55.93425980,37.38175400,0,
6243,1.3936,55.93425980,37.38175400,0,183.645
6244,1.3936,55.93426000,37.38175430,0,
6245,1.404,55.93426000,37.38175430,0,183.641
6246,1.404,55.93426030,37.38175470,0,
6247,1.404,55.93426030,37.38175470,0,183.636
6248,1.3832,55.93426090,37.38175510,0,
6249,1.3832,55.93426090,37.38175510,0,183.639
6250,1.3936,55.93426170,37.38175560,0,183.639
6251,1.404,55.93426170,37.38175560,0,
6252,1.3936,55.93426250,37.38175600,0,
6253,1.3936,55.93426360,37.38175650,0,183.636
6254,1.3936,55.93426360,37.38175650,0,
6255,1.404,55.93426480,37.38175690,0,183.645
6256,1.404,55.93426480,37.38175690,0,183.635
6257,1.404,55.93426620,37.38175710,0,
6258,1.404,55.93426620,37.38175710,0,183.643
6259,1.404,55.93426760,37.38175710,0,
6260,1.404,55.93426760,37.38175710,0,183.642
6261,1.3936,55.93426920,37.38175680,0,
6262,1.404,55.93426920,37.38175680,0,183.638
6263,1.404,55.93427090,37.38175630,0,
6264,1.3936,55.93427090,37.38175630,0,183.638
6265,1.3936,55.93427240,37.38175570,0,
6266,1.404,55.93427400,37.38175510,0,183.645
6267,1.3936,55.93427400,37.38175510,0,
6268,1.3936,55.93427540,37.38175450,0,183.646
6269,1.3936,55.93427540,37.38175450,0,
6270,1.404,55.93427680,37.38175370,0,183.645
6271,1.3936,55.93427680,37.38175370,0,
6272,1.404,55.93427810,37.38175320,0,183.642
6273,1.3936,55.93427810,37.38175320,0,
6274,1.404,55.93427960,37.38175270,0,183.642
6275,1.3936,55.93427960,37.38175270,0,183.645
6276,1.404,55.93428110,37.38175240,0,
6277,1.404,55.93428110,37.38175240,0,
6278,1.404,55.93428270,37.38175220,0,183.644
6279,1.404,55.93428270,37.38175220,0,183.636
6280,1.3936,55.93428420,37.38175230,0,
6281,1.3936,55.93428590,37.38175250,0,183.637
6282,1.3936,55.93428590,37.38175250,0,
6283,1.3936,55.93428760,37.38175310,0,183.642
6284,1.3936,55.93428760,37.38175310,0,
6285,1.3936,55.93428920,37.38175400,0,183.643
6286,1.3936,55.93428920,37.38175400,0,
6287,1.3936,55.93429090,37.38175510,0,183.650
6288,1.3936,55.93429090,37.38175510,0,
6289,1.3936,55.93429250,37.38175650,0,183.650
6290,1.3936,55.93429250,37.38175650,0,
6291,1.3936,55.93429400,37.38175810,0,183.644
6292,1.3936,55.93429400,37.38175810,0,
6293,1.3936,55.93429550,37.38176000,0,183.660
6294,1.3936,55.93429550,37.38176000,0,
6295,1.3936,55.93429680,37.38176200,0,183.657
6296,1.404,55.93429680,37.38176200,0,
6297,1.404,55.93429800,37.38176420,0,183.650
6298,1.404,55.93429920,37.38176650,0,
6299,1.3936,55.93429920,37.38176650,0,183.643
6300,1.3936,55.93430020,37.38176870,0,
6301,1.3832,55.93430020,37.38176870,0,183.650
6302,1.3936,55.93430110,37.38177100,0,
6303,1.3936,55.93430110,37.38177100,0,183.646
6304,1.3936,55.93430200,37.38177340,0,183.648
6305,1.3936,55.93430200,37.38177340,0,
6306,1.3936,55.93430270,37.38177560,0,183.649
6307,1.3832,55.93430270,37.38177560,0,
6308,1.3936,55.93430340,37.38177790,0,183.642
6309,1.3832,55.93430400,37.38177990,0,
6310,1.3728,55.93430400,37.38177990,0,183.651
6311,1.3624,55.93430450,37.38178210,0,
6312,1.3624,55.93430450,37.38178210,0,183.649
6313,1.3728,55.93430490,37.38178400,0,
6314,1.3832,55.93430490,37.38178400,0,183.651
6315,1.3936,55.93430530,37.38178590,0,
6316,1.3936,55.93430530,37.38178590,0,183.647
6317,1.3936,55.93430560,37.38178780,0,
6318,1.3936,55.93430560,37.38178780,0,183.654
6319,1.3936,55.93430590,37.38178950,0,
6320,1.3728,55.93430590,37.38178950,0,183.646
6321,1.3936,55.93430620,37.38179140,0,
6322,1.3936,55.93430620,37.38179140,0,183.641
6323,1.3936,55.93430650,37.38179310,0,
6324,1.3936,55.93430650,37.38179310,0,183.641
6325,1.3832,55.93430680,37.38179490,0,
6326,1.3832,55.93430710,37.38179670,0,183.649
6327,1.3832,55.93430710,37.38179670,0,
6328,1.3832,55.93430730,37.38179850,0,183.645
6329,1.3832,55.93430730,37.38179850,0,183.646
6330,1.3832,55.93430760,37.38180030,0,
6331,1.3936,55.93430760,37.38180030,0,183.639
6332,1.3832,55.93430790,37.38180210,0,
6333,1.3832,55.93430790,37.38180210,0,183.646
6334,1.3832,55.93430820,37.38180380,0,
6335,1.3832,55.93430820,37.38180380,0,183.647
6336,1.3832,55.93430860,37.38180560,0,
6337,1.3832,55.93430860,37.38180560,0,183.652
6338,1.3832,55.93430890,37.38180740,0,
6339,1.3936,55.93430930,37.38180910,0,183.651
6340,1.3832,55.93430930,37.38180910,0,
6341,1.3832,55.93430960,37.38181090,0,183.655
6342,1.3936,55.93430960,37.38181090,0,
6343,1.3832,55.93431000,37.38181260,0,183.652
6344,1.3832,55.93431000,37.38181260,0,
6345,1.3832,55.93431040,37.38181430,0,183.642
6346,1.3832,55.93431040,37.38181430,0,
6347,1.3832,55.93431080,37.38181600,0,183.637
6348,1.3832,55.93431080,37.38181600,0,
6349,1.3728,55.93431120,37.38181770,0,183.638
6350,1.352,55.93431120,37.38181770,0,
6351,1.352,55.93431160,37.38181950,0,183.640
6352,1.352,55.93431160,37.38181950,0,
6353,1.3832,55.93431210,37.38182120,0,183.644
6354,1.3728,55.93431260,37.38182290,0,
6355,1.3832,55.93431260,37.38182290,0,183.648
6356,1.3832,55.93431310,37.38182450,0,
6357,1.3728,55.93431310,37.38182450,0,183.643
6358,1.3832,55.93431360,37.38182610,0,183.652
6359,1.3832,55.93431360,37.38182610,0,
6360,1.3832,55.93431420,37.38182770,0,183.644
6361,1.3728,55.93431420,37.38182770,0,
6362,1.3624,55.93431470,37.38182930,0,183.648
6363,1.3728,55.93431470,37.38182930,0,
6364,1.3728,55.93431530,37.38183090,0,183.640
6365,1.3624,55.93431530,37.38183090,0,
6366,1.3728,55.93431590,37.38183240,0,183.641
6367,1.3624,55.93431590,37.38183240,0,
6368,1.3728,55.93431650,37.38183400,0,183.645
6369,1.3624,55.93431710,37.38183550,0,
6370,1.3624,55.93431710,37.38183550,0,183.643
6371,1.3624,55.93431770,37.38183700,0,
6372,1.3624,55.93431770,37.38183700,0,183.647
6373,1.3624,55.93431830,37.38183850,0,
6374,1.3624,55.93431830,37.38183850,0,183.647
6375,1.3728,55.93431890,37.38184000,0,
6376,1.3728,55.93431890,37.38184000,0,183.644
6377,1.3728,55.93431950,37.38184140,0,
6378,1.3832,55.93431950,37.38184140,0,183.639
6379,1.3832,55.93432020,37.38184280,0,
6380,1.3832,55.93432020,37.38184280,0,183.639
6381,1.3832,55.93432080,37.38184430,0,
6382,1.3728,55.93432150,37.38184580,0,183.641
6383,1.3624,55.93432150,37.38184580,0,
6384,1.3624,55.93432210,37.38184710,0,183.652
6385,1.3624,55.93432210,37.38184710,0,183.639
6386,1.3624,55.93432260,37.38184840,0,
6387,1.3624,55.93432260,37.38184840,0,183.648
6388,1.3624,55.93432310,37.38184970,0,
6389,1.3624,55.93432310,37.38184970,0,183.639
6390,1.3728,55.93432360,37.38185090,0,
6391,1.3624,55.93432360,37.38185090,0,183.648
6392,1.3624,55.93432410,37.38185210,0,
6393,1.3624,55.93432410,37.38185210,0,183.649
6394,1.3624,55.93432460,37.38185320,0,
6395,1.3624,55.93432460,37.38185320,0,183.642
6396,1.3728,55.93432500,37.38185430,0,
6397,1.3624,55.93432540,37.38185530,0,183.645
6398,1.3624,55.93432540,37.38185530,0,
6399,1.3624,55.93432590,37.38185640,0,183.647
6400,1.3624,55.93432590,37.38185640,0,
6401,1.3624,55.93432620,37.38185740,0,183.648
6402,1.3624,55.93432620,37.38185740,0,
6403,1.3624,55.93432660,37.38185830,0,183.641
6404,1.3624,55.93432660,37.38185830,0,
6405,1.3728,55.93432700,37.38185930,0,183.646
6406,1.3728,55.93432700,37.38185930,0,
6407,1.3728,55.93432730,37.38186020,0,183.643
6408,1.3728,55.93432730,37.38186020,0,
6409,1.3832,55.93432770,37.38186100,0,183.643
6410,1.3728,55.93432800,37.38186190,0,183.645
6411,1.3832,55.93432800,37.38186190,0,
6412,1.3728,55.93432840,37.38186280,0,183.645
6413,1.3728,55.93432840,37.38186280,0,
6414,1.3728,55.93432870,37.38186360,0,183.648
6415,1.3728,55.93432870,37.38186360,0,
6416,1.3728,55.93432900,37.38186440,0,183.651
6417,1.3832,55.93432900,37.38186440,0,
6418,1.3728,55.93432930,37.38186520,0,183.643
6419,1.3624,55.93432930,37.38186520,0,
6420,1.3728,55.93432960,37.38186600,0,183.648
6421,1.3728,55.93432960,37.38186600,0,
6422,1.3728,55.93432980,37.38186680,0,183.646
6423,1.3832,55.93432980,37.38186680,0,
6424,1.3832,55.93433010,37.38186750,0,183.650
6425,1.3728,55.93433010,37.38186750,0,
6426,1.3728,55.93433040,37.38186830,0,183.641
6427,1.3832,55.93433070,37.38186940,0,
6428,1.3728,55.93433070,37.38186940,0,183.634
6429,1.3832,55.93433090,37.38187060,0,
6430,1.3832,55.93433090,37.38187060,0,183.656
6431,1.3728,55.93433120,37.38187170,0,
6432,1.3728,55.93433120,37.38187170,0,183.645
6433,1.3832,55.93433160,37.38187290,0,
6434,1.3728,55.93433160,37.38187290,0,183.626
6435,1.3728,55.93433210,37.38187440,0,
6436,1.3728,55.93433210,37.38187440,0,183.626
6437,1.3832,55.93433280,37.38187590,0,183.633
6438,1.3832,55.93433280,37.38187590,0,
6439,1.3832,55.93433340,37.38187730,0,183.637
6440,1.3832,55.93433400,37.38187870,0,
6441,1.3728,55.93433400,37.38187870,0,183.664
6442,1.3728,55.93433460,37.38188010,0,
6443,1.3728,55.93433460,37.38188010,0,183.655
6444,1.3832,55.93433510,37.38188130,0,
6445,1.3728,55.93433510,37.38188130,0,183.663
6446,1.3624,55.93433550,37.38188220,0,
6447,1.3728,55.93433550,37.38188220,0,183.663
6448,1.3624,55.93433570,37.38188290,0,
6449,1.3728,55.93433570,37.38188290,0,183.659
6450,1.3728,55.93433590,37.38188350,0,
6451,1.3832,55.93433590,37.38188350,0,183.662
6452,1.3832,55.93433600,37.38188380,0,
6453,1.3728,55.93433600,37.38188380,0,183.664
6454,1.3728,55.93433590,37.38188380,0,
6455,1.3728,55.93433570,37.38188380,0,183.661
6456,1.3728,55.93433570,37.38188380,0,
6457,1.3728,55.93433570,37.38188380,0,183.656
6458,1.3728,55.93433550,37.38188350,0,
6459,1.3832,55.93433510,37.38188320,0,183.654
6460,1.3728,55.93433510,37.38188320,0,
6461,1.3728,55.93433460,37.38188280,0,183.662
6462,1.3728,55.93433460,37.38188280,0,183.663
6463,1.3728,55.93433400,37.38188230,0,
6464,1.3728,55.93433400,37.38188230,0,183.650
6465,1.3728,55.93433350,37.38188180,0,
6466,1.3624,55.93433350,37.38188180,0,183.657
6467,1.3728,55.93433310,37.38188140,0,
6468,1.3728,55.93433310,37.38188140,0,183.652
6469,1.3728,55.93433270,37.38188110,0,
6470,1.3728,55.93433260,37.38188100,0,183.645
6471,1.3728,55.93433260,37.38188100,0,
6472,1.3728,55.93433270,37.38188120,0,183.652
6473,1.3728,55.93433270,37.38188120,0,
6474,1.3728,55.93433290,37.38188150,0,183.645
6475,1.3728,55.93433290,37.38188150,0,
6476,1.3728,55.93433340,37.38188220,0,183.645
6477,1.3728,55.93433340,37.38188220,0,
6478,1.3728,55.93433400,37.38188300,0,183.648
6479,1.3728,55.93433400,37.38188300,0,
6480,1.3728,55.93433480,37.38188390,0,183.649
6481,1.3624,55.93433480,37.38188390,0,
6482,1.3624,55.93433580,37.38188480,0,183.647
6483,1.3728,55.93433580,37.38188480,0,
6484,1.3728,55.93433700,37.38188570,0,183.649
6485,1.3728,55.93433700,37.38188570,0,
6486,1.3728,55.93433820,37.38188640,0,183.646
6487,1.3832,55.93433980,37.38188700,0,
6488,1.3728,55.93433980,37.38188700,0,183.649
6489,1.3832,55.93434130,37.38188730,0,
6490,1.3728,55.93434130,37.38188730,0,183.643
6491,1.3728,55.93434300,37.38188730,0,183.638
6492,1.3624,55.93434300,37.38188730,0,
6493,1.3624,55.93434480,37.38188690,0,183.632
6494,1.352,55.93434480,37.38188690,0,
6495,1.3624,55.93434650,37.38188620,0,183.628
6496,1.352,55.93434650,37.38188620,0,
6497,1.3624,55.93434840,37.38188520,0,183.626
6498,1.3728,55.93434840,37.38188520,0,
6499,1.3728,55.93435020,37.38188390,0,183.630
6500,1.3416,55.93435200,37.38188240,0,
6501,1.3312,55.93435200,37.38188240,0,183.634
6502,1.3312,55.93435380,37.38188030,0,
6503,1.3416,55.93435380,37.38188030,0,183.634
6504,1.3312,55.93435550,37.38187800,0,
6505,1.3416,55.93435550,37.38187800,0,183.628
6506,1.3312,55.93435710,37.38187560,0,
6507,1.3208,55.93435710,37.38187560,0,183.632
6508,1.3312,55.93435870,37.38187270,0,
6509,1.3208,55.93435870,37.38187270,0,183.630
6510,1.3104,55.93436010,37.38186980,0,
6511,1.3208,55.93436010,37.38186980,0,183.632
6512,1.3104,55.93436140,37.38186680,0,
6513,1.3104,55.93436270,37.38186340,0,183.639
6514,1.3208,55.93436270,37.38186340,0,
6515,1.3104,55.93436390,37.38186010,0,183.643
6516,1.3104,55.93436390,37.38186010,0,183.633
6517,1.3104,55.93436500,37.38185640,0,
6518,1.3,55.93436500,37.38185640,0,
6519,1.3,55.93436590,37.38185280,0,183.635
6520,1.3,55.93436590,37.38185280,0,183.650
6521,1.3,55.93436670,37.38184890,0,
6522,1.3,55.93436670,37.38184890,0,183.646
6523,1.3104,55.93436730,37.38184510,0,
6524,1.3,55.93436730,37.38184510,0,183.645
6525,1.3,55.93436790,37.38184120,0,
6526,1.3,55.93436790,37.38184120,0,183.650
6527,1.3,55.93436830,37.38183720,0,
6528,1.3,55.93436870,37.38183350,0,183.651
6529,1.3,55.93436870,37.38183350,0,
6530,1.3104,55.93436910,37.38182940,0,183.641
6531,1.3,55.93436910,37.38182940,0,
6532,1.3104,55.93436920,37.38182510,0,183.644
6533,1.3104,55.93436920,37.38182510,0,
6534,1.3208,55.93436930,37.38182100,0,183.648
6535,1.3104,55.93436930,37.38182100,0,
6536,1.3,55.93436940,37.38181680,0,183.650
6537,1.3104,55.93436940,37.38181680,0,
6538,1.3104,55.93436930,37.38181220,0,183.638
6539,1.3104,55.93436930,37.38181220,0,
6540,1.3,55.93436910,37.38180780,0,183.641
6541,1.3,55.93436910,37.38180780,0,
6542,1.3208,55.93436890,37.38180300,0,183.645
6543,1.3312,55.93436890,37.38180300,0,
6544,1.3312,55.93436880,37.38179870,0,183.652
6545,1.3312,55.93436880,37.38179460,0,183.645
6546,1.3312,55.93436880,37.38179460,0,
6547,1.3312,55.93436880,37.38179050,0,183.633
6548,1.3416,55.93436880,37.38179050,0,
6549,1.3416,55.93436880,37.38178670,0,183.631
6550,1.3416,55.93436880,37.38178670,0,
6551,1.3208,55.93436900,37.38178270,0,183.638
6552,1.3208,55.93436900,37.38178270,0,
6553,1.3312,55.93436930,37.38177880,0,183.633
6554,1.352,55.93436930,37.38177880,0,
6555,1.352,55.93436970,37.38177420,0,183.634
6556,1.352,55.93436970,37.38177420,0,
6557,1.352,55.93437020,37.38176950,0,183.631
6558,1.352,55.93437070,37.38176470,0,
6559,1.352,55.93437070,37.38176470,0,183.637
6560,1.3416,55.93437130,37.38175940,0,
6561,1.352,55.93437130,37.38175940,0,183.645
6562,1.3624,55.93437190,37.38175430,0,
6563,1.3624,55.93437190,37.38175430,0,183.638
6564,1.3624,55.93437270,37.38174880,0,
6565,1.3624,55.93437270,37.38174880,0,183.636
6566,1.3624,55.93437340,37.38174360,0,
6567,1.3624,55.93437340,37.38174360,0,183.632
6568,1.3624,55.93437420,37.38173810,0,
6569,1.3624,55.93437420,37.38173810,0,183.631
6570,1.3624,55.93437490,37.38173290,0,183.633
6571,1.3728,55.93437490,37.38173290,0,
6572,1.352,55.93437570,37.38172750,0,
6573,1.3624,55.93437640,37.38172250,0,183.636
6574,1.3624,55.93437640,37.38172250,0,183.632
6575,1.3728,55.93437720,37.38171730,0,
6576,1.3728,55.93437720,37.38171730,0,183.640
6577,1.3832,55.93437790,37.38171290,0,
6578,1.3832,55.93437790,37.38171290,0,183.638
6579,1.3728,55.93437880,37.38170880,0,
6580,1.352,55.93437880,37.38170880,0,183.626
6581,1.3624,55.93437970,37.38170480,0,
6582,1.3624,55.93437970,37.38170480,0,183.633
6583,1.3728,55.93438060,37.38170090,0,
6584,1.3728,55.93438060,37.38170090,0,183.638
6585,1.3728,55.93438160,37.38169670,0,
6586,1.3832,55.93438160,37.38169670,0,183.633
6587,1.3832,55.93438270,37.38169260,0,
6588,1.3832,55.93438380,37.38168830,0,183.631
6589,1.3936,55.93438380,37.38168830,0,
6590,1.3936,55.93438500,37.38168370,0,183.629
6591,1.3936,55.93438500,37.38168370,0,
6592,1.3936,55.93438640,37.38167900,0,183.628
6593,1.3936,55.93438640,37.38167900,0,
6594,1.3936,55.93438770,37.38167440,0,183.626
6595,1.3936,55.93438770,37.38167440,0,
6596,1.3936,55.93438910,37.38166960,0,183.630
6597,1.3936,55.93438910,37.38166960,0,
6598,1.3936,55.93439050,37.38166490,0,183.631
6599,1.3936,55.93439050,37.38166490,0,183.630
6600,1.3936,55.93439190,37.38166030,0,
6601,1.404,55.93439340,37.38165540,0,183.622
6602,1.404,55.93439340,37.38165540,0,
6603,1.3832,55.93439490,37.38165080,0,183.622
6604,1.3936,55.93439490,37.38165080,0,
6605,1.3832,55.93439640,37.38164600,0,183.625
6606,1.3728,55.93439640,37.38164600,0,
6607,1.3936,55.93439770,37.38164160,0,183.634
6608,1.404,55.93439770,37.38164160,0,
6609,1.3936,55.93439880,37.38163760,0,183.628
6610,1.404,55.93439880,37.38163760,0,
6611,1.3936,55.93439990,37.38163340,0,183.623
6612,1.3936,55.93439990,37.38163340,0,
6613,1.404,55.93440090,37.38162970,0,183.623
6614,1.404,55.93440090,37.38162970,0,
6615,1.3936,55.93440170,37.38162590,0,183.636
6616,1.3936,55.93440170,37.38162590,0,
6617,1.404,55.93440230,37.38162220,0,183.636
6618,1.404,55.93440280,37.38161860,0,
6619,1.4144,55.93440280,37.38161860,0,183.644
6620,1.404,55.93440320,37.38161500,0,
6621,1.404,55.93440320,37.38161500,0,183.649
6622,1.404,55.93440360,37.38161120,0,
6623,1.404,55.93440360,37.38161120,0,183.647
6624,1.404,55.93440380,37.38160740,0,183.647
6625,1.3936,55.93440380,37.38160740,0,
6626,1.3936,55.93440390,37.38160310,0,183.645
6627,1.4144,55.93440390,37.38160310,0,
6628,1.4144,55.93440390,37.38159890,0,183.643
6629,1.4144,55.93440390,37.38159890,0,
6630,1.4144,55.93440390,37.38159420,0,183.645
6631,1.4144,55.93440370,37.38158960,0,
6632,1.4144,55.93440370,37.38158960,0,183.636
6633,1.404,55.93440350,37.38158480,0,
6634,1.3936,55.93440350,37.38158480,0,183.634
6635,1.404,55.93440320,37.38157970,0,
6636,1.4144,55.93440320,37.38157970,0,183.637
6637,1.4144,55.93440300,37.38157510,0,
6638,1.404,55.93440300,37.38157510,0,183.643
6639,1.404,55.93440290,37.38157050,0,
6640,1.4144,55.93440290,37.38157050,0,183.635
6641,1.404,55.93440280,37.38156620,0,
6642,1.4144,55.93440280,37.38156620,0,183.633
6643,1.4144,55.93440280,37.38156190,0,
6644,1.4144,55.93440280,37.38156190,0,183.640
6645,1.4144,55.93440280,37.38155790,0,
6646,1.404,55.93440300,37.38155410,0,183.640
6647,1.404,55.93440300,37.38155410,0,
6648,1.404,55.93440320,37.38155050,0,183.641
6649,1.404,55.93440320,37.38155050,0,
6650,1.404,55.93440360,37.38154680,0,183.637
6651,1.404,55.93440360,37.38154680,0,
6652,1.404,55.93440410,37.38154340,0,183.641
6653,1.404,55.93440410,37.38154340,0,
6654,1.404,55.93440480,37.38154000,0,183.646
6655,1.4144,55.93440480,37.38154000,0,183.643
6656,1.4144,55.93440570,37.38153640,0,
6657,1.4248,55.93440570,37.38153640,0,183.637
6658,1.4144,55.93440670,37.38153310,0,
6659,1.404,55.93440670,37.38153310,0,183.638
6660,1.3936,55.93440800,37.38152960,0,
6661,1.4144,55.93440930,37.38152630,0,183.637
6662,1.4144,55.93440930,37.38152630,0,
6663,1.4144,55.93441080,37.38152310,0,183.633
6664,1.4144,55.93441080,37.38152310,0,
6665,1.4144,55.93441250,37.38151980,0,183.636
6666,1.404,55.93441250,37.38151980,0,
6667,1.404,55.93441430,37.38151640,0,183.632
6668,1.404,55.93441430,37.38151640,0,
6669,1.3936,55.93441620,37.38151280,0,183.637
6670,1.404,55.93441620,37.38151280,0,
6671,1.404,55.93441820,37.38150940,0,183.632
6672,1.3936,55.93441820,37.38150940,0,
6673,1.3936,55.93442050,37.38150580,0,183.618
6674,1.3936,55.93442260,37.38150240,0,
6675,1.404,55.93442260,37.38150240,0,183.626
6676,1.3936,55.93442490,37.38149880,0,
6677,1.3936,55.93442490,37.38149880,0,183.631
6678,1.3936,55.93442710,37.38149540,0,183.626
6679,1.3936,55.93442710,37.38149540,0,
6680,1.3936,55.93442950,37.38149180,0,
6681,1.3936,55.93442950,37.38149180,0,183.627
6682,1.3936,55.93443180,37.38148840,0,183.632
6683,1.3936,55.93443180,37.38148840,0,
6684,1.3832,55.93443400,37.38148500,0,183.629
6685,1.3936,55.93443400,37.38148500,0,
6686,1.3936,55.93443640,37.38148150,0,183.627
6687,1.3936,55.93443640,37.38148150,0,
6688,1.3832,55.93443870,37.38147820,0,183.637
6689,1.3832,55.93443870,37.38147820,0,
6690,1.3832,55.93444110,37.38147470,0,183.638
6691,1.3832,55.93444330,37.38147150,0,
6692,1.3728,55.93444330,37.38147150,0,183.629
6693,1.3832,55.93444550,37.38146840,0,
6694,1.3728,55.93444550,37.38146840,0,183.638
6695,1.3832,55.93444720,37.38146590,0,
6696,1.3832,55.93444720,37.38146590,0,183.640
6697,1.3728,55.93444880,37.38146360,0,
6698,1.3728,55.93444880,37.38146360,0,183.636
6699,1.3728,55.93445030,37.38146150,0,
6700,1.3728,55.93445030,37.38146150,0,183.645
6701,1.3728,55.93445170,37.38145950,0,
6702,1.3728,55.93445170,37.38145950,0,183.662
6703,1.3624,55.93445300,37.38145780,0,
6704,1.3728,55.93445300,37.38145780,0,183.661
6705,1.3624,55.93445430,37.38145600,0,
6706,1.3728,55.93445540,37.38145450,0,183.658
6707,1.3624,55.93445540,37.38145450,0,183.656
6708,1.3832,55.93445650,37.38145320,0,
6709,1.3728,55.93445650,37.38145320,0,183.662
6710,1.3832,55.93445750,37.38145190,0,
6711,1.3832,55.93445750,37.38145190,0,183.657
6712,1.352,55.93445820,37.38145100,0,
6713,1.352,55.93445820,37.38145100,0,183.647
6714,1.352,55.93445890,37.38145020,0,
6715,1.352,55.93445890,37.38145020,0,183.638
6716,1.3624,55.93445930,37.38144960,0,
6717,1.3728,55.93445930,37.38144960,0,183.663
6718,1.3728,55.93445950,37.38144930,0,
6719,1.3728,55.93445970,37.38144900,0,183.685
6720,1.3624,55.93445970,37.38144900,0,
6721,1.3728,55.93445980,37.38144870,0,183.670
6722,1.3832,55.93445980,37.38144870,0,
6723,1.3728,55.93446010,37.38144840,0,183.626
6724,1.3832,55.93446010,37.38144840,0,
6725,1.3832,55.93446030,37.38144810,0,183.625
6726,1.3832,55.93446030,37.38144810,0,
6727,1.3832,55.93446070,37.38144770,0,183.632
6728,1.3832,55.93446070,37.38144770,0,
6729,1.3728,55.93446150,37.38144680,0,183.630
6730,1.3728,55.93446150,37.38144680,0,
6731,1.3728,55.93446290,37.38144530,0,183.654
6732,1.3624,55.93446460,37.38144350,0,183.643
6733,1.3728,55.93446460,37.38144350,0,
6734,1.3728,55.93446670,37.38144120,0,183.646
6735,1.3728,55.93446670,37.38144120,0,
6736,1.352,55.93446900,37.38143870,0,183.649
6737,1.3624,55.93446900,37.38143870,0,
6738,1.352,55.93447140,37.38143610,0,183.641
6739,1.3416,55.93447140,37.38143610,0,
6740,1.352,55.93447400,37.38143350,0,183.652
6741,1.352,55.93447400,37.38143350,0,
6742,1.352,55.93447640,37.38143140,0,183.647
6743,1.352,55.93447640,37.38143140,0,
6744,1.3416,55.93447900,37.38142930,0,183.641
6745,1.352,55.93447900,37.38142930,0,
6746,1.352,55.93448130,37.38142740,0,183.649
6747,1.352,55.93448130,37.38142740,0,
6748,1.3416,55.93448360,37.38142540,0,183.654
6749,1.3416,55.93448570,37.38142340,0,
6750,1.3416,55.93448570,37.38142340,0,183.648
6751,1.3416,55.93448780,37.38142150,0,
6752,1.3312,55.93448780,37.38142150,0,183.641
6753,1.3312,55.93448990,37.38141930,0,
6754,1.3312,55.93448990,37.38141930,0,183.647
6755,1.3416,55.93449180,37.38141720,0,
6756,1.3416,55.93449180,37.38141720,0,183.650
6757,1.352,55.93449380,37.38141490,0,
6758,1.3416,55.93449380,37.38141490,0,183.643
6759,1.3416,55.93449590,37.38141240,0,
6760,1.352,55.93449590,37.38141240,0,183.646
6761,1.3416,55.93449810,37.38140980,0,183.654
6762,1.352,55.93449810,37.38140980,0,
6763,1.352,55.93450020,37.38140720,0,
6764,1.352,55.93450220,37.38140440,0,183.651
6765,1.352,55.93450220,37.38140440,0,
6766,1.352,55.93450410,37.38140160,0,183.652
6767,1.3624,55.93450410,37.38140160,0,183.647
6768,1.3728,55.93450600,37.38139870,0,
6769,1.3728,55.93450600,37.38139870,0,183.653
6770,1.3832,55.93450770,37.38139600,0,
6771,1.3832,55.93450770,37.38139600,0,183.644
6772,1.3936,55.93450930,37.38139330,0,
6773,1.3936,55.93450930,37.38139330,0,183.649
6774,1.3936,55.93451100,37.38139040,0,
6775,1.4248,55.93451100,37.38139040,0,183.648
6776,1.4352,55.93451250,37.38138770,0,
6777,1.4248,55.93451400,37.38138510,0,183.650
6778,1.4352,55.93451400,37.38138510,0,
6779,1.4352,55.93451540,37.38138250,0,183.632
6780,1.456,55.93451540,37.38138250,0,
6781,1.4664,55.93451680,37.38138000,0,183.626
6782,1.4768,55.93451680,37.38138000,0,
6783,1.4872,55.93451820,37.38137740,0,183.634
6784,1.4976,55.93451820,37.38137740,0,
6785,1.508,55.93451970,37.38137490,0,183.630
6786,1.5184,55.93451970,37.38137490,0,
6787,1.5184,55.93452110,37.38137250,0,183.629
6788,1.5184,55.93452110,37.38137250,0,183.633
6789,1.5288,55.93452260,37.38137020,0,
6790,1.5288,55.93452260,37.38137020,0,183.622
6791,1.5288,55.93452400,37.38136800,0,
6792,1.5184,55.93452550,37.38136590,0,183.641
6793,1.5184,55.93452550,37.38136590,0,
6794,1.5184,55.93452690,37.38136380,0,183.625
6795,1.5184,55.93452690,37.38136380,0,
6796,1.5184,55.93452830,37.38136190,0,183.627
6797,1.508,55.93452830,37.38136190,0,
6798,1.4976,55.93452960,37.38136000,0,183.646
6799,1.4872,55.93452960,37.38136000,0,
6800,1.4768,55.93453090,37.38135830,0,183.645
6801,1.4768,55.93453090,37.38135830,0,
6802,1.4664,55.93453220,37.38135660,0,183.651
6803,1.456,55.93453220,37.38135660,0,
6804,1.4248,55.93453340,37.38135500,0,183.668
6805,1.4352,55.93453340,37.38135500,0,
6806,1.4248,55.93453450,37.38135360,0,183.660
6807,1.4248,55.93453540,37.38135240,0,
6808,1.404,55.93453540,37.38135240,0,183.664
6809,1.404,55.93453630,37.38135140,0,
6810,1.3936,55.93453630,37.38135140,0,183.651
6811,1.3832,55.93453700,37.38135050,0,183.660
6812,1.3728,55.93453700,37.38135050,0,
6813,1.3624,55.93453760,37.38134980,0,183.669
6814,1.352,55.93453760,37.38134980,0,
6815,1.3416,55.93453790,37.38134940,0,183.667
6816,1.3416,55.93453790,37.38134940,0,
6817,1.3312,55.93453800,37.38134930,0,183.670
6818,1.3208,55.93453800,37.38134930,0,
6819,1.3208,55.93453800,37.38134940,0,183.671
6820,1.3208,55.93453790,37.38134950,0,
6821,1.3208,55.93453790,37.38134950,0,183.662
6822,1.3208,55.93453760,37.38134980,0,
6823,1.3312,55.93453760,37.38134980,0,183.666
6824,1.3312,55.93453710,37.38135040,0,
6825,1.3312,55.93453710,37.38135040,0,183.666
6826,1.3416,55.93453650,37.38135100,0,
6827,1.3416,55.93453650,37.38135100,0,183.670
6828,1.3624,55.93453580,37.38135180,0,
6829,1.3624,55.93453580,37.38135180,0,183.684
6830,1.3624,55.93453490,37.38135280,0,
6831,1.3728,55.93453490,37.38135280,0,183.678
6832,1.3832,55.93453400,37.38135390,0,
6833,1.3936,55.93453400,37.38135390,0,183.659
6834,1.404,55.93453290,37.38135500,0,
6835,1.404,55.93453290,37.38135500,0,183.676
6836,1.4248,55.93453160,37.38135630,0,
6837,1.4248,55.93453020,37.38135770,0,183.650
6838,1.4352,55.93453020,37.38135770,0,
6839,1.4352,55.93452870,37.38135930,0,183.654
6840,1.4456,55.93452870,37.38135930,0,183.648
6841,1.4664,55.93452690,37.38136080,0,
6842,1.4768,55.93452690,37.38136080,0,183.620
6843,1.4872,55.93452520,37.38136230,0,
6844,1.4976,55.93452520,37.38136230,0,183.633
6845,1.508,55.93452360,37.38136380,0,
6846,1.508,55.93452360,37.38136380,0,183.676
6847,1.508,55.93452170,37.38136540,0,
6848,1.508,55.93452170,37.38136540,0,183.637
6849,1.5184,55.93451990,37.38136680,0,
6850,1.5184,55.93451830,37.38136810,0,183.631
6851,1.5288,55.93451830,37.38136810,0,
6852,1.5184,55.93451640,37.38136970,0,183.662
6853,1.5184,55.93451640,37.38136970,0,
6854,1.5184,55.93451450,37.38137120,0,183.662
6855,1.5184,55.93451450,37.38137120,0,
6856,1.508,55.93451290,37.38137250,0,183.617
6857,1.5184,55.93451290,37.38137250,0,
6858,1.4872,55.93451110,37.38137400,0,183.654
6859,1.508,55.93451110,37.38137400,0,
6860,1.4976,55.93450930,37.38137560,0,183.682
6861,1.4976,55.93450930,37.38137560,0,
6862,1.4664,55.93450750,37.38137700,0,183.625
6863,1.456,55.93450750,37.38137700,0,
6864,1.456,55.93450580,37.38137840,0,183.635
6865,1.4664,55.93450410,37.38137990,0,183.673
6866,1.4664,55.93450410,37.38137990,0,
6867,1.456,55.93450250,37.38138160,0,183.669
6868,1.456,55.93450250,37.38138160,0,
6869,1.456,55.93450100,37.38138330,0,183.637
6870,1.456,55.93450100,37.38138330,0,
6871,1.4352,55.93449970,37.38138510,0,183.664
6872,1.4248,55.93449970,37.38138510,0,
6873,1.404,55.93449860,37.38138700,0,183.663
6874,1.404,55.93449860,37.38138700,0,
6875,1.404,55.93449770,37.38138870,0,183.609
6876,1.4144,55.93449770,37.38138870,0,
6877,1.404,55.93449690,37.38139040,0,183.624
6878,1.404,55.93449620,37.38139200,0,
6879,1.3936,55.93449620,37.38139200,0,183.655
6880,1.3936,55.93449560,37.38139350,0,
6881,1.3936,55.93449560,37.38139350,0,183.631
6882,1.3936,55.93449510,37.38139490,0,
6883,1.3936,55.93449510,37.38139490,0,183.631
6884,1.3936,55.93449470,37.38139620,0,
6885,1.3832,55.93449470,37.38139620,0,183.643
6886,1.3728,55.93449430,37.38139750,0,
6887,1.3728,55.93449430,37.38139750,0,183.652
6888,1.3728,55.93449390,37.38139860,0,
6889,1.3832,55.93449390,37.38139860,0,183.630
6890,1.3832,55.93449360,37.38139980,0,
6891,1.3832,55.93449360,37.38139980,0,183.631
6892,1.3832,55.93449330,37.38140080,0,
6893,1.3624,55.93449300,37.38140190,0,183.661
6894,1.3624,55.93449300,37.38140190,0,183.658
6895,1.3728,55.93449270,37.38140310,0,
6896,1.3728,55.93449270,37.38140310,0,183.639
6897,1.3832,55.93449250,37.38140430,0,
6898,1.3728,55.93449250,37.38140430,0,183.647
6899,1.3728,55.93449240,37.38140570,0,
6900,1.3728,55.93449240,37.38140570,0,183.669
6901,1.3624,55.93449220,37.38140710,0,
6902,1.3624,55.93449220,37.38140710,0,183.647
6903,1.352,55.93449200,37.38140890,0,
6904,1.352,55.93449200,37.38140890,0,183.664
6905,1.352,55.93449190,37.38141080,0,
6906,1.3416,55.93449190,37.38141080,0,183.671
6907,1.3312,55.93449180,37.38141310,0,
6908,1.3312,55.93449160,37.38141560,0,183.677
6909,1.3312,55.93449160,37.38141560,0,
6910,1.352,55.93449140,37.38141830,0,183.675
6911,1.352,55.93449140,37.38141830,0,
6912,1.3416,55.93449110,37.38142120,0,183.673
6913,1.3312,55.93449110,37.38142120,0,
6914,1.3416,55.93449070,37.38142430,0,183.680
6915,1.3312,55.93449070,37.38142430,0,
6916,1.3416,55.93449030,37.38142760,0,183.643
6917,1.3104,55.93449030,37.38142760,0,183.650
6918,1.3104,55.93449000,37.38143080,0,
6919,1.3208,55.93449000,37.38143080,0,183.662
6920,1.3312,55.93448960,37.38143420,0,
6921,1.3208,55.93448930,37.38143740,0,183.645
6922,1.3208,55.93448930,37.38143740,0,
6923,1.3312,55.93448910,37.38144050,0,183.642
6924,1.3208,55.93448910,37.38144050,0,
6925,1.3,55.93448900,37.38144390,0,183.644
6926,1.2896,55.93448900,37.38144390,0,
6927,1.3,55.93448910,37.38144700,0,183.635
6928,1.3104,55.93448910,37.38144700,0,
6929,1.3208,55.93448930,37.38145000,0,183.624
6930,1.3208,55.93448930,37.38145000,0,
6931,1.3208,55.93448950,37.38145290,0,183.633
6932,1.3208,55.93448950,37.38145290,0,
6933,1.3104,55.93448960,37.38145560,0,183.656
6934,1.3104,55.93448960,37.38145560,0,
6935,1.3208,55.93448970,37.38145840,0,183.643
6936,1.3208,55.93448960,37.38146120,0,
6937,1.3208,55.93448960,37.38146120,0,183.630
6938,1.3208,55.93448950,37.38146380,0,
6939,1.3104,55.93448950,37.38146380,0,183.639
6940,1.3104,55.93448930,37.38146650,0,183.642
6941,1.3104,55.93448930,37.38146650,0,
6942,1.3104,55.93448890,37.38146880,0,
6943,1.3,55.93448890,37.38146880,0,183.633
6944,1.2896,55.93448870,37.38147070,0,183.624
6945,1.3,55.93448870,37.38147070,0,
6946,1.2896,55.93448860,37.38147210,0,183.622
6947,1.3,55.93448860,37.38147210,0,
6948,1.3,55.93448880,37.38147310,0,183.632
6949,1.3208,55.93448880,37.38147310,0,
6950,1.3208,55.93448910,37.38147380,0,183.636
6951,1.3208,55.93448950,37.38147410,0,
6952,1.3104,55.93448950,37.38147410,0,183.638
6953,1.3104,55.93449020,37.38147410,0,
6954,1.3208,55.93449020,37.38147410,0,183.637
6955,1.3104,55.93449090,37.38147400,0,
6956,1.3,55.93449090,37.38147400,0,183.641
6957,1.3,55.93449160,37.38147390,0,
6958,1.3,55.93449160,37.38147390,0,183.636
6959,1.3,55.93449240,37.38147360,0,
6960,1.3104,55.93449240,37.38147360,0,183.644
6961,1.3104,55.93449330,37.38147310,0,
6962,1.3104,55.93449330,37.38147310,0,183.634
6963,1.3104,55.93449430,37.38147270,0,
6964,1.3104,55.93449530,37.38147210,0,183.638
6965,1.3104,55.93449530,37.38147210,0,
6966,1.3104,55.93449630,37.38147150,0,183.655
6967,1.3104,55.93449630,37.38147150,0,
6968,1.3104,55.93449720,37.38147070,0,183.626
6969,1.3,55.93449720,37.38147070,0,183.636
6970,1.3,55.93449830,37.38146980,0,
6971,1.2896,55.93449830,37.38146980,0,
6972,1.2792,55.93449920,37.38146880,0,183.650
6973,1.2792,55.93449920,37.38146880,0,183.641
6974,1.2688,55.93450020,37.38146750,0,
6975,1.2896,55.93450020,37.38146750,0,183.635
6976,1.2896,55.93450100,37.38146630,0,
6977,1.3,55.93450100,37.38146630,0,183.641
6978,1.3104,55.93450190,37.38146500,0,
6979,1.3,55.93450260,37.38146370,0,183.642
6980,1.3,55.93450260,37.38146370,0,
6981,1.3,55.93450330,37.38146240,0,183.641
6982,1.3,55.93450330,37.38146240,0,
6983,1.3,55.93450390,37.38146100,0,183.630
6984,1.3,55.93450390,37.38146100,0,
6985,1.3,55.93450450,37.38145960,0,183.645
6986,1.3,55.93450450,37.38145960,0,
6987,1.3,55.93450510,37.38145810,0,183.645
6988,1.3,55.93450510,37.38145810,0,
6989,1.3,55.93450570,37.38145650,0,183.637
6990,1.3,55.93450570,37.38145650,0,
6991,1.3,55.93450620,37.38145490,0,183.634
6992,1.3,55.93450620,37.38145490,0,
6993,1.3,55.93450670,37.38145320,0,183.645
6994,1.3,55.93450710,37.38145130,0,183.646
6995,1.3,55.93450710,37.38145130,0,
6996,1.3,55.93450760,37.38144960,0,183.645
6997,1.3,55.93450760,37.38144960,0,
6998,1.2896,55.93450800,37.38144780,0,183.648
6999,1.3,55.93450800,37.38144780,0,
7000,1.2896,55.93450830,37.38144610,0,183.648
7001,1.3,55.93450830,37.38144610,0,
7002,1.3,55.93450860,37.38144440,0,183.647
7003,1.3,55.93450860,37.38144440,0,
7004,1.3,55.93450900,37.38144270,0,183.651
7005,1.3,55.93450900,37.38144270,0,
7006,1.3,55.93450920,37.38144120,0,183.637
7007,1.3,55.93450950,37.38143950,0,
7008,1.3,55.93450950,37.38143950,0,183.648
7009,1.3104,55.93450970,37.38143790,0,
7010,1.3,55.93450970,37.38143790,0,183.657
7011,1.3,55.93450990,37.38143630,0,
7012,1.3,55.93450990,37.38143630,0,183.644
7013,1.3,55.93451010,37.38143480,0,
7014,1.3104,55.93451010,37.38143480,0,183.634
7015,1.3,55.93451030,37.38143320,0,
7016,1.3104,55.93451030,37.38143320,0,183.641
7017,1.3104,55.93451050,37.38143160,0,
7018,1.3104,55.93451050,37.38143160,0,183.640
7019,1.3104,55.93451070,37.38142960,0,
7020,1.3104,55.93451070,37.38142960,0,183.624
7021,1.3104,55.93451100,37.38142750,0,
7022,1.3208,55.93451130,37.38142520,0,183.650
7023,1.3208,55.93451130,37.38142520,0,183.647
7024,1.3208,55.93451160,37.38142260,0,
7025,1.3208,55.93451160,37.38142260,0,183.644
7026,1.3208,55.93451210,37.38142000,0,
7027,1.3208,55.93451210,37.38142000,0,183.647
7028,1.3312,55.93451270,37.38141700,0,
7029,1.3312,55.93451270,37.38141700,0,183.640
7030,1.3312,55.93451340,37.38141410,0,
7031,1.3416,55.93451340,37.38141410,0,183.652
7032,1.3312,55.93451420,37.38141120,0,
7033,1.3416,55.93451420,37.38141120,0,183.651
7034,1.3416,55.93451500,37.38140810,0,
7035,1.352,55.93451500,37.38140810,0,183.640
7036,1.3728,55.93451580,37.38140510,0,
7037,1.3728,55.93451580,37.38140510,0,183.648
7038,1.3832,55.93451660,37.38140210,0,
7039,1.3728,55.93451660,37.38140210,0,183.635
7040,1.3832,55.93451750,37.38139910,0,
7041,1.3936,55.93451750,37.38139910,0,
7042,1.3936,55.93451840,37.38139600,0,183.636
7043,1.404,55.93451840,37.38139600,0,
7044,1.4144,55.93451940,37.38139310,0,183.639
7045,1.4248,55.93451940,37.38139310,0,
7046,1.4352,55.93452040,37.38138990,0,183.638
7047,1.4456,55.93452040,37.38138990,0,
7048,1.4456,55.93452140,37.38138680,0,183.630
7049,1.4664,55.93452140,37.38138680,0,
7050,1.4768,55.93452250,37.38138370,0,183.626
7051,1.4872,55.93452250,37.38138370,0,
7052,1.4976,55.93452360,37.38138060,0,183.628
7053,1.4976,55.93452360,37.38138060,0,
7054,1.508,55.93452480,37.38137750,0,183.632
7055,1.4976,55.93452480,37.38137750,0,
7056,1.4976,55.93452600,37.38137450,0,183.620
7057,1.508,55.93452600,37.38137450,0,
7058,1.4976,55.93452710,37.38137170,0,183.632
7059,1.4768,55.93452710,37.38137170,0,
7060,1.4768,55.93452830,37.38136860,0,183.639
7061,1.4768,55.93452830,37.38136860,0,
7062,1.4664,55.93452950,37.38136580,0,183.631
7063,1.4664,55.93453080,37.38136290,0,
7064,1.4768,55.93453080,37.38136290,0,183.631
7065,1.4664,55.93453190,37.38136020,0,183.607
7066,1.4248,55.93453190,37.38136020,0,
7067,1.456,55.93453310,37.38135750,0,183.632
7068,1.456,55.93453310,37.38135750,0,
7069,1.4352,55.93453430,37.38135480,0,183.653
7070,1.4248,55.93453430,37.38135480,0,
7071,1.4248,55.93453560,37.38135240,0,183.643
7072,1.404,55.93453560,37.38135240,0,
7073,1.3936,55.93453690,37.38134990,0,183.629
7074,1.3728,55.93453690,37.38134990,0,
7075,1.3624,55.93453820,37.38134760,0,183.637
7076,1.3312,55.93453940,37.38134550,0,
7077,1.3,55.93453940,37.38134550,0,183.635
7078,1.2792,55.93454050,37.38134360,0,
7079,1.248,55.93454050,37.38134360,0,183.658
7080,1.1648,55.93454160,37.38134180,0,
7081,1.1648,55.93454160,37.38134180,0,183.645
7082,1.1544,55.93454260,37.38134020,0,
7083,1.144,55.93454260,37.38134020,0,183.639
7084,1.1232,55.93454370,37.38133860,0,
7085,1.092,55.93454370,37.38133860,0,183.646
7086,0.9984,55.93454460,37.38133720,0,
7087,0.988,55.93454460,37.38133720,0,183.657
7088,0.9672,55.93454530,37.38133600,0,
7089,0.9152,55.93454530,37.38133600,0,183.654
7090,0.8944,55.93454590,37.38133510,0,
7091,0.8528,55.93454640,37.38133440,0,183.659
7092,0.8216,55.93454640,37.38133440,0,
7093,0.7696,55.93454680,37.38133400,0,183.655
7094,0.78,55.93454680,37.38133400,0,183.651
7095,0.3328,55.93454710,37.38133370,0,
7096,0.312,55.93454710,37.38133370,0,183.667
7097,0.312,55.93454720,37.38133360,0,
7098,0.3016,55.93454720,37.38133360,0,183.659
7099,0.2912,55.93454730,37.38133360,0,
7100,0.2912,55.93454730,37.38133360,0,183.646
7101,0.2912,55.93454730,37.38133360,0,
7102,0.2912,55.93454730,37.38133360,0,183.654
7103,0.2912,55.93454730,37.38133360,0,
7104,0.2912,55.93454740,37.38133360,0,183.663
7105,0.2808,55.93454740,37.38133360,0,
7106,0.2808,55.93454740,37.38133360,0,183.654
7107,0.2808,55.93454740,37.38133360,0,
7108,0.2496,55.93454740,37.38133360,0,183.651
7109,0.2496,55.93454740,37.38133360,0,
7110,0.2496,55.93454740,37.38133350,0,183.664
7111,0.2496,55.93454740,37.38133350,0,
7112,0.26,55.93454740,37.38133350,0,183.667
7113,0.26,55.93454740,37.38133350,0,
7114,0.2704,55.93454750,37.38133340,0,183.657
7115,0.2704,55.93454750,37.38133340,0,
7116,0.1352,55.93454750,37.38133330,0,183.655
7117,0.1352,55.93454750,37.38133330,0,
7118,0.1456,55.93454750,37.38133320,0,183.668
7119,0.1352,55.93454750,37.38133310,0,183.660
7120,0.1352,55.93454750,37.38133310,0,
7121,0.1352,55.93454750,37.38133290,0,183.658
7122,0.1352,55.93454750,37.38133290,0,
7123,0.1352,55.93454760,37.38133280,0,183.661
7124,0.1352,55.93454760,37.38133280,0,
7125,0.1352,55.93454760,37.38133270,0,183.665
7126,0.2392,55.93454760,37.38133270,0,
7127,0.2392,55.93454760,37.38133260,0,183.659
7128,0.2392,55.93454760,37.38133260,0,
7129,0.2392,55.93454760,37.38133240,0,183.653
7130,0.2392,55.93454760,37.38133240,0,
7131,0.2392,55.93454760,37.38133230,0,183.659
7132,0.2392,55.93454770,37.38133210,0,
7133,0.2392,55.93454770,37.38133210,0,183.661
7134,0.2288,55.93454770,37.38133200,0,
7135,0.2288,55.93454770,37.38133200,0,183.652
7136,0.2288,55.93454770,37.38133190,0,
7137,0.2288,55.93454770,37.38133190,0,183.653
7138,0.2184,55.93454770,37.38133170,0,
7139,0.2184,55.93454770,37.38133170,0,183.660
7140,0.2184,55.93454770,37.38133160,0,
7141,0.208,55.93454770,37.38133160,0,183.655
7142,0.208,55.93454770,37.38133150,0,
7143,0.1976,55.93454770,37.38133150,0,183.656
7144,0.1976,55.93454770,37.38133140,0,183.659
7145,0.1976,55.93454770,37.38133140,0,
7146,0.1872,55.93454770,37.38133120,0,183.654
7147,0.1872,55.93454770,37.38133120,0,
7148,0.1768,55.93454770,37.38133110,0,183.652
7149,0.1768,55.93454760,37.38133090,0,
7150,0.1768,55.93454760,37.38133090,0,
7151,0.1768,55.93454760,37.38133080,0,183.648
7152,0.1768,55.93454760,37.38133080,0,183.647
7153,0.1664,55.93454760,37.38133070,0,
7154,0.1664,55.93454760,37.38133070,0,183.642
7155,0.1664,55.93454750,37.38133060,0,
7156,0.1664,55.93454750,37.38133060,0,183.640
7157,0.156,55.93454750,37.38133050,0,
7158,0.156,55.93454750,37.38133050,0,183.639
7159,0.1456,55.93454740,37.38133040,0,
7160,0.1352,55.93454740,37.38133040,0,183.646
7161,0.1352,55.93454730,37.38133040,0,
7162,0.1352,55.93454720,37.38133030,0,183.645
7163,0.1352,55.93454720,37.38133030,0,
7164,0.1352,55.93454720,37.38133030,0,183.647
7165,0.1352,55.93454720,37.38133030,0,
7166,0.1352,55.93454710,37.38133020,0,183.654
7167,0.1456,55.93454710,37.38133020,0,
7168,0.1456,55.93454700,37.38133020,0,183.654
7169,0.1456,55.93454700,37.38133020,0,
7170,0.1456,55.93454690,37.38133020,0,183.658
7171,0.1456,55.93454690,37.38133020,0,
7172,0.1456,55.93454690,37.38133020,0,183.665
7173,0.1456,55.93454690,37.38133020,0,183.658
7174,0.1456,55.93454680,37.38133020,0,
7175,0.156,55.93454680,37.38133020,0,
7176,0.156,55.93454670,37.38133010,0,183.656
7177,0.156,55.93454660,37.38133010,0,183.659
7178,0.156,55.93454660,37.38133010,0,
7179,0.156,55.93454650,37.38133010,0,183.667
7180,0.156,55.93454650,37.38133010,0,
7181,0.156,55.93454640,37.38133010,0,183.656
7182,0.156,55.93454640,37.38133010,0,
7183,0.156,55.93454630,37.38133010,0,183.659
7184,0.156,55.93454630,37.38133010,0,
7185,0.1456,55.93454630,37.38133010,0,183.665
7186,0.1456,55.93454630,37.38133010,0,
7187,0.1456,55.93454620,37.38133010,0,183.660
7188,0.1456,55.93454620,37.38133010,0,
7189,0.1456,55.93454610,37.38133010,0,183.644
7190,0.1456,55.93454610,37.38133010,0,
7191,0.1456,55.93454600,37.38133010,0,183.656
7192,0.1456,55.93454590,37.38133010,0,
7193,0.156,55.93454590,37.38133010,0,183.658
7194,0.156,55.93454580,37.38133010,0,
7195,0.156,55.93454580,37.38133010,0,183.646
7196,0.1664,55.93454570,37.38133010,0,
7197,0.156,55.93454570,37.38133010,0,183.649
7198,0.1664,55.93454560,37.38133010,0,183.654
7199,0.1664,55.93454560,37.38133010,0,
7200,0.26,55.93454550,37.38133010,0,183.648
7201,0.26,55.93454550,37.38133010,0,
7202,0.26,55.93454540,37.38133010,0,183.646
7203,0.26,55.93454540,37.38133010,0,
7204,0.26,55.93454530,37.38133000,0,183.645
7205,0.26,55.93454520,37.38133000,0,
7206,0.2704,55.93454520,37.38133000,0,183.649
7207,0.2704,55.93454520,37.38133000,0,
7208,0.2704,55.93454510,37.38133000,0,183.643
7209,0.2704,55.93454500,37.38132990,0,
7210,0.2808,55.93454500,37.38132990,0,183.641
7211,0.2808,55.93454490,37.38132990,0,
7212,0.2808,55.93454490,37.38132990,0,183.643
7213,0.2808,55.93454480,37.38132980,0,
7214,0.2808,55.93454480,37.38132980,0,183.652
7215,0.2808,55.93454470,37.38132980,0,
7216,0.2912,55.93454470,37.38132980,0,183.648
7217,0.2912,55.93454460,37.38132970,0,
7218,0.3016,55.93454460,37.38132970,0,183.655
7219,0.3016,55.93454450,37.38132970,0,
7220,0.312,55.93454440,37.38132960,0,183.655
7221,0.312,55.93454440,37.38132960,0,
7222,0.312,55.93454430,37.38132960,0,183.652
7223,0.3328,55.93454430,37.38132960,0,
7224,0.3328,55.93454430,37.38132950,0,183.646
7225,0.3224,55.93454430,37.38132950,0,
7226,0.3328,55.93454420,37.38132950,0,183.652
7227,0.3432,55.93454420,37.38132950,0,183.653
7228,0.3432,55.93454410,37.38132950,0,
7229,0.3432,55.93454410,37.38132950,0,183.653
7230,0.3432,55.93454390,37.38132950,0,
7231,0.364,55.93454390,37.38132950,0,183.652
7232,0.364,55.93454380,37.38132940,0,
7233,0.3536,55.93454380,37.38132940,0,183.659
7234,0.364,55.93454370,37.38132940,0,
7235,0.3744,55.93454370,37.38132940,0,183.655
7236,0.3848,55.93454360,37.38132940,0,
7237,0.3744,55.93454350,37.38132930,0,183.656
7238,0.3848,55.93454350,37.38132930,0,
7239,0.3848,55.93454340,37.38132930,0,183.660
7240,0.3848,55.93454340,37.38132930,0,
7241,0.3848,55.93454330,37.38132930,0,183.656
7242,0.5408,55.93454330,37.38132930,0,
7243,0.5512,55.93454310,37.38132930,0,183.650
7244,0.5512,55.93454310,37.38132930,0,
7245,0.5408,55.93454300,37.38132920,0,183.653
7246,0.5408,55.93454300,37.38132920,0,
7247,0.5408,55.93454290,37.38132920,0,183.656
7248,0.5408,55.93454290,37.38132920,0,
7249,0.5408,55.93454270,37.38132920,0,183.650
7250,0.5408,55.93454260,37.38132920,0,
7251,0.5408,55.93454260,37.38132920,0,183.653
7252,0.572,55.93454240,37.38132910,0,183.643
7253,0.6344,55.93454240,37.38132910,0,
7254,0.624,55.93454230,37.38132910,0,183.640
7255,0.6032,55.93454230,37.38132910,0,
7256,0.6032,55.93454210,37.38132910,0,183.640
7257,0.6136,55.93454210,37.38132910,0,
7258,0.6448,55.93454190,37.38132910,0,183.639
7259,0.6344,55.93454190,37.38132910,0,
7260,0.6448,55.93454180,37.38132910,0,183.637
7261,0.6448,55.93454180,37.38132910,0,
7262,0.6448,55.93454160,37.38132910,0,183.642
7263,0.6448,55.93454160,37.38132910,0,
7264,0.6552,55.93454150,37.38132910,0,183.635
7265,0.6656,55.93454130,37.38132910,0,
7266,0.6656,55.93454130,37.38132910,0,183.641
7267,0.8112,55.93454110,37.38132910,0,
7268,0.8528,55.93454110,37.38132910,0,183.639
7269,0.832,55.93454090,37.38132910,0,
7270,0.832,55.93454090,37.38132910,0,183.639
7271,0.8528,55.93454080,37.38132910,0,
7272,0.832,55.93454080,37.38132910,0,183.647
7273,0.8424,55.93454060,37.38132920,0,
7274,0.8528,55.93454060,37.38132920,0,183.651
7275,0.8528,55.93454040,37.38132920,0,
7276,0.832,55.93454040,37.38132920,0,183.651
7277,0.8528,55.93454020,37.38132920,0,
7278,0.8424,55.93454020,37.38132920,0,183.652
7279,0.8736,55.93454010,37.38132930,0,
7280,0.8528,55.93453990,37.38132930,0,183.654
7281,0.884,55.93453990,37.38132930,0,183.652
7282,0.9568,55.93453970,37.38132940,0,
7283,0.9672,55.93453970,37.38132940,0,183.648
7284,0.9152,55.93453950,37.38132940,0,
7285,0.9152,55.93453950,37.38132940,0,183.647
7286,0.9152,55.93453940,37.38132950,0,
7287,0.9568,55.93453940,37.38132950,0,183.641
7288,0.9568,55.93453920,37.38132950,0,
7289,0.9672,55.93453920,37.38132950,0,183.645
7290,0.9776,55.93453910,37.38132960,0,
7291,0.9568,55.93453910,37.38132960,0,183.640
7292,0.9672,55.93453900,37.38132960,0,
7293,0.9776,55.93453880,37.38132970,0,183.645
7294,0.9672,55.93453880,37.38132970,0,
7295,0.9672,55.93453870,37.38132970,0,183.645
7296,0.9672,55.93453870,37.38132970,0,
7297,0.9672,55.93453860,37.38132980,0,183.645
7298,0.988,55.93453860,37.38132980,0,
7299,0.988,55.93453850,37.38132990,0,183.644
7300,0.988,55.93453850,37.38132990,0,
7301,0.988,55.93453840,37.38132990,0,183.646
7302,0.988,55.93453840,37.38132990,0,
7303,0.9984,55.93453830,37.38133000,0,183.653
7304,0.9984,55.93453830,37.38133000,0,
7305,1.0088,55.93453820,37.38133010,0,183.646
7306,1.0088,55.93453820,37.38133010,0,183.648
7307,0.9984,55.93453810,37.38133010,0,
7308,1.0088,55.93453810,37.38133010,0,183.653
7309,1.0088,55.93453800,37.38133020,0,
7310,1.0088,55.93453790,37.38133020,0,183.649
7311,0.9984,55.93453790,37.38133020,0,
7312,1.0192,55.93453780,37.38133030,0,183.645
7313,1.0192,55.93453780,37.38133030,0,
7314,1.0192,55.93453770,37.38133030,0,183.641
7315,1.0296,55.93453770,37.38133030,0,
7316,1.0192,55.93453760,37.38133040,0,183.643
7317,1.0296,55.93453760,37.38133040,0,
7318,1.0296,55.93453750,37.38133040,0,183.642
7319,1.0296,55.93453750,37.38133040,0,
7320,1.0296,55.93453740,37.38133050,0,183.639
7321,1.04,55.93453740,37.38133050,0,
7322,1.0296,55.93453730,37.38133050,0,183.638
7323,1.04,55.93453720,37.38133060,0,
7324,1.0296,55.93453720,37.38133060,0,183.642
7325,1.04,55.93453720,37.38133060,0,
7326,1.0296,55.93453720,37.38133060,0,183.643
7327,1.0296,55.93453710,37.38133070,0,
7328,1.0296,55.93453710,37.38133070,0,183.640
7329,1.0296,55.93453700,37.38133070,0,183.636
7330,1.04,55.93453700,37.38133070,0,
7331,1.04,55.93453690,37.38133070,0,183.638
7332,1.04,55.93453690,37.38133070,0,
7333,3.8896,55.93453680,37.38133080,0,183.643
7334,3.8896,55.93453680,37.38133080,0,
7335,3.8376,55.93453670,37.38133080,0,183.643
7336,3.848,55.93453670,37.38133080,0,
7337,3.9,55.93453660,37.38133090,0,183.637
7338,3.8584,55.93453650,37.38133090,0,
7339,3.8272,55.93453650,37.38133090,0,183.641
7340,3.8376,55.93453640,37.38133100,0,
7341,3.8272,55.93453640,37.38133100,0,183.642
7342,3.8272,55.93453630,37.38133100,0,
7343,1.0712,55.93453630,37.38133100,0,183.640
7344,1.0608,55.93453630,37.38133110,0,
7345,1.0608,55.93453630,37.38133110,0,183.647
7346,1.0712,55.93453620,37.38133110,0,
7347,1.0712,55.93453620,37.38133110,0,183.645
7348,1.0712,55.93453610,37.38133110,0,
7349,1.0712,55.93453610,37.38133110,0,183.640
7350,1.0712,55.93453600,37.38133120,0,
7351,1.0712,55.93453590,37.38133120,0,183.641
7352,1.0712,55.93453590,37.38133120,0,
7353,1.0816,55.93453580,37.38133120,0,183.638
7354,1.0816,55.93453580,37.38133120,0,183.640
7355,1.0816,55.93453570,37.38133130,0,
7356,1.0816,55.93453570,37.38133130,0,183.637
7357,1.0816,55.93453560,37.38133130,0,
7358,1.092,55.93453560,37.38133130,0,183.636
7359,1.092,55.93453560,37.38133130,0,
7360,1.092,55.93453560,37.38133130,0,183.633
7361,1.092,55.93453550,37.38133140,0,
7362,1.092,55.93453550,37.38133140,0,183.650
7363,1.092,55.93453540,37.38133140,0,
7364,1.092,55.93453540,37.38133140,0,183.645
7365,1.092,55.93453530,37.38133140,0,
7366,1.092,55.93453520,37.38133150,0,183.648
7367,1.092,55.93453520,37.38133150,0,
7368,1.092,55.93453510,37.38133150,0,183.646
7369,1.092,55.93453510,37.38133150,0,
7370,1.092,55.93453500,37.38133150,0,183.653
7371,1.092,55.93453500,37.38133150,0,
7372,1.092,55.93453490,37.38133150,0,183.648
7373,1.092,55.93453490,37.38133150,0,
7374,1.092,55.93453480,37.38133160,0,183.646
7375,1.092,55.93453480,37.38133160,0,
7376,1.1024,55.93453470,37.38133160,0,183.648
7377,1.1024,55.93453470,37.38133160,0,
7378,1.1024,55.93453460,37.38133160,0,183.645
7379,1.144,55.93453450,37.38133160,0,183.640
7380,1.1024,55.93453450,37.38133160,0,
7381,1.1544,55.93453440,37.38133160,0,183.639
7382,1.144,55.93453440,37.38133160,0,
7383,1.1544,55.93453430,37.38133160,0,183.642
7384,1.1544,55.93453430,37.38133160,0,
7385,1.1752,55.93453410,37.38133160,0,183.634
7386,1.1648,55.93453410,37.38133160,0,
7387,1.1648,55.93453400,37.38133160,0,183.641
7388,1.1752,55.93453400,37.38133160,0,
7389,1.1752,55.93453390,37.38133160,0,183.644
7390,1.1752,55.93453390,37.38133160,0,
7391,1.1856,55.93453380,37.38133160,0,183.641
7392,1.1752,55.93453380,37.38133160,0,
7393,1.1752,55.93453370,37.38133150,0,183.641
7394,1.1752,55.93453350,37.38133150,0,
7395,1.1752,55.93453350,37.38133150,0,183.648
7396,1.1856,55.93453340,37.38133150,0,
7397,1.1856,55.93453340,37.38133150,0,183.639
7398,1.1752,55.93453330,37.38133150,0,
7399,1.1752,55.93453330,37.38133150,0,183.641
7400,1.1752,55.93453320,37.38133140,0,
7401,1.1856,55.93453320,37.38133140,0,183.641
7402,1.1856,55.93453310,37.38133140,0,
7403,1.1856,55.93453310,37.38133140,0,183.647
7404,1.1856,55.93453300,37.38133140,0,183.650
7405,1.1856,55.93453300,37.38133140,0,
7406,1.1856,55.93453290,37.38133130,0,
7407,1.1856,55.93453280,37.38133130,0,183.647
7408,1.1856,55.93453280,37.38133130,0,
7409,1.1856,55.93453270,37.38133130,0,183.645
7410,1.1856,55.93453270,37.38133130,0,183.645
7411,1.1856,55.93453260,37.38133120,0,
7412,1.1856,55.93453260,37.38133120,0,183.646
7413,1.1856,55.93453250,37.38133120,0,
7414,1.1856,55.93453250,37.38133120,0,183.650
7415,1.1856,55.93453240,37.38133110,0,
7416,1.1856,55.93453240,37.38133110,0,183.651
7417,1.196,55.93453230,37.38133110,0,
7418,1.1856,55.93453230,37.38133110,0,183.646
7419,1.196,55.93453220,37.38133100,0,
7420,1.1856,55.93453220,37.38133100,0,183.647
7421,1.196,55.93453210,37.38133100,0,
7422,1.196,55.93453200,37.38133090,0,183.646
7423,1.196,55.93453200,37.38133090,0,
7424,1.196,55.93453190,37.38133080,0,183.649
7425,1.196,55.93453190,37.38133080,0,
7426,1.2064,55.93453170,37.38133080,0,183.649
7427,1.2064,55.93453170,37.38133080,0,
7428,1.2064,55.93453160,37.38133070,0,183.650
7429,1.2064,55.93453160,37.38133070,0,
7430,1.2064,55.93453150,37.38133060,0,183.648
7431,1.2168,55.93453150,37.38133060,0,
7432,1.2064,55.93453140,37.38133060,0,183.647
7433,1.2064,55.93453140,37.38133060,0,183.649
7434,1.2064,55.93453130,37.38133050,0,
7435,1.196,55.93453130,37.38133050,0,
7436,1.196,55.93453120,37.38133040,0,183.642
7437,1.2168,55.93453100,37.38133040,0,183.645
7438,1.2168,55.93453100,37.38133040,0,
7439,1.2168,55.93453090,37.38133030,0,183.647
7440,1.2064,55.93453090,37.38133030,0,
7441,1.2168,55.93453080,37.38133020,0,183.648
7442,1.2168,55.93453080,37.38133020,0,
7443,1.2168,55.93453060,37.38133020,0,183.645
7444,1.2168,55.93453060,37.38133020,0,
7445,1.2168,55.93453050,37.38133010,0,183.643
7446,1.2168,55.93453050,37.38133010,0,
7447,1.2168,55.93453030,37.38133000,0,183.645
7448,1.2168,55.93453020,37.38133000,0,
7449,1.2272,55.93453020,37.38133000,0,183.644
7450,1.2272,55.93453000,37.38132990,0,
7451,1.2272,55.93453000,37.38132990,0,183.639
7452,1.2272,55.93452990,37.38132980,0,
7453,1.2272,55.93452990,37.38132980,0,183.637
7454,1.2272,55.93452970,37.38132980,0,
7455,1.2272,55.93452970,37.38132980,0,183.641
7456,1.2376,55.93452950,37.38132970,0,
7457,1.2272,55.93452950,37.38132970,0,183.639
7458,1.2272,55.93452930,37.38132960,0,183.639
7459,1.2376,55.93452930,37.38132960,0,
7460,1.2272,55.93452920,37.38132960,0,183.641
7461,1.2376,55.93452920,37.38132960,0,
7462,1.2376,55.93452900,37.38132950,0,183.642
7463,1.2376,55.93452900,37.38132950,0,
7464,1.2376,55.93452880,37.38132940,0,183.646
7465,1.2376,55.93452880,37.38132940,0,
7466,1.2376,55.93452860,37.38132940,0,183.645
7467,1.2376,55.93452840,37.38132930,0,
7468,1.2376,55.93452840,37.38132930,0,183.626
7469,1.248,55.93452780,37.38132880,0,
7470,1.248,55.93452780,37.38132880,0,183.640
7471,1.2584,55.93452670,37.38132780,0,
7472,1.2584,55.93452670,37.38132780,0,183.649
7473,1.2584,55.93452540,37.38132650,0,
7474,1.2688,55.93452540,37.38132650,0,183.645
7475,1.2688,55.93452380,37.38132490,0,
7476,1.2792,55.93452380,37.38132490,0,183.640
7477,1.2792,55.93452170,37.38132280,0,
7478,1.3,55.93452170,37.38132280,0,183.654
7479,1.3104,55.93451960,37.38132060,0,
7480,1.3312,55.93451720,37.38131830,0,183.640
7481,1.3416,55.93451720,37.38131830,0,
7482,1.3312,55.93451460,37.38131560,0,183.644
7483,1.3208,55.93451460,37.38131560,0,
7484,1.3312,55.93451210,37.38131300,0,183.625
7485,1.352,55.93451210,37.38131300,0,
7486,1.3624,55.93450930,37.38131010,0,183.634
7487,1.3832,55.93450930,37.38131010,0,183.651
7488,1.3936,55.93450670,37.38130740,0,
7489,1.4248,55.93450670,37.38130740,0,183.635
7490,1.4248,55.93450410,37.38130460,0,
7491,1.4352,55.93450410,37.38130460,0,
7492,1.456,55.93450130,37.38130160,0,183.637
7493,1.4664,55.93450130,37.38130160,0,183.643
7494,1.4768,55.93449880,37.38129900,0,
7495,1.4768,55.93449880,37.38129900,0,183.643
7496,1.4768,55.93449630,37.38129660,0,
7497,1.4664,55.93449390,37.38129440,0,183.642
7498,1.4768,55.93449390,37.38129440,0,
7499,1.4664,55.93449160,37.38129240,0,183.642
7500,1.4664,55.93449160,37.38129240,0,
7501,1.4664,55.93448940,37.38129080,0,183.641
7502,1.456,55.93448940,37.38129080,0,
7503,1.4664,55.93448720,37.38128930,0,183.648
7504,1.4664,55.93448720,37.38128930,0,
7505,1.4664,55.93448500,37.38128790,0,183.639
7506,1.4664,55.93448500,37.38128790,0,
7507,1.4768,55.93448270,37.38128670,0,183.640
7508,1.4664,55.93448050,37.38128560,0,
7509,1.4768,55.93448050,37.38128560,0,183.656
7510,1.4768,55.93447810,37.38128470,0,
7511,1.4872,55.93447810,37.38128470,0,183.645
7512,1.4872,55.93447580,37.38128400,0,183.646
7513,1.4976,55.93447580,37.38128400,0,
7514,1.4768,55.93447350,37.38128340,0,183.643
7515,1.4872,55.93447350,37.38128340,0,
7516,1.4976,55.93447100,37.38128300,0,183.645
7517,1.4976,55.93447100,37.38128300,0,
7518,1.508,55.93446870,37.38128290,0,183.642
7519,1.4976,55.93446870,37.38128290,0,
7520,1.508,55.93446620,37.38128300,0,183.641
7521,1.508,55.93446620,37.38128300,0,
7522,1.508,55.93446390,37.38128320,0,183.633
7523,1.5184,55.93446150,37.38128360,0,
7524,1.5288,55.93446150,37.38128360,0,183.632
7525,1.5288,55.93445910,37.38128430,0,
7526,1.5184,55.93445910,37.38128430,0,183.633
7527,1.4872,55.93445680,37.38128520,0,
7528,1.4664,55.93445680,37.38128520,0,183.635
7529,1.4768,55.93445450,37.38128620,0,
7530,1.4768,55.93445450,37.38128620,0,183.636
7531,1.4664,55.93445220,37.38128740,0,
7532,1.456,55.93445220,37.38128740,0,183.656
7533,1.4352,55.93444980,37.38128880,0,
7534,1.4248,55.93444980,37.38128880,0,183.655
7535,1.404,55.93444760,37.38129040,0,
7536,1.3832,55.93444760,37.38129040,0,183.651
7537,1.3416,55.93444530,37.38129220,0,
7538,1.3312,55.93444320,37.38129400,0,183.652
7539,1.3312,55.93444320,37.38129400,0,183.653
7540,1.3416,55.93444090,37.38129630,0,
7541,1.3312,55.93444090,37.38129630,0,183.640
7542,1.352,55.93443870,37.38129840,0,
7543,1.3416,55.93443870,37.38129840,0,183.644
7544,1.352,55.93443660,37.38130080,0,
7545,1.3416,55.93443660,37.38130080,0,183.636
7546,1.352,55.93443440,37.38130340,0,
7547,1.352,55.93443440,37.38130340,0,183.642
7548,1.352,55.93443240,37.38130600,0,
7549,1.352,55.93443030,37.38130890,0,183.629
7550,1.352,55.93443030,37.38130890,0,
7551,1.352,55.93442820,37.38131180,0,183.639
7552,1.352,55.93442820,37.38131180,0,
7553,1.3624,55.93442610,37.38131480,0,183.635
7554,1.3624,55.93442610,37.38131480,0,
7555,1.3624,55.93442400,37.38131800,0,183.638
7556,1.3624,55.93442400,37.38131800,0,
7557,1.3624,55.93442180,37.38132140,0,183.635
7558,1.3728,55.93442180,37.38132140,0,
7559,1.3624,55.93441970,37.38132460,0,183.634
7560,1.3624,55.93441970,37.38132460,0,
7561,1.3728,55.93441760,37.38132800,0,183.635
7562,1.3728,55.93441760,37.38132800,0,183.634
7563,1.3624,55.93441560,37.38133130,0,
7564,1.352,55.93441560,37.38133130,0,
7565,1.3832,55.93441360,37.38133460,0,183.630
7566,1.3832,55.93441150,37.38133810,0,183.631
7567,1.3936,55.93441150,37.38133810,0,
7568,1.3832,55.93440960,37.38134140,0,183.633
7569,1.3936,55.93440960,37.38134140,0,
7570,1.3832,55.93440750,37.38134500,0,183.632
7571,1.3936,55.93440750,37.38134500,0,
7572,1.3936,55.93440560,37.38134830,0,183.626
7573,1.3936,55.93440560,37.38134830,0,
7574,1.3936,55.93440360,37.38135190,0,183.629
7575,1.3936,55.93440360,37.38135190,0,
7576,1.3936,55.93440170,37.38135540,0,183.624
7577,1.3728,55.93440170,37.38135540,0,
7578,1.3728,55.93439990,37.38135880,0,183.621
7579,1.3936,55.93439990,37.38135880,0,
7580,1.404,55.93439800,37.38136220,0,183.637
7581,1.404,55.93439800,37.38136220,0,
7582,1.404,55.93439650,37.38136500,0,183.637
7583,1.404,55.93439500,37.38136790,0,
7584,1.404,55.93439500,37.38136790,0,183.628
7585,1.404,55.93439360,37.38137070,0,
7586,1.3936,55.93439360,37.38137070,0,183.636
7587,1.3936,55.93439240,37.38137340,0,
7588,1.404,55.93439240,37.38137340,0,183.641
7589,1.404,55.93439130,37.38137610,0,
7590,1.404,55.93439130,37.38137610,0,183.658
7591,1.404,55.93439010,37.38137920,0,183.654
7592,1.404,55.93439010,37.38137920,0,
7593,1.4144,55.93438910,37.38138210,0,183.658
7594,1.4248,55.93438910,37.38138210,0,
7595,1.4248,55.93438810,37.38138530,0,183.650
7596,1.4248,55.93438720,37.38138850,0,
7597,1.4248,55.93438720,37.38138850,0,183.645
7598,1.4248,55.93438650,37.38139160,0,
7599,1.3936,55.93438650,37.38139160,0,183.638
7600,1.404,55.93438590,37.38139500,0,
7601,1.4248,55.93438590,37.38139500,0,183.636
7602,1.4248,55.93438540,37.38139820,0,
7603,1.4248,55.93438540,37.38139820,0,183.634
7604,1.4248,55.93438500,37.38140150,0,
7605,1.4248,55.93438500,37.38140150,0,183.637
7606,1.4248,55.93438470,37.38140470,0,
7607,1.4248,55.93438470,37.38140470,0,183.636
7608,1.4248,55.93438460,37.38140800,0,
7609,1.4248,55.93438460,37.38140800,0,183.645
7610,1.4248,55.93438450,37.38141110,0,
7611,1.4248,55.93438460,37.38141430,0,183.647
7612,1.4248,55.93438460,37.38141430,0,
7613,1.4248,55.93438480,37.38141760,0,183.654
7614,1.4352,55.93438480,37.38141760,0,
7615,1.4352,55.93438510,37.38142070,0,183.655
7616,1.4248,55.93438510,37.38142070,0,183.649
7617,1.4248,55.93438540,37.38142410,0,
7618,1.4352,55.93438540,37.38142410,0,183.634
7619,1.4248,55.93438590,37.38142720,0,
7620,1.4248,55.93438590,37.38142720,0,183.641
7621,1.4248,55.93438650,37.38143050,0,
7622,1.4248,55.93438710,37.38143350,0,183.642
7623,1.4248,55.93438710,37.38143350,0,
7624,1.4248,55.93438790,37.38143650,0,183.635
7625,1.4248,55.93438790,37.38143650,0,
7626,1.4248,55.93438870,37.38143930,0,183.638
7627,1.4248,55.93438870,37.38143930,0,
7628,1.4248,55.93438970,37.38144220,0,183.633
7629,1.4248,55.93438970,37.38144220,0,
7630,1.4248,55.93439080,37.38144490,0,183.637
7631,1.4352,55.93439080,37.38144490,0,
7632,1.4352,55.93439190,37.38144750,0,183.643
7633,1.4248,55.93439190,37.38144750,0,
7634,1.4144,55.93439320,37.38145010,0,183.639
7635,1.4352,55.93439320,37.38145010,0,
7636,1.4352,55.93439440,37.38145250,0,183.643
7637,1.4248,55.93439440,37.38145250,0,
7638,1.4352,55.93439590,37.38145500,0,183.637
7639,1.4352,55.93439730,37.38145710,0,
7640,1.4456,55.93439730,37.38145710,0,183.639
7641,1.4456,55.93439880,37.38145900,0,
7642,1.4456,55.93439880,37.38145900,0,183.637
7643,1.4352,55.93440040,37.38146090,0,
7644,1.4248,55.93440040,37.38146090,0,183.639
7645,1.4248,55.93440210,37.38146260,0,183.642
7646,1.4248,55.93440210,37.38146260,0,
7647,1.4144,55.93440380,37.38146410,0,
7648,1.4144,55.93440380,37.38146410,0,183.645
7649,1.404,55.93440560,37.38146550,0,183.641
7650,1.404,55.93440560,37.38146550,0,
7651,1.4144,55.93440730,37.38146660,0,183.638
7652,1.4144,55.93440910,37.38146750,0,
7653,1.404,55.93440910,37.38146750,0,183.638
7654,1.404,55.93441100,37.38146830,0,
7655,1.4144,55.93441100,37.38146830,0,183.640
7656,1.404,55.93441290,37.38146890,0,
7657,1.404,55.93441290,37.38146890,0,183.647
7658,1.404,55.93441490,37.38146930,0,
7659,1.404,55.93441490,37.38146930,0,183.638
7660,1.404,55.93441680,37.38146940,0,
7661,1.3936,55.93441680,37.38146940,0,183.648
7662,1.3936,55.93441870,37.38146940,0,
7663,1.404,55.93441870,37.38146940,0,183.645
7664,1.404,55.93442070,37.38146920,0,
7665,1.404,55.93442070,37.38146920,0,183.646
7666,1.404,55.93442250,37.38146870,0,
7667,1.3936,55.93442440,37.38146810,0,183.645
7668,1.404,55.93442440,37.38146810,0,
7669,1.404,55.93442630,37.38146730,0,183.644
7670,1.404,55.93442630,37.38146730,0,183.642
7671,1.3936,55.93442810,37.38146630,0,
7672,1.3936,55.93442810,37.38146630,0,183.642
7673,1.404,55.93442990,37.38146520,0,
7674,1.404,55.93442990,37.38146520,0,183.642
7675,1.3936,55.93443170,37.38146380,0,
7676,1.3936,55.93443170,37.38146380,0,183.638
7677,1.3936,55.93443340,37.38146220,0,
7678,1.3936,55.93443340,37.38146220,0,183.645
7679,1.3936,55.93443510,37.38146060,0,
7680,1.3936,55.93443510,37.38146060,0,183.649
7681,1.3936,55.93443650,37.38145910,0,
7682,1.3936,55.93443800,37.38145750,0,183.636
7683,1.3936,55.93443800,37.38145750,0,
7684,1.3936,55.93443930,37.38145590,0,183.632
7685,1.3936,55.93443930,37.38145590,0,
7686,1.3728,55.93444080,37.38145400,0,183.630
7687,1.3728,55.93444080,37.38145400,0,
7688,1.3936,55.93444230,37.38145190,0,183.629
7689,1.3936,55.93444230,37.38145190,0,
7690,1.3936,55.93444390,37.38144970,0,183.630
7691,1.3936,55.93444390,37.38144970,0,
7692,1.3936,55.93444580,37.38144720,0,183.625
7693,1.3936,55.93444580,37.38144720,0,
7694,1.3832,55.93444760,37.38144470,0,183.627
7695,1.3936,55.93444950,37.38144210,0,
7696,1.3728,55.93444950,37.38144210,0,183.642
7697,1.3728,55.93445150,37.38143930,0,
7698,1.3832,55.93445150,37.38143930,0,183.630
7699,1.3832,55.93445350,37.38143650,0,183.632
7700,1.3728,55.93445350,37.38143650,0,
7701,1.3832,55.93445550,37.38143390,0,183.639
7702,1.3728,55.93445550,37.38143390,0,
7703,1.3728,55.93445750,37.38143120,0,183.626
7704,1.3728,55.93445750,37.38143120,0,
7705,1.3624,55.93445940,37.38142870,0,183.640
7706,1.3624,55.93445940,37.38142870,0,
7707,1.3728,55.93446130,37.38142620,0,183.637
7708,1.3728,55.93446330,37.38142360,0,
7709,1.3728,55.93446330,37.38142360,0,183.647
7710,1.3728,55.93446520,37.38142130,0,
7711,1.3624,55.93446520,37.38142130,0,183.638
7712,1.3728,55.93446720,37.38141880,0,
7713,1.3728,55.93446720,37.38141880,0,183.642
7714,1.352,55.93446920,37.38141640,0,
7715,1.352,55.93446920,37.38141640,0,183.640
7716,1.3728,55.93447110,37.38141410,0,
7717,1.3728,55.93447110,37.38141410,0,183.636
7718,1.3624,55.93447330,37.38141160,0,
7719,1.3624,55.93447330,37.38141160,0,183.637
7720,1.3832,55.93447530,37.38140930,0,183.641
7721,1.3832,55.93447530,37.38140930,0,
7722,1.3832,55.93447750,37.38140690,0,183.637
7723,1.3728,55.93447750,37.38140690,0,
7724,1.3728,55.93447960,37.38140460,0,
7725,1.3832,55.93448170,37.38140220,0,183.643
7726,1.3728,55.93448170,37.38140220,0,
7727,1.3728,55.93448360,37.38140000,0,183.650
7728,1.3832,55.93448360,37.38140000,0,183.649
7729,1.3728,55.93448570,37.38139760,0,
7730,1.3832,55.93448570,37.38139760,0,183.647
7731,1.3728,55.93448760,37.38139530,0,
7732,1.3832,55.93448760,37.38139530,0,183.646
7733,1.3832,55.93448970,37.38139300,0,
7734,1.3832,55.93448970,37.38139300,0,183.639
7735,1.3728,55.93449170,37.38139070,0,
7736,1.3936,55.93449170,37.38139070,0,183.635
7737,1.3936,55.93449380,37.38138830,0,
7738,1.3936,55.93449380,37.38138830,0,183.638
7739,1.3936,55.93449580,37.38138600,0,
7740,1.3936,55.93449780,37.38138380,0,183.638
7741,1.404,55.93449780,37.38138380,0,
7742,1.404,55.93450000,37.38138140,0,183.641
7743,1.4144,55.93450000,37.38138140,0,
7744,1.404,55.93450200,37.38137910,0,183.648
7745,1.404,55.93450200,37.38137910,0,
7746,1.4248,55.93450410,37.38137680,0,183.647
7747,1.4456,55.93450410,37.38137680,0,
7748,1.4456,55.93450610,37.38137450,0,183.644
7749,1.4664,55.93450610,37.38137450,0,183.650
7750,1.4768,55.93450810,37.38137230,0,
7751,1.4768,55.93450810,37.38137230,0,183.650
7752,1.4768,55.93451020,37.38137000,0,
7753,1.4872,55.93451210,37.38136790,0,183.655
7754,1.4976,55.93451210,37.38136790,0,
7755,1.4976,55.93451420,37.38136570,0,183.650
7756,1.508,55.93451420,37.38136570,0,
7757,1.5184,55.93451610,37.38136360,0,183.647
7758,1.5184,55.93451610,37.38136360,0,
7759,1.508,55.93451790,37.38136160,0,183.657
7760,1.5184,55.93451790,37.38136160,0,
7761,1.508,55.93451960,37.38135980,0,183.655
7762,1.5184,55.93451960,37.38135980,0,
7763,1.5184,55.93452110,37.38135810,0,183.643
7764,1.508,55.93452110,37.38135810,0,
7765,1.5184,55.93452250,37.38135660,0,183.634
7766,1.5184,55.93452250,37.38135660,0,
7767,1.508,55.93452370,37.38135520,0,183.628
7768,1.508,55.93452370,37.38135520,0,
7769,1.4976,55.93452490,37.38135390,0,183.626
7770,1.4872,55.93452600,37.38135270,0,
7771,1.4872,55.93452600,37.38135270,0,183.645
7772,1.4768,55.93452700,37.38135160,0,
7773,1.4768,55.93452700,37.38135160,0,183.636
7774,1.4664,55.93452800,37.38135060,0,183.635
7775,1.4664,55.93452800,37.38135060,0,
7776,1.456,55.93452890,37.38134970,0,183.638
7777,1.456,55.93452890,37.38134970,0,
7778,1.4456,55.93452980,37.38134880,0,183.644
7779,1.4352,55.93452980,37.38134880,0,
7780,1.4144,55.93453060,37.38134800,0,183.651
7781,1.4144,55.93453060,37.38134800,0,
7782,1.404,55.93453150,37.38134720,0,183.655
7783,1.3936,55.93453230,37.38134640,0,
7784,1.3936,55.93453230,37.38134640,0,183.647
7785,1.3728,55.93453320,37.38134560,0,
7786,1.3624,55.93453320,37.38134560,0,183.650
7787,1.352,55.93453390,37.38134490,0,
7788,1.3416,55.93453390,37.38134490,0,183.639
7789,1.3416,55.93453470,37.38134420,0,
7790,1.3312,55.93453470,37.38134420,0,183.652
7791,1.3104,55.93453540,37.38134360,0,
7792,1.3,55.93453540,37.38134360,0,183.660
7793,1.3,55.93453610,37.38134300,0,
7794,1.2896,55.93453610,37.38134300,0,183.663
7795,1.2792,55.93453680,37.38134250,0,
7796,1.2688,55.93453750,37.38134200,0,183.666
7797,1.2584,55.93453750,37.38134200,0,
7798,1.2376,55.93453820,37.38134140,0,183.655
7799,1.2376,55.93453820,37.38134140,0,
7800,1.2064,55.93453880,37.38134100,0,183.638
7801,1.196,55.93453880,37.38134100,0,
7802,1.1544,55.93453940,37.38134050,0,183.650
7803,1.144,55.93453940,37.38134050,0,183.647
7804,1.092,55.93454000,37.38134010,0,
7805,1.1128,55.93454000,37.38134010,0,183.643
7806,1.0504,55.93454050,37.38133970,0,
7807,1.0816,55.93454050,37.38133970,0,183.651
7808,1.0816,55.93454110,37.38133940,0,
7809,1.0816,55.93454110,37.38133940,0,183.647
7810,1.0816,55.93454170,37.38133900,0,
7811,1.0816,55.93454170,37.38133900,0,183.647
7812,1.0712,55.93454220,37.38133870,0,
7813,1.0504,55.93454270,37.38133830,0,183.638
7814,1.04,55.93454270,37.38133830,0,
7815,1.0296,55.93454320,37.38133800,0,183.642
7816,1.0088,55.93454320,37.38133800,0,
7817,0.988,55.93454370,37.38133770,0,183.655
7818,0.9568,55.93454370,37.38133770,0,
7819,0.936,55.93454430,37.38133740,0,183.657
7820,0.9152,55.93454430,37.38133740,0,
7821,0.8944,55.93454480,37.38133710,0,183.662
7822,0.884,55.93454480,37.38133710,0,
7823,0.8632,55.93454520,37.38133690,0,183.654
7824,0.8528,55.93454520,37.38133690,0,
7825,0.832,55.93454570,37.38133660,0,183.645
7826,0.8216,55.93454620,37.38133640,0,183.644
7827,0.7904,55.93454620,37.38133640,0,
7828,0.78,55.93454660,37.38133610,0,183.651
7829,0.78,55.93454660,37.38133610,0,
7830,0.7696,55.93454710,37.38133590,0,183.664
7831,0.3536,55.93454710,37.38133590,0,
7832,0.3536,55.93454750,37.38133570,0,183.660
7833,0.2912,55.93454750,37.38133570,0,
7834,0.2704,55.93454800,37.38133550,0,183.653
7835,0.2704,55.93454800,37.38133550,0,
7836,0.2704,55.93454840,37.38133540,0,183.649
7837,0.26,55.93454840,37.38133540,0,
7838,0.26,55.93454870,37.38133520,0,183.649
7839,0.26,55.93454870,37.38133520,0,
7840,0.26,55.93454900,37.38133510,0,183.652
7841,0.26,55.93454910,37.38133500,0,
7842,0.26,55.93454910,37.38133500,0,183.640
7843,0.26,55.93454900,37.38133510,0,
7844,0.26,55.93454900,37.38133510,0,183.650
7845,0.26,55.93454880,37.38133530,0,
7846,0.26,55.93454880,37.38133530,0,183.648
7847,0.26,55.93454860,37.38133560,0,
7848,0.2704,55.93454860,37.38133560,0,183.650
7849,0.2704,55.93454840,37.38133580,0,
7850,0.2808,55.93454840,37.38133580,0,183.655
7851,0.2808,55.93454820,37.38133610,0,
7852,0.2808,55.93454820,37.38133610,0,183.656
7853,0.2912,55.93454800,37.38133630,0,
7854,0.2912,55.93454780,37.38133650,0,183.644
7855,0.2912,55.93454780,37.38133650,0,
7856,0.2912,55.93454750,37.38133680,0,183.646
7857,0.3016,55.93454750,37.38133680,0,183.653
7858,0.3016,55.93454740,37.38133700,0,
7859,0.3016,55.93454740,37.38133700,0,183.654
7860,0.312,55.93454720,37.38133720,0,
7861,0.312,55.93454720,37.38133720,0,183.648
7862,0.312,55.93454710,37.38133740,0,
7863,0.3224,55.93454710,37.38133740,0,183.647
7864,0.3224,55.93454690,37.38133750,0,
7865,0.3224,55.93454690,37.38133750,0,183.650
7866,0.3328,55.93454680,37.38133770,0,
7867,0.3328,55.93454680,37.38133770,0,183.640
7868,0.3328,55.93454680,37.38133780,0,
7869,0.3328,55.93454670,37.38133790,0,183.660
7870,0.3432,55.93454670,37.38133790,0,
7871,0.3432,55.93454660,37.38133800,0,183.659
7872,0.3432,55.93454660,37.38133800,0,
7873,0.3536,55.93454650,37.38133810,0,183.654
7874,0.8528,55.93454650,37.38133810,0,
7875,0.8528,55.93454650,37.38133820,0,183.656
7876,0.8632,55.93454650,37.38133820,0,
7877,0.8528,55.93454640,37.38133830,0,183.658
7878,0.8528,55.93454640,37.38133830,0,183.649
7879,0.8528,55.93454640,37.38133830,0,
7880,0.8528,55.93454640,37.38133830,0,
7881,0.8528,55.93454630,37.38133840,0,183.649
7882,0.8424,55.93454630,37.38133840,0,183.656
7883,0.8528,55.93454630,37.38133850,0,
7884,0.8528,55.93454630,37.38133850,0,183.662
7885,0.8528,55.93454620,37.38133860,0,
7886,0.8528,55.93454610,37.38133860,0,183.656
7887,0.8528,55.93454610,37.38133860,0,
7888,0.8632,55.93454610,37.38133870,0,183.640
7889,0.8632,55.93454610,37.38133870,0,
7890,0.8632,55.93454600,37.38133870,0,183.646
7891,0.8632,55.93454600,37.38133870,0,
7892,0.8632,55.93454600,37.38133880,0,183.652
7893,0.8632,55.93454600,37.38133880,0,
7894,0.884,55.93454590,37.38133880,0,183.647
7895,0.8736,55.93454590,37.38133880,0,
7896,0.884,55.93454580,37.38133880,0,183.651
7897,0.884,55.93454580,37.38133880,0,
7898,0.884,55.93454580,37.38133890,0,183.652
7899,0.8944,55.93454570,37.38133890,0,
7900,0.8736,55.93454570,37.38133890,0,183.656
7901,0.884,55.93454560,37.38133890,0,
7902,0.884,55.93454560,37.38133890,0,183.659
7903,0.884,55.93454560,37.38133890,0,
7904,0.8736,55.93454560,37.38133890,0,183.653
7905,0.8944,55.93454550,37.38133900,0,
7906,0.8944,55.93454550,37.38133900,0,183.658
7907,0.8944,55.93454540,37.38133900,0,183.657
7908,0.8944,55.93454540,37.38133900,0,
7909,0.8944,55.93454530,37.38133900,0,183.661
7910,0.9048,55.93454530,37.38133900,0,
7911,0.8944,55.93454530,37.38133900,0,183.656
7912,0.8944,55.93454530,37.38133900,0,
7913,0.8944,55.93454520,37.38133900,0,183.659
7914,0.9152,55.93454510,37.38133900,0,
7915,0.9048,55.93454510,37.38133900,0,183.663
7916,0.936,55.93454510,37.38133910,0,
7917,0.9152,55.93454510,37.38133910,0,183.651
7918,0.9152,55.93454500,37.38133910,0,
7919,0.9256,55.93454500,37.38133910,0,183.647
7920,0.9152,55.93454500,37.38133910,0,
7921,0.9152,55.93454500,37.38133910,0,183.650
7922,0.9048,55.93454490,37.38133910,0,
7923,0.9152,55.93454490,37.38133910,0,183.656
7924,0.9256,55.93454480,37.38133920,0,
7925,0.9256,55.93454480,37.38133920,0,183.651
7926,0.9152,55.93454480,37.38133910,0,
7927,0.9152,55.93454470,37.38133910,0,183.654
7928,0.9152,55.93454470,37.38133910,0,
7929,0.9152,55.93454470,37.38133910,0,183.662
7930,0.9152,55.93454470,37.38133910,0,
7931,0.9256,55.93454460,37.38133910,0,183.668
7932,0.9256,55.93454460,37.38133910,0,183.666
7933,0.9256,55.93454450,37.38133910,0,
7934,0.9152,55.93454450,37.38133910,0,183.669
7935,0.9152,55.93454450,37.38133900,0,
7936,0.936,55.93454450,37.38133900,0,183.663
7937,0.9256,55.93454440,37.38133900,0,
7938,0.9256,55.93454440,37.38133900,0,183.666
7939,0.9256,55.93454430,37.38133900,0,
7940,0.9152,55.93454430,37.38133900,0,183.661
7941,0.9256,55.93454430,37.38133890,0,
7942,0.936,55.93454420,37.38133890,0,183.666
7943,0.936,55.93454420,37.38133890,0,
7944,0.936,55.93454410,37.38133880,0,183.659
7945,0.936,55.93454410,37.38133880,0,
7946,0.936,55.93454410,37.38133880,0,183.661
7947,0.936,55.93454410,37.38133880,0,
7948,0.936,55.93454400,37.38133870,0,183.657
7949,0.9152,55.93454400,37.38133870,0,
7950,0.9464,55.93454390,37.38133860,0,183.654
7951,0.9568,55.93454390,37.38133860,0,
7952,0.936,55.93454390,37.38133860,0,183.656
7953,0.9256,55.93454390,37.38133860,0,
7954,0.936,55.93454380,37.38133850,0,183.657
7955,0.936,55.93454380,37.38133850,0,
7956,0.936,55.93454370,37.38133840,0,183.658
7957,0.936,55.93454370,37.38133840,0,183.654
7958,0.936,55.93454370,37.38133840,0,
7959,0.9464,55.93454360,37.38133830,0,183.656
7960,0.9256,55.93454360,37.38133830,0,
7961,0.936,55.93454350,37.38133820,0,183.652
7962,0.9256,55.93454350,37.38133820,0,
7963,0.9256,55.93454350,37.38133820,0,183.658
7964,0.9256,55.93454350,37.38133820,0,
7965,0.936,55.93454340,37.38133810,0,183.654
7966,0.936,55.93454340,37.38133810,0,
7967,0.936,55.93454330,37.38133800,0,183.653
7968,0.936,55.93454330,37.38133800,0,
7969,0.9568,55.93454330,37.38133790,0,183.652
7970,0.9256,55.93454320,37.38133780,0,
7971,0.9568,55.93454320,37.38133780,0,183.652
7972,0.9464,55.93454310,37.38133770,0,
7973,0.936,55.93454310,37.38133770,0,183.650
7974,0.9464,55.93454310,37.38133760,0,
7975,0.9672,55.93454310,37.38133760,0,183.666
7976,0.9568,55.93454300,37.38133750,0,
7977,0.9464,55.93454300,37.38133750,0,183.665
7978,0.936,55.93454290,37.38133740,0,
7979,0.936,55.93454290,37.38133740,0,183.667
7980,0.9464,55.93454280,37.38133730,0,
7981,0.9256,55.93454280,37.38133730,0,183.664
7982,0.9568,55.93454280,37.38133720,0,
7983,0.9464,55.93454270,37.38133710,0,183.665
7984,0.9776,55.93454270,37.38133710,0,
7985,0.9776,55.93454260,37.38133700,0,183.662
7986,0.9256,55.93454260,37.38133700,0,183.664
7987,0.9568,55.93454260,37.38133690,0,
7988,0.9256,55.93454260,37.38133690,0,183.663
7989,0.9256,55.93454250,37.38133680,0,
7990,0.9776,55.93454250,37.38133680,0,183.658
7991,0.936,55.93454240,37.38133670,0,
7992,0.9464,55.93454240,37.38133670,0,183.660
7993,0.9568,55.93454230,37.38133660,0,
7994,0.9776,55.93454230,37.38133660,0,183.659
7995,0.9672,55.93454230,37.38133660,0,
7996,0.9464,55.93454230,37.38133660,0,183.662
7997,0.9464,55.93454220,37.38133650,0,
7998,0.9672,55.93454220,37.38133650,0,183.657
7999,0.9776,55.93454210,37.38133640,0,
8000,0.9776,55.93454200,37.38133630,0,183.656
8001,0.9776,55.93454200,37.38133630,0,
8002,0.9672,55.93454200,37.38133620,0,183.661
8003,0.9776,55.93454200,37.38133620,0,
8004,0.9672,55.93454190,37.38133620,0,183.658
8005,0.9776,55.93454190,37.38133620,0,
8006,0.988,55.93454180,37.38133610,0,183.651
8007,0.9776,55.93454180,37.38133610,0,
8008,0.9776,55.93454170,37.38133600,0,183.651
8009,0.9776,55.93454170,37.38133600,0,
8010,0.9776,55.93454170,37.38133590,0,183.648
8011,0.988,55.93454160,37.38133590,0,183.650
8012,0.9776,55.93454160,37.38133590,0,
8013,0.9776,55.93454150,37.38133580,0,183.652
8014,0.988,55.93454150,37.38133580,0,
8015,0.9776,55.93454140,37.38133580,0,183.654
8016,0.9776,55.93454140,37.38133580,0,
8017,0.9776,55.93454140,37.38133570,0,183.640
8018,0.988,55.93454140,37.38133570,0,
8019,0.9984,55.93454130,37.38133560,0,183.645
8020,0.9984,55.93454130,37.38133560,0,
8021,0.9984,55.93454120,37.38133560,0,183.655
8022,0.9984,55.93454120,37.38133560,0,
8023,0.9984,55.93454110,37.38133550,0,183.647
8024,1.0088,55.93454110,37.38133550,0,
8025,1.0088,55.93454100,37.38133550,0,183.649
8026,1.0088,55.93454100,37.38133550,0,
8027,1.0192,55.93454100,37.38133540,0,183.644
8028,0.9984,55.93454090,37.38133530,0,
8029,0.9984,55.93454090,37.38133530,0,183.641
8030,1.0088,55.93454080,37.38133530,0,
8031,1.0088,55.93454080,37.38133530,0,183.643
8032,0.9984,55.93454070,37.38133520,0,
8033,0.9984,55.93454070,37.38133520,0,183.650
8034,1.0088,55.93454060,37.38133520,0,
8035,1.0088,55.93454060,37.38133520,0,183.655
8036,1.0088,55.93454050,37.38133510,0,
8037,1.0192,55.93454050,37.38133510,0,183.655
8038,1.0088,55.93454040,37.38133510,0,183.656
8039,1.0088,55.93454040,37.38133510,0,
8040,1.0088,55.93454040,37.38133510,0,183.652
8041,1.0088,55.93454030,37.38133500,0,
8042,1.0088,55.93454030,37.38133500,0,183.654
8043,1.0088,55.93454020,37.38133500,0,
8044,1.0192,55.93454020,37.38133500,0,183.648
8045,1.0192,55.93454010,37.38133490,0,
8046,1.0192,55.93454010,37.38133490,0,183.652
8047,1.0192,55.93454000,37.38133490,0,
8048,1.0088,55.93454000,37.38133490,0,183.652
8049,1.0088,55.93453990,37.38133490,0,
8050,1.0192,55.93453990,37.38133490,0,183.652
8051,1.0088,55.93453980,37.38133480,0,
8052,1.0192,55.93453980,37.38133480,0,183.651
8053,1.0192,55.93453970,37.38133480,0,
8054,1.0192,55.93453970,37.38133480,0,183.648
8055,1.0192,55.93453960,37.38133480,0,
8056,1.0088,55.93453950,37.38133470,0,183.643
8057,1.0192,55.93453950,37.38133470,0,
8058,1.0192,55.93453940,37.38133470,0,183.645
8059,1.0192,55.93453940,37.38133470,0,
8060,0.9984,55.93453930,37.38133470,0,183.645
8061,0.988,55.93453930,37.38133470,0,
8062,0.9776,55.93453930,37.38133460,0,183.639
8063,0.988,55.93453930,37.38133460,0,183.642
8064,0.9776,55.93453920,37.38133460,0,
8065,0.9776,55.93453920,37.38133460,0,183.641
8066,0.988,55.93453910,37.38133460,0,
8067,0.9776,55.93453910,37.38133460,0,183.650
8068,0.988,55.93453900,37.38133450,0,
8069,0.9568,55.93453890,37.38133450,0,183.650
8070,0.9568,55.93453890,37.38133450,0,
8071,0.9568,55.93453880,37.38133450,0,183.651
8072,3.9104,55.93453880,37.38133450,0,
8073,3.9104,55.93453870,37.38133450,0,183.647
8074,3.9,55.93453870,37.38133450,0,
8075,0.9464,55.93453860,37.38133440,0,183.652
8076,0.9464,55.93453860,37.38133440,0,
8077,0.9568,55.93453850,37.38133440,0,183.649
8078,0.9464,55.93453850,37.38133440,0,
8079,0.936,55.93453840,37.38133440,0,183.652
8080,0.9464,55.93453840,37.38133440,0,
8081,0.9464,55.93453830,37.38133440,0,183.643
8082,0.9464,55.93453830,37.38133440,0,
8083,0.9464,55.93453820,37.38133440,0,183.641
8084,0.9464,55.93453820,37.38133440,0,
8085,0.9568,55.93453820,37.38133440,0,183.642
8086,0.9568,55.93453810,37.38133440,0,
8087,0.9568,55.93453810,37.38133440,0,183.644
8088,0.9464,55.93453800,37.38133440,0,183.640
8089,0.9464,55.93453800,37.38133440,0,
8090,0.9568,55.93453790,37.38133440,0,183.642
8091,0.9568,55.93453790,37.38133440,0,
8092,0.9776,55.93453780,37.38133440,0,183.638
8093,0.9776,55.93453780,37.38133440,0,
8094,0.9776,55.93453770,37.38133440,0,183.641
8095,0.9776,55.93453770,37.38133440,0,
8096,0.9984,55.93453760,37.38133440,0,183.636
8097,0.9984,55.93453760,37.38133440,0,
8098,0.988,55.93453750,37.38133440,0,183.637
8099,0.988,55.93453750,37.38133440,0,
8100,1.0088,55.93453740,37.38133440,0,183.643
8101,1.0088,55.93453730,37.38133440,0,
8102,0.9984,55.93453730,37.38133440,0,183.640
8103,0.9984,55.93453720,37.38133440,0,
8104,1.0712,55.93453720,37.38133440,0,183.645
8105,1.0712,55.93453710,37.38133440,0,
8106,1.1336,55.93453710,37.38133440,0,183.644
8107,1.0712,55.93453710,37.38133440,0,
8108,1.0816,55.93453710,37.38133440,0,183.650
8109,1.1128,55.93453700,37.38133440,0,
8110,1.1336,55.93453700,37.38133440,0,183.647
8111,1.1336,55.93453690,37.38133440,0,
8112,1.1232,55.93453690,37.38133440,0,183.647
8113,1.1128,55.93453680,37.38133440,0,
8114,1.1232,55.93453670,37.38133440,0,183.648
8115,1.1128,55.93453670,37.38133440,0,
8116,1.1232,55.93453660,37.38133430,0,183.647
8117,1.1232,55.93453660,37.38133430,0,183.650
8118,1.1336,55.93453650,37.38133430,0,
8119,1.1336,55.93453650,37.38133430,0,183.651
8120,1.1336,55.93453640,37.38133430,0,
8121,1.1336,55.93453640,37.38133430,0,183.649
8122,1.1336,55.93453640,37.38133430,0,
8123,1.1336,55.93453640,37.38133430,0,183.649
8124,1.144,55.93453630,37.38133430,0,
8125,1.1336,55.93453630,37.38133430,0,183.650
8126,1.1336,55.93453620,37.38133430,0,
8127,1.1336,55.93453620,37.38133430,0,183.649
8128,1.1336,55.93453610,37.38133430,0,
8129,1.1336,55.93453600,37.38133430,0,183.645
8130,1.1336,55.93453600,37.38133430,0,
8131,1.144,55.93453590,37.38133430,0,183.648
8132,1.144,55.93453590,37.38133430,0,
8133,1.1544,55.93453590,37.38133430,0,183.644
8134,1.1544,55.93453590,37.38133430,0,
8135,1.144,55.93453580,37.38133430,0,183.639
8136,1.144,55.93453580,37.38133430,0,
8137,1.144,55.93453570,37.38133430,0,183.642
8138,1.144,55.93453570,37.38133430,0,
8139,1.1544,55.93453560,37.38133430,0,183.652
8140,1.1544,55.93453560,37.38133430,0,
8141,1.1544,55.93453550,37.38133420,0,183.652
8142,1.1544,55.93453550,37.38133420,0,183.652
8143,1.1544,55.93453550,37.38133420,0,
8144,1.1544,55.93453540,37.38133420,0,183.650
8145,1.1544,55.93453540,37.38133420,0,
8146,1.1648,55.93453530,37.38133420,0,183.654
8147,1.1544,55.93453530,37.38133420,0,
8148,1.1648,55.93453520,37.38133420,0,183.653
8149,1.1544,55.93453520,37.38133420,0,
8150,1.1544,55.93453520,37.38133420,0,183.657
8151,1.1544,55.93453520,37.38133420,0,
8152,1.1544,55.93453510,37.38133420,0,183.659
8153,1.1752,55.93453510,37.38133420,0,
8154,1.1752,55.93453500,37.38133420,0,183.659
8155,1.1752,55.93453500,37.38133420,0,
8156,1.1752,55.93453490,37.38133420,0,183.658
8157,1.1752,55.93453490,37.38133420,0,
8158,1.1752,55.93453490,37.38133420,0,183.656
8159,1.1752,55.93453480,37.38133420,0,
8160,1.1752,55.93453480,37.38133420,0,183.658
8161,1.1752,55.93453470,37.38133410,0,
8162,1.1856,55.93453470,37.38133410,0,183.654
8163,1.1752,55.93453460,37.38133410,0,
8164,1.1752,55.93453460,37.38133410,0,183.659
8165,1.1752,55.93453460,37.38133410,0,
8166,1.1752,55.93453460,37.38133410,0,183.659
8167,1.1752,55.93453450,37.38133410,0,
8168,1.1752,55.93453450,37.38133410,0,183.658
8169,1.1752,55.93453440,37.38133410,0,
8170,1.1856,55.93453440,37.38133410,0,183.655
8171,1.1856,55.93453440,37.38133410,0,183.661
8172,1.1856,55.93453440,37.38133410,0,
8173,1.1856,55.93453430,37.38133410,0,183.663
8174,1.1856,55.93453420,37.38133410,0,
8175,1.1856,55.93453420,37.38133410,0,183.661
8176,1.1856,55.93453410,37.38133410,0,
8177,1.1856,55.93453410,37.38133410,0,183.652
8178,1.1856,55.93453410,37.38133410,0,
8179,1.1856,55.93453410,37.38133410,0,183.653
8180,1.1856,55.93453400,37.38133410,0,
8181,1.1856,55.93453400,37.38133410,0,183.651
8182,1.1856,55.93453390,37.38133420,0,
8183,1.1856,55.93453390,37.38133420,0,183.649
8184,1.196,55.93453390,37.38133420,0,
8185,1.196,55.93453380,37.38133420,0,183.652
8186,1.196,55.93453380,37.38133420,0,
8187,1.196,55.93453370,37.38133420,0,183.645
8188,1.196,55.93453370,37.38133420,0,
8189,1.1856,55.93453360,37.38133420,0,183.642
8190,1.196,55.93453360,37.38133420,0,
8191,1.196,55.93453360,37.38133420,0,183.645
8192,1.2064,55.93453360,37.38133420,0,
8193,1.196,55.93453350,37.38133420,0,183.642
8194,1.2064,55.93453350,37.38133420,0,
8195,1.2064,55.93453340,37.38133420,0,183.642
8196,1.2064,55.93453340,37.38133420,0,183.650
8197,1.2064,55.93453330,37.38133420,0,
8198,1.2064,55.93453330,37.38133420,0,183.648
8199,1.2168,55.93453320,37.38133420,0,
8200,1.2168,55.93453320,37.38133420,0,183.646
8201,1.2064,55.93453320,37.38133420,0,
8202,1.2168,55.93453310,37.38133430,0,183.644
8203,1.2168,55.93453310,37.38133430,0,
8204,1.2168,55.93453300,37.38133430,0,183.641
8205,1.2168,55.93453300,37.38133430,0,
8206,1.2272,55.93453290,37.38133430,0,183.648
8207,1.2272,55.93453290,37.38133430,0,
8208,1.2272,55.93453280,37.38133430,0,183.643
8209,1.2168,55.93453280,37.38133430,0,
8210,1.2272,55.93453270,37.38133440,0,183.645
8211,1.2272,55.93453270,37.38133440,0,
8212,1.2272,55.93453270,37.38133440,0,183.647
8213,1.2272,55.93453270,37.38133440,0,
8214,1.2272,55.93453260,37.38133440,0,183.642
8215,1.2272,55.93453250,37.38133440,0,
8216,1.2376,55.93453250,37.38133440,0,183.643
8217,1.2376,55.93453240,37.38133450,0,
8218,1.2272,55.93453240,37.38133450,0,183.643
8219,1.2272,55.93453230,37.38133450,0,
8220,1.2272,55.93453230,37.38133450,0,183.644
8221,1.2376,55.93453230,37.38133450,0,183.643
8222,1.2376,55.93453230,37.38133450,0,
8223,1.2376,55.93453220,37.38133450,0,183.645
8224,1.2376,55.93453220,37.38133450,0,
8225,1.2376,55.93453210,37.38133460,0,183.647
8226,1.2376,55.93453210,37.38133460,0,
8227,1.2376,55.93453200,37.38133460,0,183.647
8228,1.2376,55.93453200,37.38133460,0,
8229,1.2376,55.93453190,37.38133460,0,183.645
8230,1.2376,55.93453180,37.38133460,0,
8231,1.2376,55.93453180,37.38133460,0,183.647
8232,1.2376,55.93453180,37.38133460,0,
8233,1.2376,55.93453180,37.38133460,0,183.647
8234,1.2376,55.93453170,37.38133470,0,
8235,1.2376,55.93453170,37.38133470,0,183.642
8236,1.2376,55.93453160,37.38133470,0,
8237,1.2376,55.93453160,37.38133470,0,183.637
8238,1.2376,55.93453150,37.38133470,0,
8239,1.248,55.93453150,37.38133470,0,183.637
8240,1.248,55.93453140,37.38133480,0,
8241,1.248,55.93453140,37.38133480,0,183.638
8242,1.248,55.93453130,37.38133480,0,
8243,1.248,55.93453130,37.38133480,0,183.641
8244,1.248,55.93453130,37.38133480,0,
8245,1.248,55.93453120,37.38133480,0,183.641
8246,1.248,55.93453120,37.38133480,0,183.643
8247,1.248,55.93453110,37.38133490,0,
8248,1.248,55.93453110,37.38133490,0,183.642
8249,1.248,55.93453100,37.38133490,0,
8250,1.248,55.93453100,37.38133490,0,183.647
8251,1.248,55.93453090,37.38133490,0,
8252,1.2584,55.93453090,37.38133490,0,183.645
8253,1.2584,55.93453090,37.38133500,0,
8254,1.2584,55.93453090,37.38133500,0,183.632
8255,1.2584,55.93453080,37.38133500,0,
8256,1.2584,55.93453080,37.38133500,0,183.630
8257,1.2584,55.93453070,37.38133510,0,
8258,1.2584,55.93453060,37.38133510,0,183.635
8259,1.2584,55.93453060,37.38133510,0,
8260,1.2688,55.93453050,37.38133510,0,183.639
8261,1.2584,55.93453050,37.38133510,0,
8262,1.2584,55.93453040,37.38133520,0,183.633
8263,1.2688,55.93453040,37.38133520,0,
8264,1.2688,55.93453030,37.38133520,0,183.639
8265,1.2688,55.93453030,37.38133520,0,
8266,1.2688,55.93453030,37.38133530,0,183.634
8267,1.2688,55.93453030,37.38133530,0,
8268,1.2688,55.93453020,37.38133530,0,183.637
8269,1.2688,55.93453020,37.38133530,0,
8270,1.2688,55.93453010,37.38133530,0,183.636
8271,1.2688,55.93453010,37.38133530,0,
8272,1.2688,55.93453000,37.38133540,0,183.633
8273,1.2792,55.93453000,37.38133540,0,
8274,1.2688,55.93453000,37.38133540,0,183.642
8275,1.2688,55.93452990,37.38133550,0,183.640
8276,1.2792,55.93452990,37.38133550,0,
8277,1.2792,55.93452980,37.38133550,0,183.637
8278,1.2792,55.93452980,37.38133550,0,
8279,1.2792,55.93452980,37.38133550,0,183.637
8280,1.2792,55.93452980,37.38133550,0,
8281,1.2792,55.93452970,37.38133560,0,183.635
8282,1.2792,55.93452970,37.38133560,0,
8283,1.2792,55.93452960,37.38133560,0,183.644
8284,1.2792,55.93452960,37.38133560,0,
8285,1.2792,55.93452960,37.38133560,0,183.637
8286,1.2792,55.93452950,37.38133570,0,
8287,1.2896,55.93452950,37.38133570,0,183.639
8288,1.2896,55.93452940,37.38133570,0,
8289,1.2896,55.93452940,37.38133570,0,183.637
8290,1.2896,55.93452940,37.38133580,0,
8291,1.2896,55.93452940,37.38133580,0,183.635
8292,1.3,55.93452930,37.38133580,0,
8293,1.2896,55.93452930,37.38133580,0,183.636
8294,1.2896,55.93452920,37.38133580,0,
8295,1.2896,55.93452920,37.38133580,0,183.641
8296,1.2896,55.93452920,37.38133580,0,
8297,1.2896,55.93452920,37.38133580,0,183.644
8298,1.3,55.93452910,37.38133580,0,
8299,1.3,55.93452910,37.38133580,0,183.644
8300,1.3,55.93452900,37.38133580,0,183.644
8301,1.2896,55.93452900,37.38133580,0,
8302,1.3,55.93452900,37.38133590,0,
8303,1.3,55.93452890,37.38133590,0,183.642
8304,1.3,55.93452890,37.38133590,0,
8305,1.3,55.93452890,37.38133590,0,183.643
8306,1.3,55.93452890,37.38133590,0,183.640
8307,1.3,55.93452880,37.38133590,0,
8308,1.3,55.93452880,37.38133590,0,183.640
8309,1.3,55.93452870,37.38133600,0,
8310,1.3,55.93452870,37.38133600,0,183.644
8311,1.3,55.93452870,37.38133600,0,
8312,1.3,55.93452870,37.38133600,0,183.639
8313,1.3,55.93452860,37.38133600,0,
8314,1.3,55.93452860,37.38133600,0,183.641
8315,1.3,55.93452850,37.38133600,0,
8316,1.3,55.93452850,37.38133600,0,183.636
8317,1.3,55.93452850,37.38133610,0,
8318,1.3,55.93452840,37.38133610,0,183.639
8319,1.3,55.93452840,37.38133610,0,
8320,1.3104,55.93452840,37.38133610,0,183.640
8321,1.3104,55.93452840,37.38133610,0,
8322,1.3104,55.93452830,37.38133610,0,183.640
8323,1.3104,55.93452830,37.38133610,0,
8324,1.3104,55.93452820,37.38133610,0,183.642
8325,1.3104,55.93452820,37.38133610,0,183.639
8326,1.3104,55.93452820,37.38133610,0,
8327,1.3104,55.93452820,37.38133610,0,
8328,1.3104,55.93452810,37.38133620,0,183.641
8329,1.3208,55.93452810,37.38133620,0,183.643
8330,1.3104,55.93452810,37.38133620,0,
8331,1.3208,55.93452800,37.38133620,0,183.649
8332,1.3208,55.93452800,37.38133620,0,
8333,1.3208,55.93452790,37.38133620,0,183.646
8334,1.3208,55.93452790,37.38133620,0,
8335,1.3208,55.93452790,37.38133630,0,183.644
8336,1.3208,55.93452790,37.38133630,0,
8337,1.3208,55.93452780,37.38133630,0,183.644
8338,1.3208,55.93452780,37.38133630,0,
8339,1.3208,55.93452770,37.38133630,0,183.647
8340,1.3208,55.93452770,37.38133630,0,
8341,1.3312,55.93452770,37.38133630,0,183.644
8342,1.3208,55.93452770,37.38133630,0,
8343,1.3312,55.93452760,37.38133630,0,183.641
8344,1.3312,55.93452760,37.38133630,0,
8345,1.3312,55.93452750,37.38133630,0,183.641
8346,1.3312,55.93452750,37.38133630,0,
8347,1.3312,55.93452750,37.38133640,0,183.644
8348,1.3312,55.93452740,37.38133640,0,
8349,1.3312,55.93452740,37.38133640,0,183.639
8350,1.3416,55.93452730,37.38133640,0,
8351,1.3312,55.93452730,37.38133640,0,183.637
8352,1.3312,55.93452720,37.38133640,0,183.636
8353,1.3312,55.93452720,37.38133640,0,
8354,1.3416,55.93452720,37.38133640,0,183.634
8355,1.3312,55.93452720,37.38133640,0,
8356,nan,55.93452710,37.38133640,0,183.631
8357,nan,55.93452710,37.38133640,0,
8358,nan,55.93452700,37.38133650,0,183.637
8359,nan,55.93452690,37.38133650,0,
8360,nan,55.93452690,37.38133650,0,183.639
8361,nan,55.93452680,37.38133650,0,
8362,nan,55.93452680,37.38133650,0,183.637
8363,nan,55.93452680,37.38133650,0,
8364,nan,55.93452680,37.38133650,0,183.635
8365,nan,55.93452670,37.38133650,0,
8366,nan,55.93452670,37.38133650,0,183.632
8367,nan,55.93452660,37.38133650,0,
8368,nan,55.93452660,37.38133650,0,183.635
8369,nan,55.93452650,37.38133650,0,
8370,nan,55.93452650,37.38133650,0,183.637
